tree
version=v4
num_class=1
num_tree_per_iteration=1
label_index=0
max_feature_idx=26
objective=lambdarank
feature_names=raw_momentum_252_5 obv_mom_soft_126_21_20 smart_residual_mom_189_42 rel_downside_beta_252 rel_upside_beta_63 smart_beta_smb_84 smart_beta_hml_252 downside_beta_42 smart_beta_mom_126 upside_beta_42 near_52w_ratio_252_raw size_mom_126 val_roc_pb_252 val_roc_pe_252 earnings_yield log_mcap val_mom_dist_252_21 val_mom_resid_126_252_10 gross_profitability filing_clock_expected_until short_flow_ratio market_corr beta_mkt_interact abnormal_volume gdelt_tone_x_attention_21 gdelt_attention_5 gdelt_abnormal_attention_5_60
feature_infos=[-0.86383821712244147:9.0625769336018127] [-2.4708329501253834:2.0061761446998765] [-0.27512101748440826:0.32322867071261296] [0.01:1] [0.01:1] [0.01:1] [0.01:1] [0.01:1] [0.01:1] [0.01:1] [0.01:1] [-2.2456929276422528:3.0516876095359713] [-2.6025863252895052:4.3295581454744276] [-6.1391979972464465:15.034044748892326] [0.01098901098901099:1] [0.011111111111111112:1] [0:1.3983047772213324] [-10.050546463876657:8.5826102369516448] [0.021276595744680851:1] [-213:313] [0.039367586539539944:0.90895781884550009] [-0.15784156815269682:0.93597265990877454] [-0.40708654727559618:0.26458698666636526] [-8.1745794109812806:6.7856860341635681] [-32.918770370307342:27.870741824102666] [0.69314718055994529:11.317874960109936] [-6.69409202488941:6.7383226922435444]
tree_sizes=3509 3584 3265 3461 3263 3380 3362 3462 3259 3582 3377 3509 3246 3472 3482 3143 3475 3033 2944 3581 3262 2840 3254 2623 3152 3497 2726 3496 3353 3050 3133 3469 3379 3261 3369 2406 2846 3593 3271 2733 3487 3168 2818 3065 3240 3264 3051 3383 3476 3390 3175 2735 2835 3260 2518 2849 3092 3357 3264 3375 3270 2490 2709 3372 3570 2619 2630 3276 3037 2943 3574 2930 3417 2842 3182 3185 2955 2730 3388 3061 3049 3062 3395 2831 2940 3066 2743 3382 3255 3190 2302 2624 3160 3050 2633 3053 3043 3139 2856 3180 3501 2724 3589 2534 2821 2407 3062 3290 3277 2709 3056 3168 3364 3062 3185 3164 3599 3162 2617 2621 2618 3157 3053 2434 3168 2653 2931 2856 3376 3056 2945 2622 2521 3061 2425 3146 3509 2413 3055 3261 3242 3168 2521 2727 3480 3279 2637 3068 3400 2634 3495 2534 2619 2067 2860 2845 3279 2736 2945 2300 3165 2964 3146 3491 3060 2742 2631 2942 3274 2618 2637 2304 2074 2829 3058 3067 3632 3409 3400 3162 2945 3061 3299 2634 3069 2522 3163 2940 2740 3175 2619 3068 2957 3392 3275 3177 2847 3206 3387 2970 3382 3156 2958 2970 3179 2746

Tree=0
num_leaves=31
num_cat=0
split_feature=6 15 10 0 7 16 5 16 22 19 15 6 19 11 0 22 22 21 10 22 22 16 24 26 19 16 16 6 5 22
split_gain=10.4465 8.11631 7.22971 6.84482 5.05841 5.37674 3.76278 3.08066 2.97337 4.13668 3.50031 2.74131 2.67905 1.98153 1.94624 2.60335 2.09335 1.80659 1.9785 1.92224 1.60819 1.4287 1.39272 1.27829 1.23564 1.13815 0.94863 0.834465 0.650591 0.612435
threshold=0.16080808080808084 0.99444444444444458 0.14070707070707075 0.17404465666919447 0.53030612244897968 1.0918521152885241 0.62122448979591849 1.0528291405307704 -0.033687162564287158 44.500000000000007 0.9281411359724614 0.12685567010309282 -3.4999999999999996 -0.16006157637108129 0.09353035205280659 0.0088697732164922279 0.0073157716112709622 0.6224985411614099 0.42346141830677919 -0.0015749494477783354 -0.0015749494477783354 0.93332399642422614 4.8784395895699708 -0.51482358143909723 4.5000000000000009 1.1870687818622261 1.0264214068154418 0.23855670103092785 0.70051546391752584 -0.023771007365109221
decision_type=2 8 2 2 10 10 2 8 2 10 10 2 8 10 2 2 2 2 2 2 2 10 8 8 8 10 10 2 2 2
left_child=1 8 14 7 5 -5 17 -3 11 12 -11 13 -10 -1 15 22 29 19 -19 -4 -9 -6 -2 -18 27 -17 -26 -8 -13 -16
right_child=2 3 6 4 21 -7 24 20 9 10 -12 28 -14 -15 16 25 23 18 -20 -21 -22 -23 -24 -25 26 -27 -28 -29 -30 -31
leaf_value=0.044025390067694598 -0.0043412931659485999 0.033315419201398057 -0.0078127658406333574 -0.013155303460806374 -0.0061614007368126899 0.041918044710632069 -0.020564046047928091 0.018238161598533954 0.042153264874644533 0.0034155852497271188 -0.013974957081165097 -0.035361845605416484 0.0085880565316772076 0.017640126234135571 0.046367811670515326 0.012195812063187978 0.026938714723767038 -0.001975276227862977 -0.010316788366480378 -0.0015998745114442611 -0.018889492788528313 -0.041575642279294694 0.0070247126368108755 -0.010653227893115331 -5.7106152782554124e-05 -0.017535936225697799 -0.0093908895129791899 0.013799936790199181 0.0030738248376705247 0.023863671192782699
leaf_weight=3.4602535320445886 28.703751949127764 4.0884017348289463 67.431549800327048 15.123194604180759 1.2063967077992837 1.783594787120818 0.69171711802482416 1.8295290442183612 2.1744525833055377 52.276603622129187 13.008596036117522 0.83799605257809051 135.66157916141674 9.864215250592677 1.3985291556455193 28.770056916866455 1.1697355317883191 34.416460116859525 99.797845917753875 133.65194707317278 2.4642471764236697 6.8276459337212145 14.657173400279133 2.6778075341135268 157.4472474756185 1.2074100510217238 10.450418585911391 7.8928323015570641 0.75205869553610682 4.9076035716570896
leaf_count=72 1663 21 4012 369 109 6 45 63 44 1524 128 38 3549 214 53 1487 53 2059 5701 7754 106 54 727 149 8817 52 657 400 36 221
internal_value=-0.000115291 0.00501298 -0.00228075 -0.00877642 -0.0166587 -0.0073453 -0.00361613 0.0146771 0.00712046 0.00617114 -4.96188e-05 0.0200492 0.00911757 0.0244922 0.00590471 0.00420042 0.0182145 -0.00548238 -0.00817778 -0.00368331 -0.00306982 -0.0362578 -0.000499274 0.000775528 -7.04538e-05 0.0109983 -0.000638067 0.011031 -0.0171827 0.0288545
internal_weight=846.631 251.359 595.272 33.323 24.9408 16.9068 511.78 8.38218 218.036 203.121 65.2852 14.9145 137.836 13.3245 83.4921 73.3384 10.1537 335.298 134.214 201.083 4.29378 8.03404 43.3609 3.84754 176.482 29.9775 167.898 8.58455 1.59005 6.30613
internal_count=40183 6333 33850 728 538 375 29445 190 5605 5245 1652 360 3593 286 4405 3929 476 19526 7760 11766 169 163 2390 202 9919 1539 9474 445 74 274
is_linear=0
shrinkage=0.03


Tree=1
num_leaves=32
num_cat=0
split_feature=5 14 11 15 18 2 22 24 5 3 1 22 23 24 24 15 24 3 4 21 11 22 9 5 18 21 14 17 24 15 17
split_gain=30.1122 12.692 8.24455 7.407 7.40186 6.04153 7.55012 5.78446 5.78024 5.0886 5.7541 5.0875 7.56234 6.58033 4.51398 7.19886 6.54606 4.78514 6.83143 4.05456 3.83775 3.83659 3.45317 3.3753 3.21519 2.93676 2.71185 2.58988 4.13866 2.31217 2.15714
threshold=0.8325257731958764 0.87077798861480094 0.3757620241413307 0.89713949843260199 0.58616118769883363 -0.052447135348143582 -0.030556457300119726 0.70921202220168966 0.42346141830677919 0.62122448979591849 -0.61812202602002808 -0.033687162564287158 1.1624163223632507 5.6470160313406952 2.7535340172622722 0.12717187917669076 1.6284788967877317 0.60912371134020626 0.72082474226804127 0.28196500557505266 -0.26388446763027312 -0.053444407964496891 0.48226804123711348 0.31979381443298976 0.16843971631205676 0.44277285065865418 0.26944684528954194 0.6249083224358909 14.423148707846989 0.079098569969356505 0.69892508359114325
decision_type=2 10 10 10 10 2 2 10 2 2 2 2 2 8 10 10 10 2 2 2 8 2 10 2 10 2 8 8 8 8 10
left_child=1 2 4 20 8 6 -5 -6 -1 21 -11 12 27 26 15 16 -13 18 -16 -17 22 -4 -3 -7 -19 -22 -14 28 -2 -29 -15
right_child=11 3 9 5 7 23 -8 -9 -10 10 -12 14 13 30 17 19 -18 24 -20 -21 25 -23 -24 -25 -26 -27 -28 29 -30 -31 -32
leaf_value=-0.0079433667364199427 0.02349106802363591 -0.0055976234360669442 0.043095176060546039 0.04643582991537213 -0.0045854787838676163 0.01354643510902245 -0.012192539239272909 0.0034236031094496983 -0.0029650425484858112 0.044968462499246006 0.0099657432605905309 0.010125050075762289 -0.049408546154709979 0.0026900320705294531 0.010971394794401065 -0.021487471739028933 -0.0092884385889617782 0.0066385278664689313 -0.0097555963837487516 0.00038417385703421413 0.00730020708166409 -0.0040937583509194908 0.026828929533437396 0.042274489723538526 0.022239690443755282 -0.0011703279567106511 -0.0093090428944485326 0.044198819141412854 -0.014281962234209845 0.022127403915245633 0.04307378006870511
leaf_weight=371.56976683158427 10.993594961240886 4.1349450815469018 1.632820714265107 2.6251769140362731 137.85791184660047 5.8701723944395772 8.0050887186080235 197.33400594210252 482.44397023040801 4.861328311264514 32.385341609828174 152.56626049149781 2.4393080547451955 2.4892589822411537 53.762423112057149 8.0248107556253654 17.416533185169101 17.560324459336698 19.503038762137294 154.35304070450366 53.831605822313577 30.804263703525066 10.363811423070727 9.8690154561772925 36.80983323417604 116.68833585642278 4.0181090421974659 7.5546650085598257 3.4235684033483276 9.8299883026629669 2.2815522216260433
leaf_count=10763 128 58 14 7 3452 64 75 3240 10689 34 563 1778 29 38 738 124 241 313 340 2550 1016 656 127 66 370 2484 76 48 48 138 14
internal_value=0.000249268 -0.00191839 -0.00306057 0.00488367 -0.00364826 0.0197587 0.00228592 0.000129624 -0.00513104 0.0069688 0.0145342 0.00658505 0.0164494 -0.00471634 0.00566229 0.00382065 0.00813593 0.0104579 0.00545393 -0.000696736 0.00276363 -0.00171836 0.0175811 0.0315599 0.0172009 0.00150374 -0.0244567 0.0239224 0.0145213 0.0317187 0.0220028
internal_weight=1973.3 1470.28 1258.89 211.388 1189.21 26.3695 10.6303 335.192 854.014 69.6838 37.2467 503.026 43.03 11.2282 459.996 332.361 169.983 127.636 73.2655 162.378 185.019 32.4371 14.4988 15.7392 54.3702 170.52 6.45742 31.8018 14.4172 17.3847 4.77081
internal_count=40281 33308 29411 3897 28144 212 82 6692 21452 1267 597 6973 519 157 6454 4693 2019 1761 1078 2674 3685 670 185 130 683 3500 105 362 176 186 52
is_linear=0
shrinkage=0.03


Tree=2
num_leaves=29
num_cat=0
split_feature=10 6 5 0 9 22 24 24 11 0 2 26 11 22 19 5 19 21 17 9 22 23 14 14 4 23 9 26
split_gain=47.8256 66.9786 11.8532 11.7102 11.1411 9.73978 9.21314 7.37908 6.93491 6.25134 5.93912 5.98216 5.36715 5.13289 4.8951 4.78404 4.83772 4.73784 4.72941 4.6587 4.47965 4.15622 3.94836 3.41554 3.45679 3.30508 1.77062 0.222368
threshold=0.14070707070707075 0.15075757575757578 0.66163265306122454 0.090874444740177154 0.89949494949494968 -0.033687162564287158 5.5722514604149982 4.5774760563516566 -0.23080403957814608 1.1535601162688722 -0.049083240439042421 0.80599013457461532 -0.3130870611144409 -0.033687162564287158 -4.4999999999999991 0.97989898989898994 4.5000000000000009 0.56847891944347961 0.17439876899347612 0.22111111111111112 -0.0035712134649323207 1.0486515211435863 0.79531763417305601 0.015504807692307694 0.050252525252525264 1.0703515240808785 0.81221649484536096 1.0000000180025095e-35
decision_type=2 2 2 2 10 2 10 10 10 2 2 8 10 2 8 2 8 2 8 10 2 2 8 10 2 2 10 8
left_child=3 9 17 4 6 27 12 8 -7 13 11 -6 -1 21 -15 16 -4 20 -9 -8 -3 -2 -17 -11 -25 -12 -19 -5
right_child=1 2 15 5 10 7 19 18 -10 23 25 -13 -14 14 -16 22 -18 26 -20 -21 -22 -23 -24 24 -26 -27 -28 -29
leaf_value=0.0068391929983417305 0.027632752143919252 -0.013201292506549892 0.0061161183057965481 0.057542570015405525 0.010138006334601475 0.039163248190915767 0.03887146694995703 -0.03083387161083016 0.014650414846626485 -0.0097656743543777028 0.011476028285173905 0.03235942052019064 -0.0018665408873761243 -0.04371537469722931 0.0056548460243763766 0.012405810330336987 -0.0049543884235148227 -0.013282688372460586 0.0068304817792300956 0.0072319668406912669 -0.0049214114884181415 0.00049523311247339288 -0.026159966698285419 0.040867366623048566 0.017053183805263512 -0.0071521904796338189 -0.0063009733511151626 0.04681576400490739
leaf_weight=104.90106055419892 17.223422479815785 78.456488539464772 39.69108269456774 3.2946544736623755 19.27795394603163 12.548645428381858 9.1600279742851871 4.3620869088917953 60.30269571673125 3.511326625943183 47.953658446669579 25.098660407587886 162.40939367935061 1.8172546848654747 336.04022155934945 26.18935891054571 338.56100395089015 245.05727057904005 9.6122533753514272 7.7169568240642539 234.82407428696752 7.2036565374582997 2.6290604174137107 6.6219507977366439 31.975240495055914 10.437827614136038 37.724872738588601 3.6842993255704641
leaf_count=1209 178 2808 403 20 240 73 55 49 514 28 482 208 2348 9 4387 296 8182 9485 97 84 7333 107 39 39 238 131 1367 20
internal_value=0.000104275 -0.00268604 -0.00684116 0.00827352 0.00596826 0.017783 0.00290712 0.0150423 0.0188728 0.00762111 0.0144333 0.0227061 0.00154986 0.00634946 0.0053893 -0.00289503 -0.00379273 -0.0095361 -0.00492644 0.0244044 -0.00699499 0.0196298 0.00888751 0.0185618 0.0211389 0.00814612 -0.0123513 0.0518797
internal_weight=1888.29 1407.53 1003.13 480.76 386.956 93.8046 284.187 86.8257 72.8513 404.393 102.768 44.3766 267.31 362.285 337.857 407.071 378.252 596.063 13.9743 16.877 313.281 24.4271 28.8184 42.1085 38.5972 58.3915 282.782 6.97895
internal_count=40429 34899 29913 5530 4757 773 3696 733 587 4986 1061 448 3557 4681 4396 8920 8585 20993 146 139 10141 285 335 305 277 613 10852 40
is_linear=0
shrinkage=0.03


Tree=3
num_leaves=31
num_cat=0
split_feature=5 8 10 18 10 20 23 9 12 0 11 3 23 25 8 21 10 1 13 20 18 1 17 26 2 11 7 3 7 25
split_gain=49.6175 15.9966 13.0043 10.9743 9.76639 9.45834 8.60994 8.06164 7.74894 7.55542 7.15865 6.20119 7.46715 7.28893 5.74049 5.73541 4.85208 5.36134 4.47221 4.37616 4.3642 4.19383 3.60799 3.60576 3.47126 2.98826 2.97724 2.95934 2.79097 2.69269
threshold=0.8325257731958764 0.96453608247422695 0.10654639175257734 0.10762548262548265 0.070353535353535376 0.34595681336945588 2.5771560677886325 0.21106060606060609 0.073760419483643327 0.59502960941666749 0.12393799551550445 0.8666631601094047 -1.1224971879745633 2.1599253189796053 0.12060606060606062 0.60168645721143754 0.55051020408163276 0.21179973194914142 -0.95772374369873836 0.55807236492819035 0.22361111111111112 0.18375474018431634 0.65423920035243555 2.1682220702591151 -0.033234793488962515 0.27520202907358465 0.89345360824742281 0.7309793814432991 0.9794866400168315 7.1003244323233181
decision_type=2 2 2 10 2 8 2 10 8 2 10 2 2 8 2 2 2 2 8 10 10 2 10 10 2 8 10 2 8 8
left_child=1 2 21 26 5 8 15 24 22 16 -5 13 -13 -11 -10 -7 17 -6 -9 -20 -8 23 -2 -1 25 -3 -4 -18 -26 -23
right_child=4 7 3 10 9 6 20 18 14 11 -12 12 -14 -15 -16 -17 27 -19 19 -21 -22 29 -24 -25 28 -27 -28 -29 -30 -31
leaf_value=0.003614116940861068 -0.050483701882439724 -0.0013619270542095095 -0.010150393469880144 -0.0055915459305571208 0.0039709869426548102 0.014446041898507546 0.0054774166019108941 0.048150968611629583 -0.022823248202099577 -0.036992364148550068 0.00091303080048648429 -0.012218722067658467 0.027663075150824435 0.0089622500310677523 0.028419222076452838 0.030249610377701814 -0.006895934526977344 0.027382811404491596 0.017089867059446821 -0.02337985048272859 -0.053370219269975913 0.013487211043264738 -0.0096687188846754507 -0.025023441052405327 -0.020772279149357122 0.033966019720073522 0.0007783886570801445 0.0067822684085570208 0.0085922839575415261 0.047014434810193843
leaf_weight=128.41915338672698 3.8404027074575424 6.5611528269946593 343.05994372814894 368.90297390474007 229.74820539634675 123.07403868064284 2.2016360675916067 3.93169623054564 2.957774471491577 3.2895881440490475 259.32105573778972 4.8930461527779689 30.956677139736712 55.761645970866084 5.8772579971700907 24.839176350273192 60.792444895021617 9.1540541620925051 42.02122562751174 2.550756578333675 2.3393286392092705 9.7696739546954596 3.9584118947386742 4.0828150296583763 10.75142784696072 3.208726217970252 24.004052681848407 18.588617016561329 3.9956952743232259 2.7664037887007007
leaf_count=1943 42 130 12930 10601 3272 917 23 26 30 50 5808 37 207 646 41 179 1084 74 585 53 23 129 51 64 230 29 753 307 61 23
internal_value=0.000234756 -0.00321988 -0.00409155 -0.00531452 0.00743357 0.0135071 0.0158508 0.0103925 -0.00797347 0.00494809 -0.00290656 0.0123774 0.0222197 0.00640224 0.0112644 0.0170999 0.00273292 0.00486806 0.0174794 0.0147739 -0.0248386 0.00430082 -0.0297674 0.0027317 -0.003628 0.0102408 -0.00943571 -0.00369292 -0.012816 0.0208858
internal_weight=1795.62 1213.35 1140.33 995.288 582.272 169.088 152.454 73.0207 16.6338 413.184 628.224 94.901 35.8497 59.0512 8.83503 147.913 318.283 238.902 48.5037 44.572 4.54096 145.038 7.79881 132.502 24.517 9.76988 367.064 79.3811 14.7471 12.5361
internal_count=40348 33365 32251 30092 6983 1306 1142 1114 164 5677 16409 940 244 696 71 1096 4737 3346 664 638 46 2159 93 2007 450 159 13683 1391 291 152
is_linear=0
shrinkage=0.03


Tree=4
num_leaves=29
num_cat=0
split_feature=5 8 10 10 18 0 0 13 22 22 5 17 23 10 20 18 10 1 15 15 20 0 17 12 1 13 19 20
split_gain=46.7207 34.904 14.3504 13.3991 11.4816 9.06968 8.62322 8.42068 6.27611 8.77079 8.09562 7.93564 6.1011 6.24325 6.07788 5.48611 5.08379 4.95286 6.05772 4.71683 3.98886 3.79332 3.50264 2.98255 4.71481 2.87882 1.72106 1.56648
threshold=0.8325257731958764 0.96453608247422695 0.15075757575757578 0.070353535353535376 0.1012820512820513 0.37880380667303798 0.70376492828747661 -0.95772374369873836 0.0083948211920191664 -0.035702161687317054 0.97469072164948456 0.060185388477495716 2.1752202779917131 0.95979797979797987 0.20665677484586806 0.50531914893617025 0.92391752577319608 0.2008546241517529 0.057805399625768521 0.74287954010974666 0.55326607092046143 0.13150166018224066 0.4074629436202965 0.29382830703249668 0.18375474018431634 -2.0389581221055715 -2.4999999999999996 0.36490402906904801
decision_type=2 2 2 2 10 2 2 8 2 2 2 8 2 2 10 8 2 2 8 8 10 2 10 8 2 10 8 8
left_child=1 2 17 8 26 -6 23 27 9 20 15 -12 13 -8 16 -10 -9 18 -1 -19 -2 -11 -16 24 -5 -25 -4 -3
right_child=3 7 4 6 5 -7 12 14 10 21 11 -13 -14 -15 22 -17 -18 19 -20 -21 -22 -23 -24 25 -26 -27 -28 -29
leaf_value=0.018342950160742458 0.034763696283433294 0.055514380548226355 0.010512618375188789 0.0020865539457890978 -0.0067590977797730278 0.0021042811274377803 0.0074548008350854098 0.023097862058370618 0.014271473295522407 0.00031414704516331626 -0.015272843068862105 0.015848313228945487 0.04149413213575303 0.040341919929604515 -0.0024985567472585084 0.032500779227673984 -0.014221236510134882 0.023865488941393922 -0.0012302851455528825 -0.021152770060132959 -0.0030158078123146683 0.017935360577318874 0.017537125158551659 0.0022542147995742385 0.019859971932608876 -0.0075236363421072533 -0.012005918381895693 0.029913597607225409
leaf_weight=15.503174567129461 13.163893002085389 4.2575480006635162 3.0863439021632075 200.87942602112889 400.26409537298605 140.33435242902488 73.440425819717348 35.729270678944886 25.168769537471235 64.396469937637448 10.187578902579842 26.702477760612965 5.8650106042623511 5.5906735844910136 28.609529726207256 36.269913341850042 3.6179090458899728 14.437119219452144 173.38026418909431 2.4501573536545029 3.1093423310667268 13.258635675534604 10.82390276622027 52.182731240056455 14.395354001782833 56.379629489965737 297.19725146237761 4.3477887818589815
leaf_count=192 94 19 87 3122 12810 3056 673 322 172 512 75 167 37 36 522 182 35 108 3036 36 23 81 172 763 143 933 12806 31
internal_value=-0.000228643 -0.00381243 -0.0053332 0.00653379 -0.00707091 -0.00445825 0.00346161 0.0144024 0.0130652 0.00751931 0.0183628 0.00725388 0.0119721 0.00978124 0.0113246 0.025033 0.0196664 0.00176793 0.000376247 0.0173338 0.0275451 0.00332275 0.00300095 0.00123052 0.00327506 -0.00282371 -0.0117745 0.0425798
internal_weight=1735.03 1134.04 1046.65 600.99 840.882 540.598 408.733 87.3859 192.257 93.9283 98.3287 36.8901 84.8961 79.0311 78.7806 61.4387 39.3472 205.771 188.883 16.8873 16.2732 77.6551 39.4334 323.837 215.275 108.562 300.284 8.60534
internal_count=40245 33232 32131 7013 28759 15866 5707 1101 1306 710 596 242 746 709 1051 354 357 3372 3228 144 117 593 694 4961 3265 1696 12893 50
is_linear=0
shrinkage=0.03


Tree=5
num_leaves=30
num_cat=0
split_feature=10 6 5 11 15 0 5 6 22 10 24 17 22 19 1 5 22 13 22 5 7 24 2 10 1 21 5 21 7
split_gain=42.689 53.706 14.8153 10.1958 9.35395 9.07065 8.43605 7.29145 5.63076 5.40002 5.33807 5.25856 5.22929 5.06086 5.01273 4.6398 4.58829 4.50944 4.38388 3.87781 3.87308 3.72608 3.4941 3.63871 2.99329 2.8149 2.55137 2.24532 1.97172
threshold=0.14070707070707075 0.17762886597938146 0.87691984010098889 0.35374331493891026 0.14689734422880493 0.19922337768416423 0.95438144329896912 0.13065656565656569 -0.033687162564287158 0.45180412371134027 10.062143851815414 1.092198283835738 0.021096598203186028 45.500000000000007 0.039293026122900913 0.45180412371134027 -0.00078455361284623427 -0.74323476355172768 0.0085584545837564339 0.83589312013465189 0.8871765200925732 3.0197289901004694 0.1335161845900886 0.3401030927835052 0.25253936004383754 0.67937218224466667 0.99500000000000011 0.40613503663260447 0.58881443298969083
decision_type=2 2 2 10 10 2 2 2 2 2 10 10 2 10 2 2 2 10 2 2 10 8 2 2 2 2 2 2 10
left_child=4 3 20 18 7 12 9 15 -7 -5 16 -10 21 -8 -14 28 -9 -17 19 -2 25 -6 26 -24 -20 -3 -4 -22 -1
right_child=1 2 22 6 5 8 13 10 11 -11 -12 -13 14 -15 -16 17 -18 -19 24 -21 27 -23 23 -25 -26 -27 -28 -29 -30
leaf_value=-0.034030123250579851 0.0034185412916695793 -0.0087482501589525221 -0.001194669609340797 0.030342192236877931 -0.0068713315343087271 0.046248661990692934 -0.01756303220591162 0.0028460107897593737 0.017621558776727872 0.013397470625225061 0.050514491534069082 -0.013546100682079083 -0.00031839609914624073 0.018254405156160947 0.021587277066018075 0.030688514193307696 0.011525402363151449 0.0040054418008199175 -0.0031783045481093607 0.013633799092950321 0.018092345506528988 0.0030715494222727279 0.047073487493593351 0.0058987045195464816 0.026064206377043722 -0.013293144559360042 0.01426284085834988 -0.0030065496452726108 0.013128450941097748
leaf_weight=1.7039329651743167 143.06732950918376 457.88593255123124 127.40691708400846 22.917542939074337 83.434605704154819 4.8869454860687247 10.811043664347382 84.500815100967884 25.338910626247529 64.750063444487751 2.7496567443013182 6.0316374935209742 20.492136504501104 5.2865299843251696 17.371614646166563 30.304059118032455 156.04721059277654 7.0208881003782144 90.084581624250859 43.648708753287792 5.2895167395472518 57.160089341923594 2.8909068666398507 5.8213671399280429 3.2645354382693759 167.51750461990014 10.394344038330017 32.011871068738401 1.5006872545927761
leaf_count=27 2760 17917 2243 167 1470 26 82 844 237 612 14 54 270 35 168 185 1333 65 1701 433 120 778 33 80 31 7355 91 1134 13
internal_value=-3.24515e-05 -0.00311318 -0.00749688 0.00612884 0.00733996 0.00261539 0.0141616 0.0109141 0.0162951 0.0178271 0.00895156 0.0116289 -0.000163935 -0.00580039 0.00973177 0.0226952 0.00847647 0.0256694 0.00315266 0.00580657 -0.00940552 -0.00282896 0.00113619 0.0195613 -0.00215566 -0.00996562 -2.87102e-05 -1.46245e-05 -0.0119463
internal_weight=1691.59 1193.05 809.218 383.83 498.543 214.716 103.765 283.827 36.2575 87.6676 243.298 31.3705 178.458 16.0976 37.8638 40.5296 240.548 37.3249 280.065 186.716 662.705 140.595 146.514 8.71227 93.3491 625.403 137.801 37.3014 3.20462
internal_count=40278 34794 28973 5821 5484 3003 896 2481 317 779 2191 291 2686 117 438 290 2177 250 4925 3193 26526 2248 2447 113 1732 25272 2334 1254 40
is_linear=0
shrinkage=0.03


Tree=6
num_leaves=30
num_cat=0
split_feature=5 6 10 6 10 13 1 5 7 11 13 2 2 7 3 6 14 25 7 25 11 15 9 19 21 16 14 11 7
split_gain=46.1669 25.8235 20.6457 11.6583 8.79447 6.45063 6.00986 6.25865 5.53578 5.50724 5.24564 5.82374 4.59147 4.53784 4.53261 4.52522 4.5076 4.36053 4.31413 4.8836 3.88496 3.79723 3.72046 3.46162 3.21834 2.99476 2.52645 2.48136 2.10156
threshold=0.8325257731958764 0.13065656565656569 0.13701030927835053 0.19793814432989695 0.21824742268041239 -0.99891118139918744 0.40893547550723797 0.99500000000000011 0.95438144329896912 0.3637841842348522 0.67404893492491447 0.11704829797950135 0.13821577160493412 0.89345360824742281 0.16080808080808084 0.65989690721649497 0.023952954675846246 4.7222214896187777 0.2487113402061856 5.5165296066223997 -0.41066627903130376 0.067798774259448427 0.917946560067326 16.500000000000004 0.56668312953537714 0.76677528250964655 0.041960093896713617 0.30900463545070173 0.91376288659793825
decision_type=2 2 2 2 2 8 2 2 10 10 8 2 2 10 2 2 10 8 8 10 8 8 8 10 2 8 10 10 10
left_child=1 5 8 10 6 17 7 -5 25 20 11 14 26 24 -2 -14 -11 -1 23 -20 -7 -10 -19 -12 -4 -3 -6 -15 -13
right_child=3 2 13 4 12 9 -8 -9 21 16 18 28 15 27 -16 -17 -18 22 19 -21 -22 -23 -24 -25 -26 -27 -28 -29 -30
leaf_value=0.044808049329512302 0.017214897300952544 0.011320039091822809 -0.0078143604651098337 0.0075805340463016421 0.0069390852803144776 0.026245017920530599 0.036637765876342369 -0.0089961927552588538 0.046888760897038681 -0.016728211176070394 -0.02223134943616584 0.015097636878396343 0.033701268616903188 -0.0030385811226848886 0.0009463215797837699 -0.0057809776630130998 0.013747202720319977 0.030387909466958837 0.022642600673676582 0.0081218324361267691 -0.0001570111590500385 0.011447698455136143 -0.015835756240413588 0.014132294656151465 -0.012264464119056446 -0.0010041737607993258 -0.0057333975982356046 0.016661510336080491 0.050433537055598818
leaf_weight=5.5819378122687313 20.206744730472565 20.481291268952191 287.73792577115819 213.08159630000591 16.129503069445491 5.1498503498733044 5.9010304901748887 22.680542730726302 3.4980956912040684 4.7727428358048192 4.4071895359083992 2.6875432841479769 5.9392206948250514 28.427688811905682 64.972264567390084 4.6645511761307716 51.51630531437695 3.2900443077087411 71.154814736917615 29.481903474777937 192.93055474478751 12.244475306477398 2.9926288276910782 5.0624028295278549 297.47589084645733 132.84594088001177 115.89272585790604 7.2147404057905069 3.4713826328516006
leaf_count=28 193 241 11646 2151 243 31 38 174 22 43 52 29 60 1042 636 71 405 33 535 243 3347 156 31 42 13913 2263 2518 142 16
internal_value=-0.000442927 -0.0041892 -0.00691255 0.00631213 0.0032478 0.00389107 0.00673431 0.00598584 0.00238151 0.00288254 0.0121579 0.00684263 -0.00265969 -0.00944348 0.00480566 0.0163332 0.0111632 0.0255131 0.0165671 0.0183887 0.00052941 0.0193229 0.00837017 -0.0027915 -0.0100764 0.000642082 -0.00418517 0.000949111 0.0350142
internal_weight=1641.89 1056.16 789.926 585.733 384.289 266.234 241.663 235.762 169.07 254.369 201.444 91.3379 142.626 620.856 85.179 10.6038 56.289 11.8646 110.106 100.637 198.08 15.7426 6.28267 9.46959 585.214 153.327 132.022 35.6424 6.15893
internal_count=40344 33343 29425 7001 5255 3918 2363 2325 2682 3826 1746 874 2892 26743 829 131 448 92 872 778 3378 178 64 94 25559 2504 2761 1184 45
is_linear=0
shrinkage=0.03


Tree=7
num_leaves=31
num_cat=0
split_feature=5 8 10 11 13 24 18 9 21 0 10 3 24 10 2 9 23 3 8 7 24 25 3 21 24 3 24 16 26 13
split_gain=47.0377 24.9366 13.4413 9.28337 7.72965 8.08255 6.3421 5.58814 4.91012 4.49477 5.06016 5.67444 5.22023 4.22489 4.093 4.0456 3.93558 4.0492 3.94653 4.3655 3.91049 3.89508 3.67702 3.60645 3.58372 3.51524 3.0623 3.21551 1.86392 0.998661
threshold=0.84268041237113411 0.9497474747474749 0.15075757575757578 0.3637841842348522 0.79823086590835779 2.690403996978374 0.11834733893557424 0.46195876288659804 0.28196500557505266 0.58008800549451378 0.42134020618556706 0.62122448979591849 4.9904162326536463 0.45180412371134027 0.1335161845900886 0.43149484536082477 -1.6292241813295347 0.025309278350515465 0.99500000000000011 0.59091836734693881 3.8858894944033353 3.6655818551922414 0.015154639175257735 0.29712955794992857 5.6470160313406952 0.59091836734693881 -0.97163768141221185 0.49637491682201357 0.87436733742985007 0.3175558763855309
decision_type=2 2 2 10 8 10 10 8 2 2 2 2 8 2 2 10 2 2 2 10 10 8 2 2 10 2 8 10 8 10
left_child=1 2 7 6 5 14 -4 23 28 26 11 -11 -12 -10 25 -16 17 -6 22 -20 -5 -19 -18 -1 -9 -2 29 -28 -7 -3
right_child=4 9 3 20 16 8 -8 24 13 10 12 -13 -14 -15 15 -17 18 21 19 -21 -22 -23 -24 -25 -26 -27 27 -29 -30 -31
leaf_value=0.0087521681716472809 -0.007114443722804605 -0.021221627664386504 -0.011892560289731291 -0.0019223286652651412 -0.018076193742816344 0.036531579127192418 -0.0059124550972669146 0.0034582650460527418 0.013099455232155149 0.0055012712950484538 -0.00082893512291911807 0.038796867218165984 0.02678389712761621 -0.0012951971521984139 0.035875518027155599 -0.0099532268451045253 0.019628906535440291 0.037161886751973114 0.0040245224210609743 0.039542966560471515 0.013377353184029262 0.013319399206254405 0.0072145917678202226 -0.0097101250633713464 0.021668687863660604 0.003029094572405619 -0.0048858516999287314 0.012428039813760556 0.008910698715023058 0.011367625204454989
leaf_weight=11.846081295982001 78.794243931770325 5.0370748657733202 257.90341631881893 40.862200004979968 2.2140284776687649 7.7648831363767368 418.78130639949813 132.06314411573112 44.120716731064022 6.7919298373162773 18.137507977895439 14.318311025388537 9.3322966955602187 31.418487576767802 4.8677481338381758 2.6925124851986766 23.273532697930932 11.400116024538876 5.2453097850084287 7.6659482512623072 23.787927538156509 13.433337621390818 277.56135627254844 48.54794186539948 10.499277265742419 50.425912342965603 14.079261516220866 30.713803995400667 3.0675031468272209 1.0171700175851581
leaf_count=204 1295 181 12696 958 24 60 14873 2129 473 66 227 88 75 505 35 43 172 96 43 35 312 132 2956 936 106 741 372 542 24 37
internal_value=-4.50012e-06 -0.00377652 -0.00528121 -0.00715397 0.00697653 0.00263615 -0.00819164 0.00155938 0.00982107 0.010514 0.0170397 0.0280845 0.00855195 0.00711239 -0.00190085 0.0195541 0.00981862 0.0207987 0.00887205 0.0251133 0.00370717 0.0242646 0.008175 -0.00608881 0.00479941 -0.0031561 0.0042793 0.00698597 0.0287099 -0.0157463
internal_weight=1607.66 1043.72 944.291 741.335 563.946 223.152 676.685 202.956 86.3716 99.4274 48.58 21.1102 27.4698 75.5392 136.78 7.56026 340.794 27.0475 313.746 12.9113 64.6501 24.8335 300.835 60.394 142.562 129.22 50.8473 44.7931 10.8324 6.05424
internal_count=40436 33802 32214 28839 6634 3176 27569 3375 1062 1588 456 154 302 978 2114 78 3458 252 3206 78 1270 228 3128 1140 2235 2036 1132 914 84 218
is_linear=0
shrinkage=0.03


Tree=8
num_leaves=29
num_cat=0
split_feature=5 11 15 8 7 1 8 1 25 17 22 1 26 12 11 7 7 13 19 14 24 11 17 24 23 24 22 12
split_gain=34.2289 17.7922 12.1329 12.5229 6.24125 5.59083 5.57164 5.07334 4.86588 4.79867 4.91148 4.67009 5.28948 4.31573 4.2363 6.24848 5.30988 3.77801 3.77076 3.58364 3.53673 3.40545 3.37098 4.02727 3.01471 2.44987 2.61124 1.94778
threshold=0.87314432989690738 0.3637841842348522 0.11561079925153704 0.96453608247422695 0.8871765200925732 0.032300564308189915 0.94422680412371141 0.29384155827355851 3.7311409089111689 0.48547287976516962 -0.00063656465888449639 0.096379684876434349 -1.4079349824849203 0.019614040542539461 -0.16429316577269756 0.9497474747474749 0.73332632021880928 -0.20347773651521869 111.50000000000001 0.023952954675846246 3.7695528936058929 0.87536584666294825 -2.7488344140657852 5.8713561921473767 1.5924631145308525 1.3823037272274303 0.032034769701191547 1.5321762690883458
decision_type=2 10 8 2 10 2 2 2 10 8 2 2 8 10 8 10 8 10 8 8 8 10 10 10 2 8 2 8
left_child=1 2 5 7 9 8 11 -4 -1 20 -11 14 18 -7 16 -16 -2 -5 -13 -14 -3 22 23 -8 -24 27 -27 -6
right_child=6 4 3 17 25 13 21 -9 -10 10 -12 12 19 -15 15 -17 -18 -19 -20 -21 -22 -23 24 -25 -26 26 -28 -29
leaf_value=-0.0065901381612630547 0.018480898223591252 -0.010522553388493786 -0.0066781403609556707 0.014813744834542052 0.014209947000437278 0.0207576898046293 0.033744894444435632 0.013863955449899667 0.0097342578332919663 0.02608653067099883 0.0035151603112690906 -0.035167032046493837 -0.016097299361347451 -0.0022467127859486288 -0.00069586647469014294 0.013644305703749336 0.0034969266144327144 -0.0017829617350377054 0.015172091779694778 0.013902344237411011 0.005447479837864787 -0.011921221044561127 0.0090717991875456771 -0.0027687201649352266 0.032845696564895069 0.028498203565874368 -0.0038484029879261457 -0.028603446735319941
leaf_weight=39.718504960648715 33.429807985201478 22.42532897554338 802.65259955497459 33.295450652018189 2.9409921197220683 27.447073210962117 14.945447507314386 10.968358174897729 28.031455068383366 14.631787711754439 21.316980150528252 3.6823887024074793 3.7333874367177478 10.018768918700514 195.43057733494788 31.796190754510462 58.588890926912427 19.617155278101563 2.1047008763998747 89.394931346643716 28.143324095755816 4.1250771544873706 40.687439003959298 3.3230569288134566 5.4426641985774031 19.978049689903862 2.5306290592998257 1.4172238958999512
leaf_count=921 309 579 30257 463 45 336 94 166 464 161 308 45 35 190 2728 277 556 408 27 833 417 29 338 24 37 158 26 17
internal_value=-3.64178e-05 -0.00300124 -0.00431342 -0.00548151 0.00824468 0.00530665 0.00657408 -0.00640121 0.000164059 0.00432241 0.0127021 0.0052747 0.0109703 0.0146061 0.00350996 0.00131078 0.00894051 0.00866058 -0.0168592 0.0126997 -0.00163464 0.0145035 0.0161961 0.027103 0.0118768 0.0208753 0.0248615 0.000287699
internal_weight=1571.82 1085.13 971.749 866.534 113.384 105.216 486.685 813.621 67.75 86.5174 35.9488 418.161 98.9154 37.4658 319.245 227.227 92.0187 52.9126 5.78709 93.1283 50.5687 68.5237 64.3986 18.2685 46.1301 26.8669 22.5087 4.35822
internal_count=40248 34916 33205 31294 1711 1911 5332 30423 1385 1465 469 4810 940 526 3870 3005 865 871 72 868 996 522 493 118 375 246 184 62
is_linear=0
shrinkage=0.03


Tree=9
num_leaves=32
num_cat=0
split_feature=5 6 10 6 10 5 11 25 22 11 8 18 16 26 16 22 8 22 11 22 15 19 8 17 0 0 11 0 23 17 19
split_gain=37.3237 23.1055 19.5338 12.7161 8.19006 7.89049 9.34365 4.95845 4.90383 4.88242 6.08987 5.75979 4.75395 6.36515 4.74057 5.69964 4.57402 4.56439 5.57736 4.36279 3.85164 3.75924 3.71236 3.71792 3.67604 3.66329 3.50788 3.36665 3.24153 3.20804 1.71575
threshold=0.8325257731958764 0.13701030927835053 0.13701030927835053 0.14070707070707075 0.035463917525773207 0.96984848484848496 0.3757620241413307 5.8437170586953489 -0.0065749246059448943 0.3637841842348522 0.96984848484848496 0.8021739130434784 0.60479064427071794 0.94732380824230422 0.86248888172469929 -0.035702161687317054 0.96453608247422695 -0.0028733750257951599 0.33794028136690996 0.064141060596837871 0.03468323977546111 59.500000000000007 0.96922996002524731 -0.27329564135043977 -0.41490318891724931 2.3955385060085574 -0.052909720968971279 0.99238187149619306 0.15065442504145474 1.0000000180025095e-35 65.500000000000014
decision_type=2 2 2 2 2 2 8 10 2 10 2 8 8 10 10 2 2 2 8 2 8 10 2 10 2 2 10 2 2 10 10
left_child=1 9 19 8 5 6 -5 -7 14 10 24 -12 21 -14 26 -16 20 28 -19 27 -4 -11 25 -24 -1 -6 -2 -3 -10 -18 -21
right_child=3 2 16 4 22 7 -8 -9 17 12 11 -13 13 -15 15 -17 29 18 -20 30 -22 -23 23 -25 -26 -27 -28 -29 -30 -31 -32
leaf_value=0.036510456744144347 0.012026565045859694 0.0014775651190725987 0.011243253390752848 0.013679301985738846 0.00078439357449313252 0.00861163674247074 0.049410836928952755 -0.017116246216595292 -0.034845792706725165 0.027909305148881857 0.0074704864457287856 0.040761593709853119 -0.0042524081665449567 0.023219221596547605 0.029439930427632689 -0.0055761114652196951 -0.005068523010129283 0.0062081999224834752 0.02171195450452347 0.015525534557604699 -0.010067335396554473 -0.0054175628947021777 0.019812733018170881 -0.0050424188816649666 -0.00089414935042929139 -0.032249568058261673 0.034296609621565985 0.032296405743651439 0.0044422099653196124 0.01472167985891823 0.05213905500092425
leaf_weight=2.4004280008375636 8.8383647091686743 142.48198772594333 7.7461681412532917 26.473400386050344 329.33321887347847 31.555184381082654 8.7679582051932794 8.5736679267138225 3.343078050762414 18.96259839087725 19.836623158305887 6.1204022020101538 22.955400474369526 11.340778116136788 7.0156646966934231 10.364043120294808 21.080414783209562 62.288255103863776 31.415979707613587 2.6230925172567359 522.59297835966572 3.6291572935879222 17.952824376523498 7.7565592322498551 158.80060710804537 3.0492638424038878 22.753638437017798 3.2631880939006797 4.3485485296696424 11.336330218240617 2.0537984259426594
leaf_count=13 62 2527 230 195 5042 234 36 72 36 137 161 48 216 77 41 93 503 566 206 35 25447 40 129 79 3463 37 131 27 41 208 22
internal_value=-0.000147747 -0.00379395 -0.00652048 0.00583043 0.00322274 0.0122112 0.0225692 0.00311479 0.0133476 0.00417379 0.00183436 0.0153202 0.0118704 0.00483168 0.0211432 0.00855881 -0.00908739 0.00958249 0.0114061 0.00308282 -0.00975607 0.0225557 0.00133087 0.0123139 -0.000337161 0.000481341 0.0280662 0.00216759 -0.0126339 0.00185223 0.0316039
internal_weight=1541.05 957.224 713.178 583.83 433.462 75.3702 35.2414 40.1289 150.368 244.046 187.158 25.957 56.8879 34.2962 48.9717 17.3797 562.756 101.396 93.7042 150.422 530.339 22.5918 358.092 25.7094 161.201 332.382 31.592 145.745 7.69163 32.4167 4.67689
internal_count=40154 33154 28999 7000 5824 537 231 306 1176 4155 3685 209 470 293 327 134 26388 849 772 2611 25677 177 5287 208 3476 5079 193 2554 77 711 57
is_linear=0
shrinkage=0.03


Tree=10
num_leaves=30
num_cat=0
split_feature=5 6 10 10 6 11 11 7 19 23 5 1 24 14 7 23 3 23 14 19 3 23 11 4 2 19 21 26 5
split_gain=36.1824 31.3528 15.0922 9.39685 9.65297 6.98017 8.27747 5.44436 5.34564 7.89625 5.58525 4.87805 5.21757 4.6391 4.43149 6.07519 4.34694 7.22453 4.20606 4.1672 4.12732 4.10779 4.08175 3.96857 3.65301 3.62411 3.57501 2.00047 1.36429
threshold=0.8461498001262362 0.13701030927835053 0.14070707070707075 0.070353535353535376 0.18090909090909094 -0.41066627903130376 0.3637841842348522 0.85640648011782039 66.500000000000014 -0.66607678279189309 0.88329896907216499 0.091452784988146504 10.062143851815414 0.023952954675846246 0.9076898800757417 1.5211769051678541 0.87691984010098889 -1.1224971879745633 0.86391694725028068 6.0000000000000009 0.96984848484848496 -0.72426351309390202 0.30900463545070173 0.92391752577319608 0.038766072898970425 16.500000000000004 0.54720422625542964 -1.5614593459660215 0.63132653061224497
decision_type=2 2 2 2 2 8 10 10 10 2 2 2 10 10 10 2 2 2 8 8 2 2 10 2 2 8 2 10 2
left_child=1 5 11 8 16 28 20 26 14 27 -11 12 -3 -8 15 -2 23 -18 -13 -16 -7 25 -9 -5 -23 -6 -4 -10 -1
right_child=3 2 7 4 21 6 13 22 9 10 -12 18 -14 -15 19 -17 17 -19 -20 -21 -22 24 -24 -25 -26 -27 -28 -29 -30
leaf_value=0.02200781285479439 0.013042500672650309 -0.0018774445613823543 -0.0068996698291739602 0.0088998082421243314 0.013679880045740736 0.00013833626776792185 -0.017288642821503643 -0.0038393600882045873 0.0040712300269043489 0.033946110265676281 -0.015718977928364315 0.0052263344111896978 0.047396995586280896 0.015973867728553467 -0.00032512470692637972 -0.015742095910693865 -0.021838027300701696 0.022501747738592492 0.028527798906782632 0.025575754803717755 0.014952705496911863 -0.00048461543130925267 0.017026986318765348 -0.010754461881896582 0.0087023114382041317 -0.0085832665082891252 -0.011946414112793839 0.035421628725170816 0.048181083958132288
leaf_weight=3.6106382012367249 88.257356226444244 126.47318122209981 231.82374605583027 82.903275870718062 7.400567096658051 163.8504931172356 4.013578299432992 36.801709456369281 2.7462996542453766 2.3059928156435516 17.528853785246611 26.325248547829688 1.9640830121934403 63.136539619415998 6.4636029414832592 7.1323553752154103 3.6353349424898616 36.643958147615194 9.4834849769249541 41.391616564244032 18.875440983101726 114.62847653729841 10.94681982276961 10.406852667219935 59.006114723160863 59.39997437549755 277.59863217547536 5.5014202026650327 3.5592828467488289
leaf_count=25 659 2335 10545 775 109 3386 43 1617 25 14 153 414 9 461 39 82 34 225 105 249 271 1913 181 109 881 1002 14462 32 17
internal_value=0.000270761 -0.00318044 -0.00638597 0.00646286 0.00379761 0.00581609 0.00497867 -0.00874188 0.0122813 0.000313145 -0.00994493 0.00160596 -0.00112393 0.0139858 0.0146277 0.0108903 0.0102633 0.0184999 0.0113974 0.0220774 0.00166865 0.000205178 0.000944455 0.00670777 0.00263737 -0.00611682 -0.00964978 0.0249827 0.0350007
internal_weight=1523.81 978.463 721.417 545.352 374.025 257.046 249.876 557.171 171.327 28.0826 19.8348 164.246 128.437 67.1501 143.245 95.3897 133.589 40.2793 35.8087 47.8552 182.726 240.435 47.7485 93.3101 173.635 66.8005 509.422 8.24772 7.16992
internal_count=40172 33871 29668 6301 5048 4203 4161 26805 1253 224 167 2863 2344 504 1029 741 1143 259 519 288 3657 3905 1798 884 2794 1111 25007 57 42
is_linear=0
shrinkage=0.03


Tree=11
num_leaves=31
num_cat=0
split_feature=6 10 15 22 2 22 2 18 12 2 7 23 12 4 7 24 7 10 26 10 15 9 22 4 14 4 15 22 15 22
split_gain=30.4388 34.1046 8.08445 6.18742 7.24936 6.0932 5.82923 6.64648 5.59367 5.38224 4.49902 4.49047 4.46404 4.23323 3.61007 3.33696 5.3805 4.65469 4.11911 3.83238 3.18459 3.17229 3.15002 3.106 3.02543 2.75717 2.68579 2.12568 1.90875 1.40536
threshold=0.20101010101010106 0.13065656565656569 0.56897463002114179 0.0098889668885339798 0.083492511257865831 -0.026884080279522306 0.1335161845900886 0.97646733111849404 -0.23713424181392981 0.12959033823304478 0.82237113402061868 -0.065933636413546645 -0.33679921299414506 0.93969696969696981 0.88329896907216499 3.3937550862664589 0.22840206185567014 0.55835051546391767 0.28855457889938241 0.14070707070707075 0.50568255198243584 0.71281296023564078 -0.05806584282416901 0.96984848484848496 0.17684288905435594 0.98484536082474239 0.21966051857792038 0.043898503288168488 0.92090143003064362 -0.018908470062799432
decision_type=2 2 8 2 2 2 2 8 10 2 10 2 8 2 10 8 8 2 10 2 8 8 2 2 10 2 8 2 10 2
left_child=2 3 15 5 13 12 10 11 22 23 26 -8 -2 -5 -7 16 20 -18 19 -17 -1 -6 -4 -10 -20 -24 -3 -12 -11 -9
right_child=1 6 8 4 21 14 7 29 9 28 27 -13 -14 -15 -16 18 17 -19 24 -21 -22 -23 25 -25 -26 -27 -28 -29 -30 -31
leaf_value=-0.014223985562987818 -0.0020115112639187164 -0.0037752044560249876 0.032406784607883696 0.0094220087324590838 0.0095822555804042676 -0.0036334617590950561 0.00060867036406102499 0.014557823192886645 0.0041284117218586738 0.032524432599787254 -3.9674466639082132e-05 0.029927424665346539 0.022183669291770746 0.02487447193371491 0.0075920976648517942 0.017179293538241186 0.011841275288503221 -0.00060659492242091202 0.037371591422891218 0.0059082004207535507 0.030685665510201118 -0.037542776813339757 -0.0088842128884781633 -0.014284930075899925 0.016455185114262059 0.032871949434650424 -0.0092951424105959662 -0.019695584007283856 0.0041031800946894929 -0.016151967001826674
leaf_weight=15.240999471861871 10.495344875380395 95.850224975030869 1.8134592003189016 108.76976399123669 1.8966250233352173 109.58402746543288 8.4385224063880777 1.5516505753621448 129.88945311307907 7.9360553240403515 86.310502290725708 10.616762671153992 19.829907402396206 18.698786681517959 33.716477384790778 40.692356919869781 88.161270387936383 38.994264458306134 8.1503333398140949 81.585868194233626 1.5671987100504328 3.9906869661062956 53.674121118616313 8.8035804182291013 26.330331368371844 1.4619594234973181 460.32669749367051 5.2530762404203406 2.9052316732704639 9.8858835999853891
leaf_count=265 152 3031 31 1195 28 1736 260 52 2414 67 2604 223 214 153 340 323 1092 693 73 1138 22 44 1341 155 286 18 21541 147 41 416
internal_value=0.000103304 -0.00297078 0.00607451 0.00532573 0.0101856 0.00159307 -0.00672595 0.00609261 0.00150369 0.0045509 -0.00732939 0.0169438 0.0138099 0.0116888 -0.000992255 0.00921295 0.00591532 0.00802394 0.0122414 0.00965905 -0.0100366 -0.0223612 -0.00649744 0.00295962 0.0213993 -0.00777703 -0.00834385 -0.00116735 0.0249081 -0.0119858
internal_weight=1492.42 985.215 507.206 306.982 133.356 173.626 678.233 30.4928 206.484 149.534 647.741 19.0553 30.3253 127.469 143.301 300.723 143.964 127.156 156.759 122.278 16.8082 5.88731 56.9495 138.693 34.4807 55.1361 556.177 91.5636 10.8413 11.4375
internal_count=40095 32136 7959 3862 1420 2442 28274 951 4067 2677 27323 483 366 1348 2076 3892 2072 1785 1820 1461 287 72 1390 2569 359 1359 24572 2751 108 468
is_linear=0
shrinkage=0.03


Tree=12
num_leaves=29
num_cat=0
split_feature=6 10 5 8 5 24 8 9 22 8 22 26 26 19 12 10 19 12 8 19 15 0 15 15 10 26 0 10
split_gain=36.0935 31.2261 14.1802 9.87786 7.06886 6.90209 6.12669 7.83195 7.39693 5.68668 4.82979 4.85908 4.52142 4.28197 4.20321 4.35748 3.99023 5.7971 3.96372 4.90444 3.88289 3.7942 3.36579 3.27384 2.91192 3.61889 3.50517 2.21148
threshold=0.13701030927835053 0.14070707070707075 0.8461498001262362 0.96984848484848496 0.8325257731958764 11.894495719612333 0.80206185567010324 0.87314432989690738 -0.022200299574279259 0.9497474747474749 0.0029742305549407973 -0.092793173879356358 -0.64718956335445721 50.500000000000007 -0.45681376828601294 0.050252525252525264 8.5000000000000018 -0.4410004189968591 0.95438144329896912 46.500000000000007 0.023122159850307408 0.36775760677819586 0.83814488104784834 0.057805399625768521 0.42346141830677919 2.1012221079264335 0.3951370704162756 0.16080808080808084
decision_type=2 2 2 2 2 10 2 10 2 2 2 8 10 10 8 2 8 10 2 8 8 2 8 8 2 8 2 2
left_child=3 5 9 4 14 6 7 -2 -8 23 24 12 -12 -13 15 -1 17 -6 27 -20 -18 -16 -11 -3 26 -26 -5 -4
right_child=1 2 18 10 16 -7 8 -9 -10 22 11 13 -14 -15 21 -17 20 -19 19 -21 -22 -23 -24 -25 25 -27 -28 -29
leaf_value=0.048526873613166127 -0.00093168548124349083 0.0063079766006731239 -0.015114364835843417 0.014551658965832928 0.02780795538351714 0.047087898919196521 0.034694972697478871 0.0096514432368555482 0.0079336008706153704 0.0073476202519984525 0.011009113493436813 0.026216937058430603 -0.019700004942852428 -0.006604676459321758 -0.0021481586363848943 0.0071611122624552484 0.027468497482523453 -0.023577401966830131 -0.014351755339880255 0.021061051609432301 0.010966026977312814 0.006182586616401471 -0.014429055639802882 -0.0099249275787664515 0.0073553102545745215 0.039392595770340343 0.040593329681906404 0.00020025378627341252
leaf_weight=3.4614899307489377 198.83478742092848 11.447845198679714 8.968447716906665 6.7796482481062439 2.8883946500718594 3.4192471057176581 11.315589690580962 92.077598730102181 52.072069859597832 29.221244163345546 10.718102630227806 17.805203020572666 7.2228925749659529 4.4768810868263236 114.31421417929232 6.7830735901370645 14.965939417481421 6.2549188882112485 4.5040203053504229 16.106233302503828 90.002344034146518 86.385923876427114 8.174712742213158 480.97137602232397 12.210549663752316 4.2874892242252853 14.820632435381411 157.8217389411293
leaf_count=19 3002 365 162 60 14 15 83 989 523 782 80 101 58 35 2446 84 77 61 51 173 784 1275 301 25388 85 20 81 3065
internal_value=0.000300362 -0.00257119 -0.00618226 0.00795259 0.00564819 0.00466888 0.00425951 0.00241801 0.0127109 -0.00869103 0.0175165 0.0102661 -0.00135412 0.0196225 0.00239434 0.021138 0.0116632 -0.00734464 0.000910487 0.0133222 0.0133189 0.00143758 0.00258726 -0.00954754 0.0251712 0.0156811 0.0324197 -0.000623226
internal_weight=1478.31 1074.93 717.216 403.378 325.056 357.719 354.3 290.912 63.3877 529.815 78.3214 40.2231 17.941 22.2821 210.945 10.2446 114.112 9.14331 187.4 20.6103 104.968 200.7 37.396 492.419 38.0983 16.498 21.6003 166.79
internal_count=40179 34899 30287 5280 4760 4612 4597 3991 606 26836 520 274 138 136 3824 103 936 75 3451 224 861 3721 1083 25753 246 105 141 3227
is_linear=0
shrinkage=0.03


Tree=13
num_leaves=31
num_cat=0
split_feature=5 6 15 22 6 4 26 8 0 0 17 8 0 0 15 14 20 1 2 21 8 1 14 2 9 9 14 13 26 26
split_gain=30.5306 20.7662 9.96414 4.7766 4.38161 6.53027 5.59309 4.15722 4.6405 3.88135 3.80644 6.52637 6.2826 3.63188 4.17459 3.55902 3.37792 3.33617 3.25954 3.3555 3.21633 3.09612 3.44237 2.84208 2.76952 2.61543 2.46201 2.20427 2.06646 1.57677
threshold=0.87314432989690738 0.18090909090909094 0.13873295910184444 -0.037806830725846625 0.22840206185567014 0.98484536082474239 0.12172767569834181 0.96453608247422695 -0.12516957401625725 -0.37880104267278597 1.5998278008141871 0.80206185567010324 -0.16893606103836542 1.5107708689989272 0.51149577167019034 0.098678490697270041 0.35403733237104257 0.35773486417840283 0.14286196680457855 0.58027398492242921 0.020101010101010106 0.023652877305885462 0.32515060240963861 -0.018969897566007244 0.44164948453608249 0.040202020202020211 0.089815615096513993 -0.74323476355172768 0.23956429899349166 -0.26663450665800281
decision_type=2 2 8 2 2 2 10 2 2 2 8 2 2 2 8 10 10 2 2 2 2 2 10 2 8 8 10 8 8 10
left_child=1 3 21 24 5 9 23 8 -4 16 18 12 -12 14 -5 -15 -2 -13 20 -20 -6 26 -23 -7 29 -11 -3 -9 -26 -1
right_child=4 2 7 13 10 6 -8 27 -10 25 11 17 -14 15 -16 -17 -18 -19 19 -21 -22 22 -24 -25 28 -27 -28 -29 -30 -31
leaf_value=-0.018204414767588308 0.0066408819691510601 0.01340447493372646 -0.0025589560613872007 0.005361004735806061 0.021645510976567087 -0.014591737776120311 -0.052666088328385124 0.028685276328156994 -0.0092880735264502749 -0.0068649593359192216 0.012272489780196093 0.024691724459541396 -0.0038777703931974499 -0.013733652725644288 -0.0019882222626367179 0.018762077862744888 0.030870230833797967 -0.0088643641221406028 0.034849349579928031 -0.0059834878497496769 -0.000619575460973776 -0.0053707472161388615 0.016662324400127451 0.027665311957274619 0.031355082297122319 0.010573232894330526 -0.0039002747408112847 0.00099881633684473616 0.0080141786579809148 0.015892975615005089
leaf_weight=2.6091799661517143 7.7735220938921001 8.9541660258546454 116.36431222036481 129.58111761603504 6.0724644530564538 4.1256250273436308 2.5350222550332546 2.8705309815704823 444.78200710564852 8.2023526020348054 43.655343404971063 24.467379199340943 43.061417154502124 3.5861751530319479 150.18465080205351 19.67652153968811 15.512888211756943 2.9926909096539012 4.9988276176154605 2.8404613044112921 152.02088905964047 8.654637564904986 24.302544435486197 2.1943529620766622 10.317279400303955 137.54692718852311 42.616934131830931 26.29985209135339 5.1018537096679237 2.2934956569224623
leaf_count=52 50 160 3577 2037 58 43 21 41 22923 81 407 209 719 43 3356 104 73 31 35 41 2290 174 405 18 115 1276 1192 667 85 41
internal_value=-1.616e-06 -0.00294403 -0.00593924 0.00330708 0.00641128 0.0100934 -0.01502 -0.00731866 -0.00789266 0.0114089 0.00407289 0.00828882 0.00425267 0.00236283 0.00141577 0.0137525 0.0227819 0.0210347 0.00117194 0.0200541 0.00023564 0.00369419 0.0108764 8.02884e-05 0.0173871 0.00959186 -0.000895693 0.00372332 0.0236321 -0.00225349
internal_weight=1456.2 998.195 674.845 323.35 458 177.891 8.855 590.317 561.146 169.036 280.109 114.177 86.7168 303.028 279.766 23.2627 23.2864 27.4601 165.933 7.83929 158.093 84.5283 32.9572 6.31998 20.3218 145.749 51.5711 29.1704 15.4191 4.90268
internal_count=40324 34972 29139 5833 5352 1562 82 27208 26500 1480 3790 1366 1126 5540 5393 147 123 240 2424 76 2348 1931 579 61 293 1357 1352 708 200 93
is_linear=0
shrinkage=0.03


Tree=14
num_leaves=31
num_cat=0
split_feature=5 8 6 6 0 5 13 0 17 25 25 25 20 4 1 20 22 1 22 13 22 12 22 21 7 18 24 18 21 0
split_gain=25.1242 18.9899 12.5763 6.6552 5.14439 4.95163 4.51769 4.39133 4.18583 4.0759 5.02588 5.37322 3.88285 3.71862 3.4676 3.40936 3.22593 4.98856 4.19508 2.96806 2.90967 2.88676 2.8685 3.7199 2.82334 3.09145 2.73611 2.71853 2.00016 1.12774
threshold=0.79190721649484541 0.96453608247422695 0.12685567010309282 0.18090909090909094 -0.41490318891724931 0.9076898800757417 -0.67725042587741979 -0.39586180350706029 0.48547287976516962 5.2825022003789259 4.795723788570041 4.5511169283073558 0.42000876546712074 0.98484536082474239 0.12476370461703223 0.55142529002772556 -0.020141034273591939 -0.34275384798689229 0.0049470818759360206 0.8274527329950897 0.099526812123520256 0.48994362261051444 0.0056291879523440412 0.60695996251397077 0.15731958762886603 0.8255434782608696 -10.394201616079686 0.85880398671096347 0.63240878371585862 0.42347291402873227
decision_type=2 2 2 2 2 2 10 2 10 8 10 10 10 2 2 10 2 2 2 8 2 8 2 2 8 10 8 10 2 2
left_child=1 2 4 9 -1 14 12 8 -4 10 11 -2 21 -14 20 -6 17 -7 -18 -12 -5 -3 27 -24 29 -26 -16 -11 -9 -8
right_child=3 6 7 5 15 16 24 28 -10 22 19 -13 13 -15 26 -17 18 -19 -20 -21 -22 -23 23 -25 25 -27 -28 -29 -30 -31
leaf_value=0.042158472628078578 0.01167213597190616 0.030122467445472974 -0.0039155630855298492 -0.0034292740923959884 4.5912030763758411e-06 0.044801220144559027 -0.013602813700418043 -0.0063605047825477396 0.020496791956649184 0.0072959807107884894 0.01413391829571378 -0.01620894360119254 -0.0041973496955032006 0.043882991423520847 0.049295397668044229 0.014277821860545811 -0.0021478188845649973 0.0092401047477227143 0.0068334667902276054 0.033784681145984416 -0.05647004111040934 0.0099426082125851113 0.002377005872660958 -0.023498915737097521 0.0088139424749453608 -0.016411107835576592 0.0061108770145546784 0.031070755458383351 -0.010146135696787925 -0.057233841919691497
leaf_weight=2.8221667408943167 66.740088148973882 19.253597083501521 18.268462995998565 131.76600537542254 161.57687551807612 3.9493486359715453 1.5508316531777375 366.72138429712504 9.6658850107341987 54.532753394916654 13.680823517031966 6.860436317510902 9.8686934839934075 1.6966329030692584 1.4041032642126081 16.609880317933857 75.727877599187195 35.138255733065307 122.55817600805312 13.993120508268477 0.93744397535920043 9.5417403373867256 42.037499127909541 5.6751661449670783 30.915630676783621 5.0929392473772159 22.162161741405729 4.701761567965149 191.05200055940077 0.8124872688204049
leaf_count=12 643 160 302 3471 3094 24 55 16398 131 451 132 72 138 10 10 267 1036 435 1456 87 18 109 367 76 497 76 380 43 10459 16
internal_value=-0.000164157 -0.00349913 -0.00493991 0.00452053 0.00197158 0.00222615 0.0105316 -0.00707586 0.00453164 0.00885804 0.0131713 0.00907329 0.0175385 0.00285603 -0.00192074 0.00133509 0.00495617 0.0128331 0.0034034 0.0240702 -0.00380396 0.0234356 0.00477357 -0.000700796 0.00316144 0.00524619 0.00868386 0.00918311 -0.00765718 -0.0286028
internal_weight=1447.31 845.449 766.717 601.865 181.009 393.643 78.7326 585.708 27.9343 208.222 101.274 73.6005 40.3607 11.5653 156.27 178.187 237.374 39.0876 198.286 27.6739 132.703 28.7953 106.947 47.7127 38.3719 36.0086 23.5663 59.2345 557.773 2.36332
internal_count=40425 31724 30663 8701 3373 6830 1061 27290 433 1871 934 715 417 148 3879 3361 2951 459 2492 219 3489 269 937 443 644 573 390 494 26857 71
is_linear=0
shrinkage=0.03


Tree=15
num_leaves=28
num_cat=0
split_feature=8 5 1 10 11 24 10 2 1 3 3 24 14 3 19 17 24 23 24 2 12 23 8 11 17 19 4
split_gain=25.1143 25.0624 7.36171 5.18532 6.39915 6.99429 4.86128 4.80091 4.70103 4.36544 7.44213 4.31383 3.9449 3.88476 3.53328 3.48815 3.45743 3.16048 3.28157 3.45065 3.12323 2.81819 3.34164 3.07385 2.69984 2.3102 2.15396
threshold=0.95979797979797987 0.79190721649484541 0.12476370461703223 0.13701030927835053 0.19266469389100219 6.9723390828576868 0.035463917525773207 0.020636399060082768 -0.4668339530629127 0.35025773195876292 0.19793814432989695 4.0951329806224832 0.80537518037518052 0.78460972017673059 30.500000000000004 -3.8968433418373061 4.0951329806224832 -2.0626322437928053 -1.4462934591535486 0.07670620220658643 -0.33679921299414506 0.05997421772406325 0.99500000000000011 -0.16825426745849012 -0.11638091945532382 109.50000000000001 0.18090909090909094
decision_type=2 2 2 2 10 10 2 2 2 2 2 8 10 2 8 10 10 2 8 2 8 2 2 8 10 8 2
left_child=1 2 6 4 5 -3 13 16 -8 10 21 12 -4 -1 -13 -12 -5 -11 24 -20 -9 22 -2 -23 -19 -17 -6
right_child=9 3 11 7 26 -7 8 20 -10 17 15 14 -14 -15 -16 25 -18 18 19 -21 -22 23 -24 -25 -26 -27 -28
leaf_value=0.013775349562659448 0.012943093387377463 0.0046172120231259897 -0.0081558319846454352 -0.0053248951803235326 0.012026596239918516 0.034660946082703238 0.01570178665271061 0.026286155988743235 -0.0066905933923661542 -0.024163314271415041 -0.057712213975397587 0.025969499817562088 0.0094101482015597794 -0.019515205334677856 0.0053969976379035431 -0.02832488759882517 0.0053782628069311217 -0.015263003348879287 0.013530868863063126 0.027287077012588777 0.0041251889514481964 0.047057459851276455 -0.018576347012065467 0.012647184948846427 0.018901003438806734 0.0018079497174011434 0.03191852278553374
leaf_weight=18.124045566655699 8.2471317527815717 206.16191540285945 37.523416885640472 110.01472760131583 8.5828612633049506 7.2181154899299136 8.5547360572963935 5.9732258506119251 617.84797462821007 1.9293223116546858 1.7153572933748353 9.5961347902193648 16.594930038787425 3.8196071758866301 34.621320135425776 4.0219287723302832 36.067736650351435 5.7536258329637349 95.653622491285205 19.810312571935356 136.95253610145301 3.1309144608676434 4.7828297168016425 9.2070829765871149 3.2621505353599769 5.3172129839658728 11.415173811838029
leaf_count=270 100 2073 1199 2648 67 46 105 88 27657 36 24 146 331 77 770 83 622 128 977 150 2474 14 47 99 51 60 92
internal_value=0.000210969 -0.00121218 -0.00473848 0.00382818 0.00715431 0.00563352 -0.00589858 0.0011423 -0.00638478 0.0113027 0.00215164 0.00291027 -0.00276937 0.00798065 0.00986167 -0.0183911 -0.00268229 0.0139394 0.0145299 0.015891 0.00505135 0.0111035 0.00137344 0.0213792 -0.00290155 -0.0111688 0.0233812
internal_weight=1431.9 1269.07 746.682 522.386 233.378 213.38 648.346 289.008 626.403 162.831 36.4225 98.3358 54.1183 21.9437 44.2175 11.0545 146.082 126.409 124.48 115.464 142.926 25.368 13.03 12.338 9.01578 9.33914 19.998
internal_count=40434 38665 30555 8110 2278 2119 28109 5832 27762 1769 427 2446 1530 347 916 167 3270 1342 1306 1127 2562 260 147 113 179 143 159
is_linear=0
shrinkage=0.03


Tree=16
num_leaves=31
num_cat=0
split_feature=6 10 0 8 8 11 13 19 22 0 20 19 7 23 14 14 1 20 11 20 11 13 12 7 3 1 23 0 26 10
split_gain=23.6992 24.4526 7.65116 6.67493 5.80391 5.86409 5.3589 6.8668 4.87454 9.29432 5.25125 5.59812 5.18694 4.7823 7.34116 4.30868 4.21385 4.19118 3.70464 3.43443 3.2277 2.91661 2.8873 2.8347 2.54478 2.51455 2.44531 2.37955 2.04142 1.62751
threshold=0.20101010101010106 0.14716494845360825 -0.28548716240906924 0.9384599200504945 0.95438144329896912 0.33794028136690996 0.34812473107938119 40.500000000000007 0.022311600053978097 0.48380961227301805 0.45252431418230005 36.500000000000007 0.91376288659793825 0.35111757596963594 0.5988505747126438 0.026846846846846854 -0.18760643146053682 0.37443817987133859 -0.38434845016290881 0.35671827594188571 -0.62408183717811194 -0.70771617665468123 -0.45681376828601294 0.81221649484536096 0.055773195876288664 -0.048656055185008464 -0.23640200701023342 0.14182165812467842 2.2493483811476618 0.30963917525773205
decision_type=2 2 2 2 2 10 10 8 2 2 10 8 10 2 10 10 2 10 8 8 8 8 10 10 2 2 2 2 8 2
left_child=2 8 13 23 5 20 17 -8 9 18 16 -12 -11 19 28 -7 -10 -6 -2 -1 -4 26 -21 29 -25 -16 -5 -23 -15 -3
right_child=1 3 4 21 6 15 7 -9 10 12 11 -13 -14 14 25 -17 -18 -19 -20 22 -22 27 -24 24 -26 -27 -28 -29 -30 -31
leaf_value=-0.0041693116834244648 0.0076965667111729774 -0.0050199371713631029 0.04417268744877545 -0.0038704748332403028 0.018242978108365001 -0.019310870901249996 -0.047015065656227109 0.0033563974708876159 -0.020490196253974177 0.010163041825290641 0.0030274278548115402 0.030499644239055834 0.041747675766884131 -0.048862245760178495 0.032380796298498472 0.011241000203865101 0.0076865977539875303 0.0039227705386927214 -0.0021104922046737296 0.03591500082389875 -0.00019674952694087532 -0.011324345664694787 0.015689132092955606 0.019325327114954789 -0.0035792281757310225 0.0046515580639277625 0.040125628953919884 0.0042840145642651034 -0.0052417973096698846 -0.0093022634137237027
leaf_weight=3.4662245139479664 43.728434778749943 101.62720177369192 1.4835392311215398 1.7353496048599479 55.649886645376682 4.4114435249939552 2.8364935480058193 17.238959154114131 5.4798930408433071 13.730838048271837 10.427034457214175 18.555562201887373 7.0988353556022039 2.4204853158444193 4.722553053870798 71.307704346720129 37.23125097900629 27.475836984813213 167.28595370287076 15.458485905081037 275.68703721277416 11.068268261849878 10.783052531071004 4.6414900035597375 73.458052300382406 7.8118795249611113 3.2972939303144813 42.719868136104196 1.6064509060233829 373.15949904592708
leaf_count=33 509 4500 9 38 407 59 31 150 77 139 114 153 41 32 27 723 473 213 2904 88 6036 345 108 88 2730 67 33 1068 23 19247
internal_value=-0.000164279 -0.00303803 0.00507138 -0.00649225 0.00389215 0.00206204 0.0101501 -0.00376067 0.00392311 0.00180902 0.0107597 0.020616 0.0209272 0.0166954 0.00377785 0.00946103 0.00407148 0.0135097 -7.8179e-05 0.0238967 4.07353e-05 0.00311558 0.0276039 -0.00751441 -0.002218 0.015099 0.0249549 0.0010722 -0.0314609 -0.00838564
internal_weight=1417.6 915.245 502.36 611.707 456.091 352.89 103.201 20.0755 303.538 231.844 71.6937 28.9826 20.8297 46.2691 16.5614 75.7191 42.7111 83.1257 211.014 29.7078 277.171 58.8208 26.2415 552.886 78.0995 12.5344 5.03264 53.7881 4.02694 474.787
internal_count=40465 32459 8006 28049 7628 6827 801 181 4410 3593 817 267 180 378 149 782 550 620 3413 229 6045 1484 196 26565 2818 94 71 1413 55 23747
is_linear=0
shrinkage=0.03


Tree=17
num_leaves=27
num_cat=0
split_feature=6 10 5 11 8 7 11 9 8 7 8 7 3 15 18 4 7 3 17 3 21 3 26 23 4 18
split_gain=24.6407 20.3055 7.53853 5.69939 5.42387 6.6449 5.30856 5.19831 5.18399 5.1247 4.60703 3.82144 3.58771 3.57947 3.6351 3.27266 3.17311 2.98621 5.85535 3.91112 2.46082 1.98502 1.95792 2.3896 1.52097 1.4818
threshold=0.14070707070707075 0.14716494845360825 0.88329896907216499 0.33794028136690996 0.98994949494949502 0.32161616161616169 -0.53988427421780638 0.93407216494845369 0.96453608247422695 0.87691984010098889 0.96984848484848496 0.6802061855670104 0.7817525773195878 0.97765293383270924 0.97467948717948727 0.23855670103092785 0.94422680412371141 0.611122448979592 -0.58494101093814044 0.8256364401430677 0.56668312953537714 0.31156565656565666 2.0359770937731021 2.9439801317104353 0.7309793814432991 0.87026647966339421
decision_type=2 2 2 10 2 10 8 8 2 10 2 10 2 10 10 2 10 2 8 2 2 2 10 2 2 8
left_child=3 4 9 6 7 -6 21 12 16 20 -11 -10 -2 17 24 -9 -8 18 -5 -19 -3 -1 23 -4 -15 -24
right_child=1 2 22 13 5 -7 8 15 11 10 -12 -13 -14 14 -16 -17 -18 19 -20 -21 -22 -23 25 -25 -26 -27
leaf_value=0.043719147172994521 -0.0026477160916286986 -0.0059884047589206712 -0.00068820366102624543 -0.016045700762717028 -0.0082176626547711875 0.04357543653143648 0.00016466546338056667 -0.0018342989554537904 0.019914607389693275 -0.001331741682442906 0.026995615042840329 0.0035418260415454469 0.006779498420830944 -0.01505247679200505 0.018061806423415708 0.0099112503681455227 0.012236891710495561 0.028395646479988667 0.012987810677397521 0.012484643233571575 -0.010261748386943001 0.015284890736696576 0.027579633983661214 0.032331612625616471 -0.055031287956725329 -0.0070897642140971317
leaf_weight=3.5810128822922689 149.00012070080265 235.72035750513896 130.80174531275406 8.1828150395303947 3.4368413053452951 6.3456812649965286 210.21745154308155 27.096599947661161 25.972591951489449 34.553259801119566 6.0757304560393086 25.35465245321393 48.04858607519418 3.0148926377296439 2.7244978547096252 100.66846145316958 21.609715897589922 19.286352161318064 26.490133445709944 49.824988080188632 249.80625625932589 5.7700035870075226 4.0151834301650515 2.0027090962976208 1.1962844301015136 1.5332085005939005
leaf_count=17 2571 11793 2411 89 30 30 3949 317 186 1415 62 195 713 46 18 1178 230 126 224 360 14232 35 49 29 16 32
internal_value=-0.000130925 -0.00265726 -0.00569208 0.00612878 0.0033699 0.0253792 0.00393442 0.00270704 0.00319998 -0.0073306 0.00290438 0.0118268 -0.000348973 0.0119259 -0.00894006 0.00742024 0.00128998 0.0133204 0.0061359 0.0169248 -0.00818706 0.0261739 0.000539199 -0.00019026 -0.0264094 0.0179993
internal_weight=1402.33 999.105 664.508 403.225 334.596 9.78252 292.505 324.814 283.154 526.156 40.629 51.3272 197.049 110.72 6.93567 127.765 231.827 103.784 34.6729 69.1113 485.527 9.35102 138.353 132.804 4.21118 5.54839
internal_count=40353 34862 30023 5491 4839 60 4612 4779 4560 27502 1477 381 3284 879 80 1495 4179 799 313 486 26025 52 2521 2440 62 81
is_linear=0
shrinkage=0.03


Tree=18
num_leaves=26
num_cat=0
split_feature=8 10 11 5 20 24 26 22 1 14 2 10 2 20 17 22 7 7 14 10 2 23 1 3 3
split_gain=20.315 17.9541 11.4155 8.07032 5.03641 5.99979 5.4495 4.73867 5.64622 4.03006 3.67109 3.50007 4.53907 3.3878 3.15211 4.35696 4.32184 4.73189 5.47428 4.61847 3.1082 2.75514 2.93945 2.72143 2.39087
threshold=0.96453608247422695 0.070353535353535376 0.34502195761366222 0.8325257731958764 0.45399396621778371 2.2843853144622419 -0.60294652262211057 0.0055051860586424447 -0.34275384798689229 0.95030864197530873 -0.060633330654046143 0.67005154639175268 0.012593084071723751 0.40794893052140718 -0.1926031943523043 -0.045574489649466067 0.035463917525773207 0.71067010309278367 0.6256868131868133 0.29146464646464648 0.075291631288380803 -0.85176722022123397 0.0025340949723863426 0.96984848484848496 0.85640648011782039
decision_type=2 2 10 2 10 8 8 2 2 10 2 2 2 8 8 2 8 10 8 2 2 2 2 2 2
left_child=1 4 3 23 5 9 -7 10 -9 -1 -6 13 -13 -4 15 -2 -16 19 -19 -18 -5 22 -17 -3 -23
right_child=14 2 11 20 7 6 -8 8 -10 -11 -12 12 -14 -15 16 21 17 18 -20 -21 -22 24 -24 -25 -26
leaf_value=-0.0074515855067723664 -0.043553520724774149 -0.0064966180597811115 -0.0015588945732822649 -0.0010812455895685123 -0.0087118520073179301 0.025669586028851117 0.0045266555598714696 -0.020807903678990457 0.020645888453752953 0.016953253066534814 0.011070196412855489 -0.017301132865850874 0.0039773659254984054 0.014318787557275012 -0.026488015045140305 0.0049777427276204936 0.028147440258061908 0.013414132212758457 -0.011306370887034855 0.011509819143889233 0.0087699163469755984 0.0014672858037784618 -0.028767301490158246 0.0045520952059908823 0.015071707591376033
leaf_weight=51.344795455224812 1.657961637713014 616.79335719696246 16.252468331716955 214.55167307937518 13.422073902562259 13.32267904281616 62.171194246970117 3.1581111438572398 46.469366943463683 6.9092663116753092 22.759558344725519 10.931908901315181 51.657015731558204 47.273491758853197 2.415137047879397 5.6716546285897476 28.425382673740387 26.27913536131382 11.630295661278067 31.831730665639043 33.29934073984623 21.58894878719002 3.9351061997003853 20.738542395178229 25.193682828918099
leaf_count=828 22 28940 294 4027 153 122 668 30 346 64 238 300 937 662 34 69 229 223 108 394 546 289 69 596 190
internal_value=-0.000158554 -0.00146059 -0.00314853 -0.00435136 0.00631571 0.0026763 0.00825783 0.0119883 0.0180079 -0.00455703 0.00373177 0.00529587 0.00026082 0.0102566 0.00994604 0.00437933 0.0131587 0.0141341 0.00583009 0.0193584 0.00024228 0.00578865 -0.00884485 -0.00613721 0.00879363
internal_weight=1389.68 1231.05 1011.5 885.383 219.557 133.748 75.4939 85.8091 49.6275 58.2541 36.1816 126.115 62.5889 63.526 158.629 58.0474 100.582 98.1665 37.9094 60.2571 247.851 56.3894 9.60676 637.532 46.7826
internal_count=40378 38751 36302 34109 2449 1682 790 767 376 892 391 2193 1237 956 1627 639 988 954 331 623 4573 617 138 29536 479
is_linear=0
shrinkage=0.03


Tree=19
num_leaves=32
num_cat=0
split_feature=5 11 10 10 2 21 22 19 9 24 24 10 25 21 20 15 22 13 15 4 15 13 16 15 3 22 21 11 5 25 4
split_gain=21.6606 10.4259 9.33916 4.77326 6.35448 4.26659 4.76616 4.69983 4.00798 3.92631 3.88798 3.89435 3.79854 3.53488 3.43014 3.42601 3.32279 3.73402 3.67997 3.15872 3.14791 2.93968 2.75787 2.75301 2.66942 2.54864 2.46657 2.4039 2.56676 1.82618 1.30473
threshold=0.87314432989690738 0.3637841842348522 0.13701030927835053 0.070353535353535376 0.1335161845900886 0.58723108843862637 0.053835329181755667 65.500000000000014 0.47448713943559312 -1.6098560919052318 1.3159137325578389 0.45180412371134027 4.2880505121907051 0.56847891944347961 0.48880482522453977 0.34281045751633993 0.018547091977350147 -1.7969840918125191 0.95530586766541836 0.30151515151515157 0.75721732157177235 -0.70771617665468123 0.9510621999550577 0.011299795709908071 0.3401030927835052 0.0029742305549407973 0.43525428051792336 0.3757620241413307 0.8256364401430677 4.0577334365465925 0.14070707070707075
decision_type=2 10 2 2 2 2 2 10 10 10 10 2 8 2 8 10 2 8 8 2 8 8 8 8 2 2 2 8 2 10 2
left_child=1 2 16 5 9 6 7 -2 15 23 27 24 -8 21 -13 -6 17 -1 -18 22 -11 -4 -7 -5 -12 -15 -10 30 -29 -21 -3
right_child=3 10 13 4 8 19 12 -9 26 20 11 14 -14 25 -16 -17 18 -19 -20 29 -22 -23 -24 -25 -26 -27 -28 28 -30 -31 -32
leaf_value=0.041060932624412745 0.011776775161365129 0.051792341993190945 0.0083944548083550782 0.024101877687911 0.042834328364084281 -0.0097975615246010637 -0.043534951746162558 -0.0056380335017519349 -0.014222612399687074 0.0067170332712365157 -0.005072838971236269 -0.0048708978283311059 0.0044076975863638285 -0.0043310438627383848 0.011211255486921392 0.0063215436308610169 0.012184778178441897 -0.00013458651649257325 -0.017157416086835797 0.0351304481593935 -0.0061874348072700853 -0.0033992285478558039 0.017913836502344588 -0.0030816345187983092 0.026859548536085305 -0.0097048850600572872 0.017227319338350207 -0.0021231530472607552 -0.031715735213595483 0.012688615730852998 0.0074456105624024823
leaf_weight=2.0075392015278339 91.136263957247138 0.99268702045083079 20.256303765345365 3.4739443268626919 7.8551817238330859 4.3783156052231815 2.8419261090457431 16.467327304184437 3.5478464365005475 156.61485579703003 2.7578480141237405 16.832312695682049 3.1205203831195831 153.88015791960061 41.035386749077588 3.2779502905905247 43.058908248320222 145.64508257946 4.2241992037743321 12.185419693589212 19.086508629843593 312.01677224831656 12.347590815275906 96.341654778458178 16.174569595605135 164.17001524195075 6.1088773924857378 20.975828855764128 3.0173892378807059 4.4570557847619048 1.4982988564297555
leaf_count=18 735 5 564 37 48 41 25 169 35 2125 48 323 21 7678 496 37 594 2739 78 75 308 13158 87 1555 119 8498 70 622 67 31 45
internal_value=0.000540095 -0.00201827 -0.00311771 0.00601503 0.00382274 0.010436 0.00766496 0.00911167 0.0198161 0.00261592 0.00697935 0.0103974 -0.0184436 -0.00484419 0.00653335 0.0320838 0.00264198 0.000425523 0.00956339 0.019867 0.00531522 -0.00268025 0.0106599 -0.00213555 0.022208 -0.00710489 0.00567272 -0.00293248 -0.00584472 0.0291203 0.0251183
internal_weight=1391.78 948.543 845.259 443.241 296.307 146.934 113.566 107.604 20.7899 275.517 103.284 76.8001 5.96245 650.323 57.8677 11.1331 194.936 147.653 47.2831 33.3684 175.701 332.273 16.7259 99.8156 18.9324 318.05 9.65672 26.4842 23.9932 16.6425 2.49099
internal_count=40451 35052 33327 5399 4215 1184 950 904 190 4025 1725 986 46 29898 819 85 3429 2757 672 234 2433 13722 128 1592 167 16176 105 739 689 106 50
is_linear=0
shrinkage=0.03


Tree=20
num_leaves=29
num_cat=0
split_feature=6 15 15 7 8 13 12 17 14 9 3 8 23 17 14 13 17 21 17 26 2 8 13 20 4 3 21 26
split_gain=17.8589 12.3723 7.85313 6.29254 4.06503 4.85084 3.93628 3.58329 3.9896 3.41645 3.1415 3.14082 5.60109 4.16751 3.12964 3.52211 3.37902 2.96615 2.95741 3.47061 3.20589 2.05111 1.9503 3.31798 1.9668 1.69981 1.39142 0.927305
threshold=0.18090909090909094 0.21966051857792038 0.43749192819320687 0.95438144329896912 0.95438144329896912 -0.74323476355172768 0.65505654180495443 0.4320042163064805 0.015504807692307694 0.90360824742268053 0.010050505050505053 0.98994949494949502 -1.0000000180025095e-35 0.59523821840384583 0.050316455696202543 -1.5672267497706189 0.58180778513759812 0.70643365523003465 -2.2697467816704546 1.0738906257947807 0.11704829797950135 0.025309278350515465 1.9644320352981277 0.57119881034056974 0.87314432989690738 0.72082474226804127 0.40613503663260447 -0.035855374727979013
decision_type=2 8 8 10 2 8 10 10 10 10 2 2 2 10 8 8 10 2 8 10 2 2 10 10 2 2 2 10
left_child=2 11 10 4 9 -6 14 8 -8 -3 -1 22 13 -13 16 -16 -4 21 20 -20 -12 -5 24 -24 -2 -19 -14 -9
right_child=1 3 6 17 5 -7 7 27 -10 -11 18 12 26 -15 15 -17 -18 25 19 -21 -22 -23 23 -25 -26 -27 -28 -29
leaf_value=0.043523040141631719 0.00065183227540869507 -0.0072076023864693362 7.3632477798867959e-06 0.041947516748188314 0.033331113569698825 -0.00021986231537122108 -0.044265683896282479 0.047669783294953666 0.008454073191495378 0.0013767172586483395 -0.014164338124487353 -0.027611989930035399 0.018427713888870701 0.025912460248776026 -0.042045978120653832 -0.0021752654091101004 0.022464983413371331 0.010990798870941851 0.0074336209902817934 0.018573451519040215 0.030568224612038678 0.011012461151275266 -0.036816180590786743 0.028189210130913096 0.0068553030354288223 -0.025667080250090651 0.044540187310702348 0.020919436223128755
leaf_weight=2.2832809016108504 236.87363121891394 493.74097913317382 15.68694416806102 2.1474206298589769 4.3525429000146687 35.600390751846135 1.3529124632477785 2.3403709698468447 28.641866467893124 45.577734313439578 9.1527317790314537 3.3082203529775143 3.1902045644819719 2.1666939128190279 2.0193848544731736 158.97678828425705 9.7948509790003282 1.8263075426220883 188.49272346124053 29.049624100793153 1.7115706764161576 18.963741551619023 2.7437772611156102 0.95181365590542544 57.081814887467772 3.0225612474605441 4.3283228129148483 2.3248399868607512
leaf_count=9 4980 24205 283 19 43 883 20 17 331 1422 123 31 24 16 20 3523 96 68 2342 333 13 308 66 21 989 72 22 24
internal_value=-0.000244724 -0.00265252 0.004636 -0.00515056 -0.00579813 0.00343524 0.000596393 0.00988033 0.00607615 -0.00648214 0.00850834 0.00221443 0.0166523 -0.00642972 -0.00112918 -0.00267537 0.00863976 0.00929924 0.00815831 0.00892118 -0.00711714 0.0141592 0.00158417 -0.0200738 0.00185645 -0.01186 0.0334603 0.0343391
internal_weight=1367.7 915.876 451.828 605.232 579.272 39.9529 221.138 34.66 29.9948 539.319 230.69 310.644 12.9934 5.47491 186.478 160.996 25.4818 25.96 228.407 217.542 10.8643 21.1112 297.651 3.69559 293.955 4.84887 7.51853 4.66521
internal_count=40303 33169 7134 27020 26553 926 4314 392 351 25627 2820 6149 93 47 3922 3543 379 467 2811 2675 136 327 6056 87 5969 140 46 41
is_linear=0
shrinkage=0.03


Tree=21
num_leaves=25
num_cat=0
split_feature=8 15 1 11 11 1 21 11 19 22 13 9 24 20 9 7 21 15 7 12 21 24 7 18
split_gain=18.922 17.1553 5.68243 5.14278 5.09537 5.03351 4.08249 3.65471 3.57187 5.00175 3.49809 3.42076 3.21869 3.05558 2.93511 2.84891 2.66183 2.65278 2.57023 2.48764 2.22642 1.67513 1.60481 0.973523
threshold=0.95979797979797987 0.24278267842822779 0.12476370461703223 0.87536584666294825 -0.3456179386566624 -0.2605702570763811 0.65978117265195924 0.75528110364244061 44.500000000000007 0.023583602967906282 0.57417288401758448 0.11055555555555556 -1.32724569150273 0.36780304416595694 0.66163265306122454 0.99500000000000011 0.30146669341657456 0.12717187917669076 0.8666631601094047 0.27222792535047891 0.61884907320734583 4.6773278503575364 0.79486640016831489 0.091966173361522213
decision_type=2 8 2 10 10 2 2 10 10 2 8 8 8 10 10 10 2 10 10 8 2 10 8 8
left_child=1 4 14 6 8 13 11 19 17 -10 -5 18 -13 -6 20 -16 -7 -1 -2 -4 -3 23 -9 -8
right_child=3 2 7 10 5 16 21 22 9 -11 -12 12 -14 -15 15 -17 -18 -19 -20 -21 -22 -23 -24 -25
leaf_value=0.018257388853878568 0.0037132890601448568 -0.004954062201949984 0.0052079354719417976 0.0010931606630837027 -0.0026485315501386716 0.0085879168479153761 0.0068184990780208047 -0.0015227891492497921 -0.0061143444171902527 0.02060834027382559 -0.038518166138596925 -0.0041855911420101812 0.014662653327192415 0.022837262043988418 -0.0025715707845830613 0.026535638032351806 -0.00012522177409741257 -5.8009436581362558e-06 -0.030098765247919768 -0.004354611971807444 -0.0092709415226915667 0.021141114417065905 0.02713868847216018 -0.022000549063408589
leaf_weight=41.229774415493011 13.259255110286174 304.88320488622412 49.998058630153537 5.6578845679759961 5.8246872164309051 35.438612529542297 1.3141308557242144 2.335023432504383 20.836406001821164 9.0382582712918502 3.1090549919754267 8.7402489772066456 121.60299194790423 15.50241718161851 194.24512398522347 3.074251855723559 287.98141739331186 8.6617621546611172 2.3877140246331683 47.979487860109657 166.10675439797342 1.2811115924268959 7.1173994531854996 5.34878861438483
leaf_count=341 195 12666 1151 33 93 657 25 41 264 76 35 162 1144 171 7040 32 6309 140 28 1315 8360 21 46 149
internal_value=-0.000205586 -0.00150702 -0.00416024 0.00939517 0.00334135 0.00176039 0.010668 0.00224384 0.0101742 0.00197032 -0.0129544 0.0118077 0.0133988 0.0158768 -0.00518968 -0.00211808 0.000829517 0.0150867 -0.0014464 0.000525167 -0.00647652 -0.0102759 0.0200585 -0.0163166
internal_weight=1362.95 1200.25 775.739 162.701 424.513 344.747 153.934 107.43 79.7662 29.8747 8.76694 145.99 130.343 21.3271 668.309 197.319 323.42 49.8915 15.647 97.9775 470.99 7.94403 9.45242 6.66292
internal_count=40494 38702 30651 1792 8051 7230 1724 2553 821 340 68 1529 1306 264 28098 7072 6966 481 223 2466 21026 195 87 174
is_linear=0
shrinkage=0.03


Tree=22
num_leaves=29
num_cat=0
split_feature=10 0 21 23 22 0 1 15 2 21 22 19 23 15 24 25 7 17 25 0 10 22 17 2 25 7 1 12
split_gain=13.2296 13.4878 7.00373 4.81386 4.67866 4.3982 4.37167 3.98243 3.8406 3.69696 3.66215 3.93167 3.80891 3.2498 3.16882 4.60994 3.11697 2.8837 2.71329 2.6125 2.17849 2.50358 1.78715 3.32249 1.61824 1.18341 1.08223 1.01384
threshold=0.070353535353535376 0.40069097509126622 0.58723108843862637 1.5924631145308525 -0.020141034273591939 0.70376492828747661 0.40893547550723797 0.20809943865276667 -0.030078689830561674 0.62900306006037143 0.050476737450185015 66.500000000000014 0.44394167613243063 0.63431372549019616 -3.0610877406910815 3.709264621223888 0.13065656565656569 -0.39118137585889184 4.5511169283073558 -0.30786669164605179 0.26131313131313139 -0.015065348553378528 -0.094688505665510569 -0.076301296579711658 5.6131332165174737 0.29146464646464648 -0.15878728582113238 0.19933767640195993
decision_type=2 2 2 2 2 2 2 8 2 2 2 10 2 10 8 10 10 10 10 2 2 2 8 2 8 10 2 10
left_child=2 6 10 4 5 -3 7 18 22 -6 11 13 -12 -1 15 -10 -13 -9 -2 -16 25 -22 26 -24 27 -5 -4 -8
right_child=1 3 8 20 9 -7 24 17 14 -11 12 16 -14 -15 19 -17 -18 -19 -20 -21 21 -23 23 -25 -26 -27 -28 -29
leaf_value=0.007669081488046227 -0.0022808333966162619 0.0012030578894376112 0.02011645208139673 0.017357524080244425 0.0030679568217376546 0.023560975627277932 0.044271034715508459 -0.0067154124326455414 -0.048618627610693493 -0.0061488367784019648 -0.0013513121927011878 0.0058230202662321647 -0.048792111387042772 -0.0098794268888853076 0.019014136702104525 0.019727234437389548 -0.01486353773634235 -0.0025735589189158029 0.0053721784049769409 -0.0012954716269220985 -0.00960968289512611 0.014917453890380681 -0.011659119827025843 0.026929550232205425 -0.0032886975210115253 0.045716594557814509 0.041648137510016454 0.017178661493203181
leaf_weight=139.10850298125297 128.63276604143903 14.471123960800471 2.9913750365376472 2.5387148498557499 197.07337608374655 17.488665563054383 2.2414399497210971 322.65588342165574 1.9252633228898051 48.882937344256788 4.3230066820979109 11.457733643241228 2.3517337553203106 10.193683385848997 19.110702294856317 1.6489223847165702 15.321269439533351 284.84721568413079 61.689720784779638 8.1232450101524574 4.3972779307514456 25.269680275581777 2.6327419877052298 8.4638229962438363 1.8937711743637917 2.7685245173051953 7.0575906001031381 2.791153946891427
leaf_count=1511 3139 355 19 42 3802 186 18 14815 24 1714 39 147 26 184 157 23 194 11858 1310 87 104 437 29 75 28 21 50 26
internal_value=3.37289e-05 -0.00132604 0.00650867 0.00395933 0.00263928 0.0134375 -0.003381 -0.00358702 0.0162283 0.00123615 0.00374559 0.00457242 -0.0180663 0.00647095 0.00947072 -0.0170878 -0.00601253 -0.00477337 0.000199757 0.0129563 0.0144488 0.011282 0.0260737 0.0177741 0.0203499 0.032151 0.0352386 0.0292452
internal_weight=1352.35 1117.64 234.71 312.89 277.916 31.9598 804.752 797.826 51.9537 245.956 182.756 176.081 6.67474 149.302 30.8081 3.57419 26.779 607.503 190.322 27.2339 34.9742 29.667 21.1455 11.0966 6.92637 5.30724 10.049 5.03259
internal_count=40420 37855 2565 6661 6057 541 31194 31122 464 5516 2101 2036 65 1695 291 47 341 26673 4449 244 604 541 173 104 72 63 69 44
is_linear=0
shrinkage=0.03


Tree=23
num_leaves=23
num_cat=0
split_feature=8 15 6 10 14 7 13 6 19 2 18 5 25 13 11 13 13 7 5 11 4 2
split_gain=16.7366 11.3168 7.3712 8.14464 5.72327 4.6209 4.2193 3.98116 3.36654 3.10499 3.01022 2.97474 2.80094 2.88469 2.74674 3.88773 2.68514 2.38154 2.35432 2.31592 2.11494 2.08132
threshold=0.96453608247422695 0.12717187917669076 0.13701030927835053 0.21824742268041239 0.395476616406849 0.035463917525773207 0.97940055365072365 0.096391752577319606 101.50000000000001 -0.061626677105598666 0.35214626391096987 0.88329896907216499 7.164993435219726 -0.95772374369873836 0.67721497383901064 0.17615441863191131 -0.81490563522752602 0.32994845360824748 0.64142857142857157 -0.48033177129553722 0.30963917525773205 -0.001328485424700274
decision_type=2 8 2 2 10 8 8 2 10 2 10 2 10 8 10 10 8 10 2 8 2 2
left_child=1 4 14 11 6 10 7 -1 9 -6 -2 -4 13 20 19 -16 -15 -14 -5 -3 -7 -8
right_child=5 2 3 18 8 12 21 -9 -10 -11 -12 -13 17 16 15 -17 -18 -19 -20 -21 -22 -23
leaf_value=-0.059303210437286868 0.00219465367785104 0.022368857029708398 -0.0022530443792581913 -0.0083231996756966235 0.013468078339939371 0.006703316675572178 -0.0034596819964001161 -0.0098814827855893649 0.038410723803673892 0.004252438896363479 -0.057004605180949325 0.0051612801631356073 0.010938027990968538 -0.025792661062471918 0.025435072192698582 -0.0072271362654161043 0.0098959430712857854 -0.045782195078466113 -0.0038793854654314563 0.00041711303881903467 0.036176135371417478 0.00636243670010088
leaf_weight=1.5744227916002298 1.5629372475668781 4.4217178784310818 142.82334263622761 304.04309240402654 42.607278448529541 3.3058858439326269 39.593428513035178 21.490867583081126 2.9950801879167548 144.4855985189788 1.5296241790056226 73.902610952034593 1.2077574143186205 1.9244944974780083 9.6672766394913179 4.9638943187892428 134.59525557793677 1.4858792470768092 165.81701248046011 198.61145864706486 6.4992820508778095 38.101093739736825
leaf_count=22 25 29 4385 18213 509 30 547 392 25 2142 17 970 18 20 62 51 1451 28 6968 3918 32 539
internal_value=-0.000162157 -0.00135509 -0.00301075 -0.00453583 0.00379237 0.00921042 -0.00198784 -0.013255 0.00685629 0.00635115 -0.0270861 0.000275208 0.00996367 0.0105217 0.00179986 0.0143538 0.00939285 -0.0203503 -0.00675495 0.000895185 0.0262392 0.00135705
internal_weight=1347.21 1195.1 904.25 686.586 290.848 152.111 100.76 23.0653 190.088 187.093 3.09256 216.726 149.019 146.325 217.664 14.6312 136.52 2.69364 469.86 203.033 9.80517 77.6945
internal_count=40393 38772 34596 30536 4176 1621 1500 414 2676 2651 42 5355 1579 1533 4060 113 1471 46 25181 3947 62 1086
is_linear=0
shrinkage=0.03


Tree=24
num_leaves=28
num_cat=0
split_feature=15 8 6 5 22 13 1 17 7 22 10 18 20 16 1 25 21 17 8 3 15 9 7 17 21 10 3
split_gain=16.7169 12.1934 7.71448 6.20148 5.19575 4.20232 3.57066 3.61753 3.66157 3.30011 3.2109 3.18513 3.16511 3.0255 2.87146 2.85708 5.26535 4.52799 3.47505 3.40099 2.55665 2.55451 2.44057 2.32302 1.33286 1.09987 0.337276
threshold=0.12717187917669076 0.96453608247422695 0.12060606060606062 0.87314432989690738 -0.033687162564287158 -0.70771617665468123 0.10522331759888232 1.7200123447937645 0.99500000000000011 -0.020141034273591939 0.035463917525773207 0.025320512820512824 0.37443817987133859 0.83574443159754985 0.40893547550723797 7.0721279916606834 0.23972442327171575 1.2011703392492574 0.97989898989898994 0.015154639175257735 0.11561079925153704 0.76409636019356209 0.96922996002524731 0.30165503550249606 0.28196500557505266 0.035463917525773207 0.18090909090909094
decision_type=8 2 2 2 2 8 2 10 10 2 2 8 10 8 2 8 2 10 2 2 10 10 8 10 2 2 2
left_child=6 2 4 14 22 12 15 8 20 -6 -5 -7 24 -13 -4 17 -17 18 -1 -19 -8 -14 -2 -18 -3 26 -9
right_child=1 5 3 10 9 11 7 25 -10 -11 -12 13 21 -15 -16 16 23 19 -20 -21 -22 -23 -24 -25 -26 -27 -28
leaf_value=0.0063620806387258864 0.028313817456253425 0.019440673679489841 -0.006374183821975409 0.013887955716060213 -0.016286702177637762 -0.023125645084118497 0.011445940958368896 0.030251682616316489 -0.02523590522471653 0.0015971769953514096 -0.00073548660415079204 0.010162549233894915 -0.020006264875114397 -0.0011369796033970719 0.018835644957758659 -0.056537588652521072 -0.0039114681923553543 0.034280136005331627 0.020740312944785119 -0.0089962773067157106 -0.015858970178178375 0.025708862247275647 0.0040017667303847374 0.0066810231180941555 0.041232101023625907 0.014398985069111053 0.044907861407937615
leaf_weight=131.795120828785 9.3928756210952962 4.5771516636013967 543.90071883052588 15.071794161573051 9.83247705362737 3.4846484735608092 68.862443268299103 2.9763227738440019 2.7199594629928461 167.20989822410047 130.70928371604532 59.188586330041289 2.3831891827285281 33.33887898735702 4.096981872804462 1.4977515526115883 47.452527219895273 1.7606056183576608 17.09013158082962 22.790527475997806 3.2310717683285466 2.0432955697178841 6.1487902393564591 30.682010524906218 5.6374308802187443 2.8635698165744543 2.690649164840579
leaf_count=2006 125 36 28360 131 186 25 656 24 26 3137 2495 652 31 525 111 17 752 19 112 345 42 11 92 433 28 37 16
internal_value=-0.000124801 -0.00207599 -0.00324821 -0.00472279 0.00206393 0.00731379 0.00565789 0.0110436 0.00893306 0.000603952 0.00077638 0.00503079 0.0222851 0.00609118 -0.00618571 0.0038842 -0.000820033 0.00604412 0.00801252 -0.00589285 0.0102222 0.00109615 0.0186952 0.00024801 0.0314674 0.0295529 0.0372104
internal_weight=1333.43 997.016 886.363 693.779 192.584 110.653 336.413 83.344 74.8135 177.042 145.781 96.0121 14.6411 92.5275 547.998 253.069 79.6323 173.436 148.885 24.5511 72.0935 4.42648 15.5417 78.1345 10.2146 8.53054 5.66697
internal_count=40430 35945 34637 31097 3540 1308 4485 801 724 3323 2626 1202 106 1177 28471 3684 1202 2482 2118 364 698 42 217 1185 64 77 40
is_linear=0
shrinkage=0.03


Tree=25
num_leaves=31
num_cat=0
split_feature=8 10 11 20 24 9 23 5 9 22 22 14 2 22 26 21 24 2 2 17 8 11 18 11 14 7 18 7 19 11
split_gain=13.8744 11.3874 9.28148 4.11929 4.9208 3.66227 4.11654 3.52519 3.47962 3.28814 4.10597 3.60033 3.21383 4.28911 2.90267 5.77249 3.5448 2.5628 2.48202 2.33327 2.3225 2.31893 3.74588 3.04157 2.73841 2.33075 2.1856 2.05263 1.70269 1.51866
threshold=0.95438144329896912 0.13701030927835053 0.32883917272078739 0.40794893052140718 3.1550328377142973 0.2893298969072165 -0.77246243379363844 0.8325257731958764 0.90360824742268053 0.016424606280323956 -0.033687162564287158 0.1420168067226891 0.075291631288380803 0.00079389018358104349 -0.42325079842343555 0.62740015711847208 6.4643585484768797 0.022191980091652231 -0.0063993499654495739 -0.83920687555013951 0.97989898989898994 -0.13033848677347667 0.028174603174603175 -0.24718579852132902 0.13994288045695638 0.92391752577319608 0.51250781738586626 0.8871765200925732 2.5000000000000004 0.3637841842348522
decision_type=2 2 10 10 10 8 2 2 8 2 2 8 2 2 8 2 10 2 2 10 2 8 8 10 8 10 10 8 10 10
left_child=1 8 7 17 -5 6 20 26 9 10 -1 -11 13 -8 15 -10 -16 -4 -9 -14 27 23 -23 25 -24 -7 -3 -2 -25 -22
right_child=5 2 3 4 -6 21 12 18 14 11 -12 -13 19 -15 16 -17 -18 -19 -20 -21 29 22 24 28 -26 -27 -28 -29 -30 -31
leaf_value=0.012019093164958552 -0.020744266076624406 -0.0068803813613342851 -0.010403013783252603 0.0027759342880619292 0.021857629540879223 -0.00053400479302036057 0.012727859000734124 -0.0046307176813662311 -0.0072188860178606607 -0.0092373391705763697 -0.0035824432509487312 0.010934212862653302 0.035196648383795742 -0.012919647401113933 0.0079702817099716727 0.019571974930047403 0.032250328314564251 0.0032720680572233432 0.002760758282150695 0.003463672605646013 -0.020370874778654458 -0.027495061450230882 0.0019713316200119465 0.036453157913527254 0.012421481116489209 0.023836733799394487 -0.0028049910150167636 0.024214242253069031 0.012198343818340394 -0.056890362507662502
leaf_weight=17.364592562429607 2.139621487818657 344.7424901931081 16.042297530453652 26.696576091926545 22.342396816238761 9.0044131595641392 11.142849073745316 72.589211359154433 28.377816549502313 9.7795003568753582 120.77456552442163 42.88638524711132 4.6031818967312574 12.397622620686887 114.29288804344833 9.7166106244549137 5.6806937120854846 53.354075997136533 93.619988510850817 3.8126096520572883 2.8162204744294286 2.5535368658602229 32.31076171528548 8.6696325000375491 74.846279521938413 5.8111629933118811 180.41340958978981 1.5955072585493324 3.7236504629254332 1.6111260969191787
leaf_count=231 53 19411 435 588 236 86 159 1724 384 132 2212 571 30 188 1364 113 41 1078 1959 51 52 24 372 59 836 34 7917 24 56 21
internal_value=0.000201395 -0.000993763 -0.00294584 0.00481402 0.0114696 0.00802342 5.226e-05 -0.00427516 0.00353739 0.000810413 -0.00162127 0.00718857 0.00490902 -0.000779436 0.00682914 -0.000385436 0.00911993 0.000110812 -0.000467351 0.0208206 -0.0189621 0.0103591 0.00841475 0.0181988 0.00927048 0.00902501 -0.00548031 -0.00153967 0.0291656 -0.0336604
internal_weight=1335.71 1158.67 809.8 118.435 49.039 177.038 40.1187 691.365 348.873 190.805 138.139 52.6659 31.9563 23.5405 158.068 38.0944 119.974 69.3964 166.209 8.41579 8.16248 136.919 109.711 27.2089 107.157 14.8156 525.156 3.73513 12.3933 4.42735
internal_count=40441 38396 33348 2337 824 2045 578 31011 5048 3146 2443 703 428 347 1902 497 1405 1513 3683 81 150 1467 1232 235 1208 120 27328 77 115 73
is_linear=0
shrinkage=0.03


Tree=26
num_leaves=24
num_cat=0
split_feature=6 10 8 3 22 22 19 13 5 11 7 2 20 24 17 12 7 7 11 24 13 7 19
split_gain=13.1387 16.4532 8.12525 3.99115 3.77367 3.3022 3.42104 3.28898 3.27781 3.32913 3.27748 4.77693 3.3646 3.25687 3.05812 2.92157 2.80438 2.70491 3.44565 2.24646 2.22058 1.60732 0.800671
threshold=0.14070707070707075 0.13701030927835053 0.95438144329896912 0.010050505050505053 0.064141060596837871 -0.033687162564287158 45.500000000000007 -0.70771617665468123 0.9384599200504945 0.064637350868242308 0.9497474747474749 0.016048576767411643 0.50773862362332178 14.423148707846989 0.44615376106148713 -0.39826624900901902 0.97989898989898994 0.86298969072164955 -0.32798965727832291 -12.311625039386351 -1.2481941460263226 0.90360824742268053 57.500000000000007
decision_type=2 2 2 2 2 2 8 8 2 10 8 2 10 10 8 8 8 10 8 8 10 10 10
left_child=3 4 8 -1 13 6 15 20 21 -10 12 -12 -7 14 -2 -5 -8 22 -19 -9 -4 -3 -6
right_child=1 2 7 5 17 10 16 19 9 -11 11 -13 -14 -15 -16 -17 -18 18 -20 -21 -22 -23 -24
leaf_value=0.04308867648671541 -0.0014300458705363778 -0.0070292231107678222 -0.0025492425433894538 -0.041753642201452168 0.023379022783939059 -0.00057017486921593697 0.029209621519169754 0.034253728704710038 -0.0083063593054238816 0.0063335956059112387 0.001952409517399199 0.013148383488337407 0.010056869430648875 0.046107651907030929 0.0050900152904229156 0.0056768523091751373 0.0072309264429025319 -0.034123149819824401 0.027531693253064052 0.0016138521430990888 0.032547092235922406 -0.00019768875703479659 0.043669443941671549
leaf_weight=2.4170190691947928 97.260483388323337 488.83041103254072 2.2316342554986477 1.4195174053311346 4.2908086590468866 168.52009381866083 12.779624209739273 1.9620343865826726 22.3987908330746 37.191672866232693 74.18226598855108 63.791865057311952 31.886919018812478 1.5793468579649914 193.6489538513124 6.6178379124030453 8.8384096380323154 1.5269743874669073 1.7515755817294123 57.944676537532359 5.944223768077789 33.09470084682107 2.9562009908258915
leaf_count=9 1527 26948 22 13 46 2908 135 13 459 600 1036 744 483 7 2760 110 90 23 19 1116 52 1204 24
internal_value=-0.000129899 -0.0019942 -0.00468695 0.0046641 0.0037785 0.00441176 0.0140108 0.00511878 -0.00583499 0.000830747 0.0035705 0.00712883 0.0011207 0.0031434 0.00291015 -0.00270008 0.0202238 0.0214268 -0.00118386 0.00268286 0.0229674 -0.00659604 0.0316559
internal_weight=1323.07 952.612 649.598 370.454 303.014 368.037 29.6554 68.0826 581.516 59.5905 338.381 137.974 200.407 292.489 290.909 8.03736 21.618 10.5256 3.27855 59.9067 8.17586 521.925 7.24701
internal_count=40348 34820 30414 5528 4406 5519 348 1203 29211 1059 5171 1780 3391 4294 4287 123 225 112 42 1129 74 28152 70
is_linear=0
shrinkage=0.03


Tree=27
num_leaves=31
num_cat=0
split_feature=10 6 0 22 22 15 24 17 11 3 5 1 6 24 24 11 5 9 0 21 9 17 19 25 19 21 1 1 9 22
split_gain=11.3066 11.3192 5.06896 9.19771 5.88478 4.61896 4.38126 4.19501 3.73192 4.00049 3.50242 3.45061 3.28865 3.22737 3.21157 2.85944 4.03391 3.27989 2.63879 2.41913 2.27766 2.19289 1.86596 2.13096 2.06389 1.74464 1.66415 1.52027 1.36972 1.25267
threshold=0.38072164948453613 0.18090909090909094 0.19922337768416423 -0.0085019040805083598 0.019587767197876717 0.10404971932638334 -1.5518395645897181 1.5998278008141871 -0.027465138021620202 0.611122448979592 0.9384599200504945 0.12476370461703223 0.8666631601094047 4.1826851720689193 4.9904162326536463 0.32883917272078739 0.94422680412371141 0.040202020202020211 0.33043355306276273 0.31824892518212505 0.91376288659793825 0.25277737057714367 63.500000000000007 5.2085766645096649 22.500000000000004 0.66723888919686292 0.29384155827355851 0.50154736029050861 0.14070707070707075 -0.00093683673465563811
decision_type=2 2 2 2 2 8 8 8 8 2 2 2 2 10 10 10 2 8 2 2 10 8 8 10 10 2 2 2 8 2
left_child=2 6 4 18 5 7 26 -1 14 -10 25 13 -13 -6 -5 17 -17 -8 20 -7 -4 -20 24 -24 -12 27 28 -3 -2 -27
right_child=1 10 3 8 11 19 15 -9 9 -11 22 12 -14 -15 -16 16 -18 -19 21 -21 -22 -23 23 -25 -26 29 -28 -29 -30 -31
leaf_value=0.00040434543831373185 0.01555321791955834 -0.004935558293331789 0.012533072084893963 0.017564684133511574 0.0025227816983104659 0.0044063544934892758 -0.029561782144106877 0.012176531425500721 -0.0065324429197331077 0.0070391253182428845 0.01007593175906232 0.0092223427375289335 0.030923010087496629 0.018757403209322815 -0.01180052362595737 0.010409071129726419 -0.0096438205805146685 0.0017707794103144177 0.0098312775755947206 -0.0034935761134694617 -0.027179809575905687 0.028508323213368301 0.0017443640321125817 0.022425981868812197 -0.013874933710887759 -0.0055575990083678445 -0.049727508243602475 -0.033649230373529973 -0.011144690836387954 -0.012056572833365515
leaf_weight=73.016328050289303 1.9074603319168151 255.74944102275185 8.5832158974371833 21.86354791093618 87.657463221345097 40.944890953600407 3.0768924704752854 43.458295217715204 41.160708738025278 37.227532663848251 5.2727889250963917 18.960176855325702 9.4017039313912374 12.605434214230625 3.958855560515075 76.399271816946566 10.238411422818897 132.0643829763867 7.3902996061369794 235.76963074342348 1.5317327990196634 24.133375558070838 11.306755549274387 7.4304492576047769 8.3912231624126417 43.03144134953618 0.92808442562818427 1.6703737787902344 18.537243872880936 70.299365700455382
leaf_count=981 39 13273 197 388 1890 1188 71 461 879 589 82 208 89 235 70 746 102 2983 112 7542 32 289 222 116 157 2605 17 32 580 4276
internal_value=0.000251057 -0.00257743 0.00298906 0.00793339 0.0016071 -0.000215078 0.00253476 0.00479671 0.00317126 -8.71395e-05 -0.00566073 0.00717725 0.0164159 0.00456386 0.0130627 0.00378488 0.00803932 0.0010574 0.0198518 -0.00232464 0.00651925 0.0241297 0.00379797 0.00994589 -0.00463256 -0.00648736 -0.0104374 -0.00512188 -0.00865382 -0.00958893
internal_weight=1313.97 646.304 667.663 145.849 521.814 393.189 243.152 116.475 104.211 78.3882 403.152 128.625 28.3619 100.263 25.8224 221.779 86.6377 135.141 41.6386 276.715 10.1149 31.5237 32.4012 18.7372 13.664 370.751 21.3728 257.42 20.4447 113.331
internal_count=40451 25301 15150 2556 12594 10172 4538 1442 1926 1468 20763 2422 297 2125 458 3902 848 3054 630 8730 229 401 577 338 239 20186 636 13305 619 6881
is_linear=0
shrinkage=0.03


Tree=28
num_leaves=30
num_cat=0
split_feature=5 6 10 0 22 11 22 1 4 1 22 7 12 10 19 0 11 12 7 22 7 12 21 16 1 3 11 24 25
split_gain=10.491 9.27855 4.53629 4.30973 4.22221 4.21434 4.16311 3.86736 3.82885 3.20863 3.12594 2.79364 2.7284 2.9605 2.70216 2.54396 2.48468 2.22567 2.20916 2.19805 2.18187 2.36868 2.18508 2.15671 1.96291 1.92402 1.74574 1.6453 1.59618
threshold=0.8461498001262362 0.12060606060606062 0.18778350515463921 0.99238187149619306 -0.026884080279522306 -0.62408183717811194 0.03466095677405593 0.067199485762541214 0.16747422680412374 0.17603699175275336 -0.049326315089121484 0.015154639175257735 1.1190828501609551 0.16080808080808084 66.500000000000014 -0.43798200637666873 0.33794028136690996 -0.77409184874894887 0.020101010101010106 -0.063747877029934716 0.8871765200925732 1.5321762690883458 0.56847891944347961 0.98150183240222277 0.06220863341804285 0.040202020202020211 -0.063493954935255545 0.63732049040636463 2.3983578649523785
decision_type=2 2 2 2 2 8 2 2 2 2 2 8 8 2 10 2 10 10 10 2 10 10 2 8 2 2 10 8 8
left_child=1 3 6 10 8 23 16 -8 25 24 26 17 19 -14 -13 -12 -3 -7 -11 -10 22 -22 -4 -6 -5 -2 -1 -25 -27
right_child=4 2 20 9 5 11 7 -9 12 18 15 14 13 -15 -16 -17 -18 -19 -20 -21 21 -23 -24 27 -26 28 -28 -29 -30
leaf_value=0.032020129958128064 0.044757935570541446 -0.0018410229416728186 -0.0037031692346935997 0.017730964270517704 0.034435978067792292 0.046776253615754521 0.002546167049811099 0.030498522734234229 -0.016474250400803081 -0.012064155570434699 0.039949284806393669 0.0029312538210165911 0.031019993294931013 -0.0091801084667350683 -0.0040156658198672616 0.00046844940302621859 0.021786989611403181 0.0072769061837623245 0.011578527631041906 0.0055454200000407917 0.0035605189070090611 -0.050532321292618455 -0.0079817111184388688 -0.0018234311304560135 0.043540555718163051 0.03912191751251895 0.0054246619363505664 0.023756823078427542 0.013708024674394942
leaf_weight=4.5458931205794215 3.1220719479024437 145.9872734202072 214.05180728621781 11.94944805651903 5.0876228325068924 2.210208635777235 10.965662270318719 7.5025883940979829 5.1837566792964926 5.0626925751566914 1.4811724126338948 322.71754163503647 6.3295322842895967 2.2294899970293045 59.717868702486157 176.71197983529419 4.1185202533379188 3.063291808590292 11.959285311400889 19.161408036947254 31.065511037129912 0.74606504524126549 215.6665986541193 4.876804195344449 3.4085317626595488 2.7708096653223011 4.3438871186226589 4.2221579998731604 11.275771916843951
leaf_count=49 22 3805 11218 100 37 15 214 97 80 45 6 4622 49 54 924 3355 51 43 84 269 1198 16 13540 41 19 26 68 28 129
internal_value=6.39202e-05 -0.00190061 -0.00375088 0.00341176 0.00375665 0.00273316 0.00046094 0.0139016 0.0119714 0.013517 0.00166277 0.00214552 0.00597902 0.0205485 0.00184648 0.000796621 -0.00119273 0.0238317 0.0045467 0.000856825 -0.00528925 0.0022919 -0.00585048 0.0187931 0.0234591 0.0234559 0.0190246 0.0100465 0.0187211
internal_weight=1301.54 849.567 630.104 219.463 451.968 401.895 168.574 18.4683 50.0728 32.38 187.083 387.709 32.9042 8.55902 382.435 178.193 150.106 5.2735 17.022 24.3452 461.53 31.8116 429.718 14.1866 15.358 17.1687 8.88978 9.09896 14.0466
internal_count=40204 33865 30139 3726 6339 5710 4167 311 629 248 3478 5604 452 103 5546 3361 3856 58 129 349 25972 1214 24758 106 119 177 117 69 155
is_linear=0
shrinkage=0.03


Tree=29
num_leaves=27
num_cat=0
split_feature=11 10 8 22 15 1 3 0 2 15 0 0 16 4 2 17 5 10 1 11 0 14 3 25 25 15
split_gain=11.3275 10.0579 7.85501 4.00538 3.66671 3.54912 3.45074 5.26467 5.82002 3.70259 3.14741 2.98033 2.80253 2.73844 2.59735 2.56824 2.51472 2.43277 2.33038 3.91975 3.34356 2.2423 2.06687 1.97266 1.81194 0.797492
threshold=0.33794028136690996 0.13701030927835053 0.96453608247422695 -0.035702161687317054 0.13873295910184444 0.12476370461703223 0.4721134020618557 0.11160433258978077 0.036252269381430974 0.98882646691635467 0.19922337768416423 0.11925276630740946 1.2502126146223596 0.26902061855670106 -0.027735511955157374 2.7269820616455713 0.64142857142857157 0.6802061855670104 -0.056929457038922937 0.19760127378176054 0.090874444740177154 0.93002855977152199 0.8666631601094047 2.7782319171786152 5.1488190147206518 0.43749192819320687
decision_type=10 2 2 2 10 2 2 2 2 8 2 2 10 2 2 8 2 2 2 10 2 8 2 8 8 10
left_child=1 4 16 17 12 10 7 23 -9 11 -6 -8 14 -14 -1 -7 22 25 19 -4 -20 -18 -3 -5 -19 -2
right_child=3 2 18 6 5 15 9 8 -10 -11 -12 -13 13 -15 -16 -17 21 24 20 -21 -22 -23 -24 -25 -26 -27
leaf_value=0.009507345678013283 0.042083061044890631 -0.0065057308933580684 0.023005637468069117 0.036265751242635487 -0.0049172074032531139 0.014036006550886616 -0.012237172071032757 -0.021666365146417083 0.0017535373702529382 -0.031293181822209686 0.0078204221741991937 0.01078058657015863 0.00044306020789191723 -0.043069632786929234 0.0027776985349440533 -0.0061807068913337674 -0.0010201023934200519 0.02431038366435382 -0.020380510447164459 -0.0086986503362818119 0.0057269437655586 -0.010494864938032613 -0.00054499347981593364 0.010011893010164427 -0.018745245739535885 0.021678222735752782
leaf_weight=101.57296041119844 4.5749828545376641 341.78054316178896 14.674436535686256 3.4305576123297188 103.73136975290254 21.843146019615233 5.3189238733611992 12.981720075942574 36.124382003676146 2.022120736539363 20.992163047194481 105.08720948453993 3.5815036036074153 2.0449561588466167 104.94844544958323 7.6310399565845755 250.06974084721878 1.8734073843806984 4.9062975049018851 4.6129273492842904 44.08111405139789 24.700686396565288 61.825250379741192 10.33759602252394 1.658421793952584 2.7661567935720086
leaf_count=1029 37 19129 168 40 2183 298 111 324 667 35 253 1365 32 24 1205 117 8727 23 114 52 617 774 2622 173 28 29
internal_value=3.39342e-05 -0.00111176 -0.00310939 0.00688315 0.00295961 -0.000560811 0.00578728 0.000158879 -0.00443776 0.00893489 -0.00277334 0.00967168 0.00551839 -0.0153718 0.00608753 0.00880178 -0.00408557 0.0245517 0.00658993 0.015423 0.00311217 -0.00187184 -0.00559265 0.0165535 0.00409299 0.0343945
internal_weight=1299.17 1113 746.651 186.175 366.346 154.198 175.303 62.8743 49.1061 112.428 124.724 110.406 212.148 5.62646 206.521 29.4742 678.376 10.873 68.2748 19.2874 48.9874 274.77 403.606 13.7682 3.53183 7.34114
internal_count=40176 37344 32203 2832 5141 2851 2715 1204 991 1511 2436 1476 2290 56 2234 415 31252 117 951 220 731 9501 21751 213 51 66
is_linear=0
shrinkage=0.03


Tree=30
num_leaves=28
num_cat=0
split_feature=8 15 23 6 5 5 21 6 10 16 16 9 2 10 2 13 10 13 21 20 3 24 13 12 8 9 1
split_gain=12.9443 9.83742 5.01777 4.33361 7.29646 3.20071 3.514 3.18124 2.9132 2.76968 2.85507 2.90284 2.6958 2.62685 2.4278 2.78769 2.2775 2.11904 4.01825 2.56463 2.03215 1.91733 2.70712 1.57599 2.66555 1.05679 0.405373
threshold=0.95979797979797987 0.10404971932638334 1.5924631145308525 0.12060606060606062 0.9076898800757417 0.93969696969696981 0.57877306687423791 0.98974332000841592 0.076082474226804128 0.99995404314270064 0.97976482899286021 0.22840206185567014 0.044769962319990524 0.2487113402061856 0.12959033823304478 0.17950919796528456 0.16080808080808084 0.74232077979355215 0.56486364009494727 0.56674705215440957 0.76409636019356209 3.1190437913127878 0.01267925737887743 0.44083054486351586 0.99500000000000011 0.51010204081632671 0.047351501625639281
decision_type=2 8 2 2 2 2 2 2 2 10 10 10 2 2 2 10 2 8 2 8 2 10 10 8 2 10 2
left_child=1 9 7 5 13 16 -7 14 -6 10 12 -12 -1 -5 15 -2 -3 18 -11 -19 -16 23 26 24 -4 -25 -23
right_child=2 3 21 4 8 6 -8 -9 -10 17 11 -13 -14 -15 20 -17 -18 19 -20 -21 -22 22 -24 25 -26 -27 -28
leaf_value=0.001970042844256462 0.0074797952379428746 -0.005494358226904199 -0.020736668544254967 -0.001867323140859897 0.010344096688813118 -0.023102841563070402 0.014142926967460384 -0.033692736353995098 8.3037364659359117e-05 -0.029490742345410437 0.028598071260319591 0.0080479765299547312 0.010154015820647478 -0.0062433497116218557 0.031598015958267688 -0.0037358871475893143 0.0039414540482353485 -0.0072906801079227366 0.0044596767762541201 0.014680523268185877 0.0067373949956292221 0.034166124078945655 0.0083483076057646426 0.034336115362146029 0.022641450025241133 0.0066080999389065663 0.048262257941338808
leaf_weight=130.72268793918192 104.4077167334035 27.069325003772974 2.5927238985896128 177.96997174364515 36.833217009902 8.8559268489480001 3.0700950883328906 1.7921667750924815 76.872448571491987 6.6295363241806609 8.9362352630123514 20.104089509695768 50.110505290329456 403.05938607780263 6.0949416775256378 24.65492351166904 153.97496024565771 10.860332639887934 5.9565961030311882 8.542396995238958 5.751801710575819 3.9302696343511325 3.3855233937501907 3.3090476784855127 2.5084135159850121 1.9756527617573736 3.4459527917206287
leaf_count=1908 1150 444 43 5742 366 117 39 34 1532 99 74 201 697 23897 45 343 2987 124 124 97 45 26 25 33 17 24 17
internal_value=0.000166187 -0.000976841 0.00804617 -0.0024382 -0.0035429 0.00153899 -0.0135147 0.00602515 0.00340695 0.00438675 0.0056401 0.0143716 0.0042379 -0.00490297 0.0065303 0.00533726 0.00253063 -0.00383627 -0.0134231 0.00238253 0.0195277 0.0216838 0.0305578 0.0124886 0.000593919 0.0239702 0.0407514
internal_weight=1293.42 1129.57 163.849 887.705 694.735 192.97 11.926 142.702 113.706 241.862 209.874 29.0403 180.833 581.029 140.909 129.063 181.044 31.9889 12.5861 19.4027 11.8467 21.1476 10.7617 10.3858 5.10114 5.2847 7.37622
internal_count=40250 38448 1802 35124 31537 3587 156 1617 1898 3324 2880 275 2605 29639 1583 1493 3431 444 223 221 90 185 68 117 60 57 43
is_linear=0
shrinkage=0.03


Tree=31
num_leaves=31
num_cat=0
split_feature=6 10 11 0 12 8 7 0 14 5 11 9 21 4 21 10 14 5 12 16 7 8 12 20 19 8 7 9 19 10
split_gain=10.9169 11.114 3.96968 4.534 4.31529 5.57623 3.88412 3.22325 3.43087 4.01942 2.81878 3.13914 2.74228 2.68991 2.52816 4.91432 3.04359 2.47422 2.9521 2.22457 2.14248 1.93091 2.94595 2.31064 1.92196 1.87752 1.80398 1.76198 1.64594 1.17377
threshold=0.13065656565656569 0.25886597938144335 0.40140975931477391 -0.29742417798140258 -0.41297107841154562 0.97989898989898994 0.8871765200925732 0.29367283011367823 0.023952954675846246 0.96984848484848496 0.21705040125270617 0.40305112985525365 0.69176759167597479 0.96453608247422695 0.57370862130305011 0.070353535353535376 0.96273148148148158 0.88329896907216499 -0.32729693171235635 0.70774644424753619 0.6802061855670104 0.13701030927835053 -0.4410004189968591 0.37152369872994034 73.500000000000014 0.96453608247422695 0.97469072164948456 0.14716494845360825 258.50000000000006 0.71067010309278367
decision_type=2 2 10 2 10 2 10 2 10 2 10 10 2 2 2 2 10 2 8 8 10 2 10 10 8 2 8 10 8 2
left_child=2 10 3 21 19 -6 17 28 20 -10 14 12 -12 -13 16 -16 -2 25 -19 -5 -9 22 -1 -23 26 -3 -8 -26 -4 -30
right_child=1 6 7 4 5 -7 24 8 9 -11 11 13 -14 -15 15 -17 -18 18 -20 -21 -22 23 -24 -25 27 -27 -28 -29 29 -31
leaf_value=0.018933466204377043 -0.0012036638498381528 -0.0068615955896073324 0.048356898675450344 -0.030295234244228947 0.0015472477756075733 0.016261140272118817 -0.0085170819550593607 -0.035017591421091981 0.012819265022637128 -0.011190104845973364 0.023324916733821203 -0.0054487197296353134 -0.0097281607621714488 0.028216915228388012 0.013922427408431441 0.0010773572903315378 0.013794032420770444 0.026078655245773016 -0.0017681336754504936 -0.0052116537089093385 0.011179215513684504 0.030713860493135198 -0.016912828213927363 0.00680407491193311 -0.0022855000983054543 0.00098362344223675664 0.012237860905388734 0.014067496013074289 0.031221397357911858 0.0043201557256897548
leaf_weight=4.9110512211918831 238.08161806641147 367.83736000978388 2.5352823697030527 3.4980499204248181 181.06797764915973 26.584126859903336 15.108051407150926 2.548956322483718 56.913232335820794 7.0531428828835478 15.951697416603567 12.607610614970325 2.6317915450781575 2.5717399045824996 37.265366164967418 95.507266071625054 12.834591087885199 3.5830051368102431 78.330592460464686 35.227287219837308 1.3996359240263698 9.6378925591707212 3.5584817137569207 5.8430485278367987 8.6900032395496982 29.669188200030476 5.0218728138133875 18.67005377728492 3.3444323502480984 2.5904145576059818
leaf_count=34 4959 22734 14 61 3285 193 520 38 440 65 166 206 58 27 385 2932 198 36 1608 748 17 67 43 48 251 596 95 528 24 24
internal_value=8.13059e-05 -0.00159021 0.00463411 0.00292775 0.00171639 0.00343096 -0.00448704 0.010673 0.00849664 0.0101719 0.00206618 0.0103765 0.0186439 0.000255033 0.00133491 0.00468259 -0.000436518 -0.00529771 -0.00055008 -0.00747745 -0.0186425 0.015389 0.00387261 0.0216895 0.00369679 -0.00627604 -0.00333928 0.00887352 0.0281232 0.0194797
internal_weight=1291.07 944.362 346.713 270.328 246.377 207.652 526.91 76.3851 67.915 63.9664 417.452 33.7628 18.5835 15.1794 383.689 132.773 250.916 479.42 81.9136 38.7253 3.94859 23.9505 8.46953 15.4809 47.49 397.507 20.1299 27.3601 8.47013 5.93485
internal_count=40400 35299 5101 4479 4287 3478 26368 622 560 505 8931 457 224 233 8474 3317 5157 24974 1644 809 55 192 77 115 1394 23330 615 779 62 48
is_linear=0
shrinkage=0.03


Tree=32
num_leaves=30
num_cat=0
split_feature=10 6 8 10 19 11 13 21 20 16 18 8 10 12 22 24 2 22 12 4 21 11 22 21 14 10 25 8 16
split_gain=8.10606 8.83194 5.88585 4.3164 4.57093 3.69799 4.58814 3.56192 3.9209 3.84978 3.81046 3.44643 3.05119 2.91538 6.4526 3.07515 2.84217 2.66843 2.40698 2.37453 2.61081 2.58067 2.29504 3.17492 2.18863 2.15333 1.97213 1.8422 0.688482
threshold=0.070353535353535376 0.23116161616161621 0.9497474747474749 0.32161616161616169 53.500000000000007 0.32883917272078739 -0.25536499530412143 0.59802760325058946 0.50634176359684469 0.53337115100038901 0.21807065217391305 0.070353535353535376 0.14716494845360825 -0.14323513574091337 -0.033687162564287158 6.1208756079790625 0.071819403987670255 0.036685618080822449 2.328690233540105 0.030151515151515155 0.41960991302888667 -0.1734451863804409 0.0065293128714280953 0.38501083171968392 0.65030120481927722 0.086237113402061874 3.3133832975164439 0.54040816326530627 0.99995404314270064
decision_type=2 2 2 2 10 10 10 2 10 8 10 2 2 10 2 10 2 2 8 2 2 8 2 2 10 2 8 2 8
left_child=7 5 19 4 -4 22 18 9 10 24 17 -12 -8 15 -15 -11 -5 -9 -7 20 -3 -21 25 -24 26 -2 -1 28 -10
right_child=1 2 3 16 -6 6 12 8 27 13 11 -13 -14 14 -16 -17 -18 -19 -20 21 -22 -23 23 -25 -26 -27 -28 -29 -30
leaf_value=0.0028456288829338235 -0.013518850034463901 0.01913904912448661 0.021155604439530799 -0.0056209328705873769 -0.014323954751727312 0.014937369765552027 -0.03565181569518136 0.0089218927556226416 0.029587067568399576 0.002681283631946653 -0.029807297652047305 0.0045587764708331282 0.0025010678650707564 0.044817848511801532 -0.01184825221312252 0.02714469479096036 0.012575339768413435 0.033502560803169178 -0.015509613178212901 0.00089539198790633925 -0.0046914923835956251 -0.0054823848355268698 0.0081056193890664419 -0.0051839598989142349 -0.0014594341884422597 0.0031888298749714779 0.030230858632215959 0.010302654492057644 0.048712800202291025
leaf_weight=3.1738271750509748 7.2294213259592643 7.9763528816401985 19.864807429723445 29.361524991225451 3.9115833966061464 48.590415314305574 1.9488128162920464 12.576213371008636 3.9131780546158534 139.64525262545794 3.5131040997803202 10.404964573681353 59.003333404660225 1.9587429650127912 23.586183412000537 4.7830070629715911 10.484030087478457 5.8115111365914336 2.4548891824670127 64.561975282616913 8.5974032869562489 494.03865172667429 19.529734210111201 94.301501366775483 4.3430033177137366 174.96686487388797 9.3065554015338421 3.1916823610663414 2.9869348518550396
leaf_count=31 108 140 237 729 75 457 23 147 35 1701 36 90 649 14 335 40 164 44 44 2026 247 25615 390 2542 38 4222 66 29 17
internal_value=-0.000134365 -0.00125319 -0.00345549 0.00520298 0.0153187 0.00219468 0.00683793 0.00497577 0.0128259 0.00319402 0.00772685 -0.00411567 0.00128121 0.00183907 -0.00750319 0.00349143 -0.00083319 0.0166907 0.0134731 -0.00441323 0.00677729 -0.00474525 0.000437971 -0.0029039 0.0168835 0.00252588 0.0232667 0.0291488 0.0378663
internal_weight=1276.02 1046.82 638.796 63.6219 23.7764 408.025 111.997 229.194 42.3976 186.797 32.3058 13.9181 60.9521 169.973 25.5449 144.428 39.8456 18.3877 51.0453 575.174 16.5738 558.601 296.028 113.831 16.8234 182.196 12.4804 10.0918 6.90011
internal_count=40291 37668 29233 1205 312 8435 1173 2623 398 2225 317 126 672 2090 349 1741 893 191 501 28028 387 27641 7262 2932 135 4330 97 81 52
is_linear=0
shrinkage=0.03


Tree=33
num_leaves=29
num_cat=0
split_feature=6 10 7 0 11 19 21 9 14 1 1 5 10 13 2 3 23 21 23 9 1 6 12 15 12 1 7 1
split_gain=10.7052 8.20132 3.55782 3.40769 4.01311 3.86126 3.67891 3.0457 4.37313 2.97703 3.75774 2.93894 2.91222 2.72078 2.75538 2.68009 2.52038 2.37061 2.3506 2.05999 1.87068 1.68533 1.84363 1.63911 1.72245 1.1348 1.00775 0.981712
threshold=0.20101010101010106 0.20809278350515467 0.87691984010098889 -0.41490318891724931 0.33794028136690996 57.500000000000007 0.25875527912157509 0.98994949494949502 0.58183691492493395 -0.13335950652175851 -0.61812202602002808 0.99500000000000011 0.74358300021039359 -1.5672267497706189 -0.056823278899872258 0.48469228366135592 0.41714127257887373 0.50195412585175891 1.1417378193303935 0.076082474226804128 -0.61812202602002808 0.096391752577319606 -0.23713424181392981 0.056498978549540356 0.073760419483643327 -0.34275384798689229 0.98484536082474239 0.017803831348017902
decision_type=2 2 10 2 10 8 2 10 8 2 2 2 2 8 2 2 2 2 2 10 2 2 10 8 10 2 10 2
left_child=3 9 17 18 7 6 -6 19 -9 10 16 -12 -7 15 -15 -11 -2 20 21 -5 -3 27 -23 26 -25 -19 -4 -1
right_child=1 2 23 4 5 12 -8 8 -10 13 11 -13 -14 14 -16 -17 -18 25 -20 -21 -22 22 -24 24 -26 -27 -28 -29
leaf_value=0.019838721627764691 0.00076114343672787558 -0.066781378335016586 0.0094417110915718302 -0.0024113390648858681 -0.014810286907826375 0.0086220618014178716 0.019152398814966297 0.00093468772920021726 -0.040236770598774327 -0.034811352364733754 -0.0051475153791222129 -0.031484350948065967 -0.0040254543520936185 0.0075055183033055717 0.0011361183236523254 0.017219245571756123 0.041068158737768354 0.014062272572479648 -0.0064155148601861868 0.0033701669641540825 -0.0022560730557550546 -0.0001379306915419872 0.028434605956081504 -0.0049176617350238649 0.0071131076163182608 -0.007104940750731455 0.036856694827787327 0.041190010675765359
leaf_weight=3.7519311457872453 3.190709324553608 0.40536220744252105 3.4367894148454061 71.885764799080789 3.1435483135282984 46.756935431156307 33.047456178814173 6.0254166908562157 3.7775920489802965 3.2024845536798239 44.656914304476231 4.1693783663213244 25.225159813649952 93.680005732458085 175.90192973800004 1.2344382619485257 2.4824943840503693 2.2982429475523523 3.4736570641398421 242.82594667375088 165.83173169475049 4.9946315251290834 3.4269596301019138 20.462101677898318 22.473306642379612 279.04434649203904 1.8597661443054674 4.00902483984828
leaf_count=22 40 5 60 1579 24 429 296 77 39 55 845 48 280 1986 3530 25 17 84 28 5059 8086 39 17 794 666 16313 20 20
internal_value=5.12225e-05 -0.00198377 -0.00441952 0.00375969 0.0032047 0.00820888 0.0162024 0.00153662 -0.0149307 0.00169237 -0.00471128 -0.00739647 0.00418991 0.00296598 0.00334949 -0.0203354 0.0183988 -0.00525376 0.0159764 0.00204957 -0.00241342 0.0207829 0.011489 0.00332193 0.0013795 -0.00693203 0.0190679 0.030868
internal_weight=1276.67 824.33 495.812 452.344 432.688 108.173 36.191 324.515 9.80301 328.518 54.4995 48.8263 71.9821 274.019 269.582 4.43692 5.6732 447.58 19.6562 314.712 166.237 16.1825 8.42159 48.232 42.9354 281.343 5.29656 7.76096
internal_count=40483 32574 26028 7909 7783 1029 320 6754 116 6546 950 893 709 5596 5516 80 57 24488 126 6638 8091 98 56 1540 1460 16397 80 42
is_linear=0
shrinkage=0.03


Tree=34
num_leaves=30
num_cat=0
split_feature=10 8 6 2 19 22 22 20 25 1 23 2 2 22 10 11 1 9 26 11 3 3 14 9 10 11 3 17 17
split_gain=13.1071 9.59848 7.64938 3.86792 3.77093 3.48637 6.29563 4.67667 4.8245 4.46532 4.34307 3.71411 3.4769 3.44636 3.39879 3.24255 3.1581 2.97354 2.90206 2.75161 2.20087 2.14444 2.14252 1.775 1.73508 2.4833 1.60433 1.0033 0.865216
threshold=0.070353535353535376 0.94422680412371141 0.21106060606060609 0.10951952619734805 20.000000000000004 -0.026884080279522306 -0.00093683673465563811 0.39569844748126543 2.7508730399885146 -0.21674224304221409 1.0940314443793748 0.086542004316420493 0.063609153249122238 -0.033687162564287158 0.45180412371134027 -0.77149897555061908 -0.061826034932258786 0.85283505154639183 -1.9205372566843606 -0.48033177129553722 0.29948453608247427 0.79486640016831489 0.12318229715489991 0.92964646464646472 0.38072164948453613 0.22325725419282175 0.86298969072164955 -0.49208045718710319 -0.33250950110404365
decision_type=2 2 2 2 8 2 2 10 10 2 2 2 2 2 2 10 2 8 8 8 2 2 10 8 2 10 2 10 10
left_child=5 2 4 14 22 10 11 8 -8 -9 19 12 -7 -6 16 -12 -3 -17 -16 23 27 -22 -2 -1 25 -4 -26 -5 -21
right_child=1 3 24 20 13 6 7 9 -10 -11 15 -13 -14 -15 18 17 -18 -19 -20 28 21 -23 -24 -25 26 -27 -28 -29 -30
leaf_value=0.0211172378236349 0.020011955277937553 0.016335585929825223 -0.0036931225177872424 0.0090634277949750187 0.011618483400511512 -0.003400473119215772 0.011568625841311598 -0.006018325742117997 -0.0037888286784488242 0.01640957288026634 -0.035328213039299276 0.034984206932470799 -0.046558305790626406 -0.0013334507017528942 -0.032204458084756339 0.030867394440186529 0.0033230178975278486 -0.013212956066021601 0.00027755915166251954 0.037921419905399524 0.032224086612400157 0.010654344246207056 0.0053129920381825638 -0.015763888142705317 -0.0068778910464855391 0.007161921561962761 -6.8133367117663898e-05 -0.030543928540843129 0.023291106770971841
leaf_weight=2.5814921706914902 11.298916843719779 27.297265806701034 232.93771088682115 1.2366983434185388 20.043092182371765 53.976968687959015 33.336865197867155 9.088923351839183 41.116431944072247 66.046931164339185 2.0070209484547377 2.2015928067266932 1.733995709568261 238.59820276359096 2.563500233925879 2.8031916767358771 43.591241912450641 2.7076396457850933 72.114765556994826 7.3338543884456202 8.6335220569744724 7.9848484033718696 42.47318747965619 2.1547311134636402 284.53825792227872 20.648777881171554 34.962741833180189 1.0767542235553289 7.2189558222889909
leaf_count=24 167 287 9164 23 347 705 359 98 598 581 27 25 26 5462 40 29 584 38 1206 57 69 71 938 21 16851 471 1925 19 71
internal_value=6.45428e-05 -0.00136712 -0.00260339 0.00528778 0.00117308 0.00648019 0.00516488 0.00841625 0.00308755 0.0136965 0.0166614 -0.00323346 -0.00474375 -0.000329756 0.00362879 -0.00268071 0.00833381 0.00920937 -0.000837459 0.0242 0.0180438 0.0218602 0.00840163 0.00433828 -0.00466209 -0.00280923 -0.0061327 -0.00937109 0.030664
internal_weight=1284.31 1050 885.501 164.499 312.413 234.309 207.502 149.589 74.4533 75.1359 26.8069 57.9126 55.711 258.641 145.567 7.51785 70.8885 5.51083 74.6783 19.289 18.9318 16.6184 53.7721 4.73622 573.087 253.586 319.501 2.31345 14.5528
internal_count=40283 37624 35325 2299 6914 2659 2392 1636 957 679 267 756 731 5809 2117 94 871 67 1246 173 182 140 1105 45 28411 9635 18776 42 128
is_linear=0
shrinkage=0.03


Tree=35
num_leaves=21
num_cat=0
split_feature=8 10 11 6 10 11 0 23 6 18 23 11 4 23 16 8 9 11 1 26
split_gain=11.4214 8.11715 6.70229 3.45935 3.87092 3.1634 2.76622 2.74063 2.67392 2.55409 2.3661 2.45016 3.01471 3.05691 1.9269 2.03247 1.91062 3.74308 2.58066 1.41086
threshold=0.96453608247422695 0.070353535353535376 0.33794028136690996 0.12060606060606062 0.67005154639175268 -0.19421254838172605 0.36275849149454759 -2.4241684968216215 0.23116161616161621 0.75277777777777788 3.1191230777195074 0.87536584666294825 0.045618556701030939 -0.64252436871936613 1.3119907800907089 0.035463917525773207 0.51773195876288669 -0.16825426745849012 -0.058546969605030551 1.1731538800780261
decision_type=2 2 10 2 2 8 2 2 2 8 2 10 2 2 10 2 8 8 2 8
left_child=1 7 5 4 -4 6 -3 -1 -7 -5 11 16 -13 -14 15 -9 17 -2 -18 -16
right_child=10 2 3 9 -6 8 -8 14 -10 -11 -12 12 13 -15 19 -17 18 -19 -20 -21
leaf_value=0.029796683580306595 -0.024138053076722666 0.0012463259447538487 0.016912110964148342 0.0030713831716870929 0.0023213451911262002 -0.0012993618312621515 0.029073540079149914 -0.0017429502737796683 -0.0052119681979401547 -0.010483649508966141 0.036528708023530199 0.012716820356074835 0.0028139910940134277 -0.044134040310605492 -0.0029814937384880775 0.0058955257641295864 0.018048841480218625 0.0057938314460647495 0.0073103711928607703 -0.039911139276599623
leaf_weight=3.7535550929605952 4.1080951150506735 75.148609972558916 29.858933076262474 40.782191604841501 36.208985030651093 235.5790933794342 3.3587636584416023 39.338151542469859 472.50341825350188 18.046723878476769 2.5117502696812144 3.5795558467507345 2.2470511458814144 2.8080891314893961 2.500365585088729 154.41315966285765 28.935294552706182 44.392441596835852 66.272583384998143 1.4834464220330121
leaf_count=33 53 2091 262 996 359 6505 39 433 25423 715 15 29 14 31 44 1889 252 593 671 25
internal_value=1.50043e-05 -0.00104711 -0.00225167 0.00420422 0.00891554 -0.00327676 0.00243685 0.00440206 -0.00391024 -0.00108684 0.00764864 0.00717248 -0.00834871 -0.0232653 0.00392 0.00434465 0.00810507 0.00325854 0.010574 -0.0167329
internal_weight=1267.83 1112.98 911.487 124.897 66.0679 786.59 78.5074 201.489 708.083 58.8289 154.855 152.343 8.6347 5.05514 197.735 193.751 143.708 48.5005 95.2079 3.98381
internal_count=40472 38814 36390 2332 621 34058 2130 2424 31928 1711 1658 1643 74 45 2391 2322 1569 646 923 69
is_linear=0
shrinkage=0.03


Tree=36
num_leaves=25
num_cat=0
split_feature=8 15 6 10 20 15 14 21 16 25 25 16 18 10 10 14 23 9 10 2 12 14 16 26
split_gain=9.59322 8.83862 4.15371 4.36844 3.20453 2.96198 2.95069 3.44726 2.63449 2.41878 2.82862 2.67128 2.37117 2.33188 2.31092 2.30197 2.46289 2.28377 2.16028 2.01601 1.98707 1.94321 1.91277 1.66525
threshold=0.96453608247422695 0.20231407169609419 0.13701030927835053 0.035463917525773207 0.39569844748126543 0.63008293204922428 0.036811201445347795 0.70065848509611783 0.20175192353308488 1.4654211571125966 2.9696354412064756 0.64660556577777728 0.13245614035087722 0.74113402061855682 0.27136363636363642 0.046693313953488379 0.1392717500225519 0.99500000000000011 0.12685567010309282 0.11968146503105588 0.55420888922673817 0.97545919903643485 0.58874325319878429 -1.4615676658474108
decision_type=2 8 2 2 10 10 10 2 8 8 8 8 8 2 2 8 2 10 2 2 8 8 10 8
left_child=1 4 15 5 8 -4 7 -6 20 -2 14 17 -8 -13 21 16 -3 -12 -17 -16 -1 -11 -10 -5
right_child=9 2 3 23 6 -7 12 -9 22 10 11 13 -14 -15 19 18 -18 -19 -20 -21 -22 -23 -24 -25
leaf_value=-0.012123666822892648 -0.033945226694366969 0.00031035114955018419 0.014448044078492362 -0.010250167502629196 -0.01397203963702701 -0.012793699260317429 0.017765800368711667 0.023831584683758435 0.0048585997489047593 0.017897681571903502 0.011791230406745568 0.004462829768009908 0.0058245076970322961 -0.0094508559304330424 0.0023913606242309928 -0.008280576849988527 0.020856799811193132 -0.018366275440220316 0.0012099600409897747 0.032451637701603732 -0.060973791902740319 0.043457216266073163 -0.0015721402713134948 -0.0040765429947591187
leaf_weight=3.5886320262216023 1.2741230912506569 10.692094963975252 17.838607681915168 42.8747518225573 11.893649125471709 4.4978897692635647 16.62464705388993 2.6556936101987949 66.411756204906851 8.4993833992630243 54.636148936115205 56.51125976908952 149.99291171319783 13.41421623714268 10.852304013445972 24.992036410607398 10.317276963964103 2.3574907071888438 158.38580025150441 2.4637855552136889 0.94723213836550701 3.9079210460186014 111.54618343198672 474.60209022369236
leaf_count=78 20 138 214 2251 201 101 259 31 1458 74 467 638 2381 228 155 421 112 20 3255 18 10 17 2316 25464
internal_value=0.000199928 -0.000775089 -0.00264824 -0.00402736 0.00305816 0.00896239 0.00588461 -0.00707174 0.000252273 0.0072179 0.0075615 0.00572296 0.00701598 0.00179369 0.0166328 0.00099417 0.0104003 0.0105438 -8.34779e-05 0.00795321 -0.0223251 0.0259482 0.000827734 -0.00458805
internal_weight=1261.78 1107.86 744.201 539.813 363.661 22.3365 181.167 14.5493 182.494 153.917 152.643 126.919 166.618 69.9255 25.7234 204.387 21.0094 56.9936 183.378 13.3161 4.53586 12.4073 177.958 517.477
internal_count=40327 38690 31956 28030 6734 315 2872 232 3862 1637 1617 1353 2640 866 264 3926 250 487 3676 173 88 91 3774 27715
is_linear=0
shrinkage=0.03


Tree=37
num_leaves=32
num_cat=0
split_feature=15 7 6 20 11 8 11 6 19 16 24 26 22 10 10 11 8 26 22 8 7 10 12 24 14 7 20 9 14 5 22
split_gain=9.05657 6.08734 4.51349 4.01995 3.6686 3.5628 5.11718 3.52767 3.33581 3.04353 3.57504 3.46431 3.0048 2.69777 2.68376 3.14991 2.63985 2.57474 4.07014 2.54185 2.52757 4.00302 3.52004 2.44713 2.39018 2.13139 3.30342 2.64711 1.95878 2.24879 2.06618
threshold=0.20231407169609419 0.95438144329896912 0.13701030927835053 0.39837844070315326 0.03689160867240205 0.96453608247422695 0.67721497383901064 0.9076898800757417 58.500000000000007 0.91243095661109241 2.7535340172622722 -1.6178837798657253 -0.033687162564287158 0.42346141830677919 0.070353535353535376 -0.24718579852132902 0.9794866400168315 -0.035855374727979013 0.00534437094676428 0.97469072164948456 0.98974332000841592 0.050252525252525264 0.50355138087215667 4.0517864356717892 0.037737341772151906 0.91376288659793825 0.37023138586751064 0.090454545454545468 0.1420168067226891 0.93407216494845369 0.015226881470925617
decision_type=8 10 2 10 8 2 10 2 10 10 10 8 2 2 2 10 2 10 2 2 8 2 10 10 10 10 8 8 10 2 2
left_child=3 2 8 16 14 13 -7 17 12 11 -11 -6 -2 -4 15 -3 25 18 -5 -16 21 -9 -22 -19 -10 27 -27 -1 30 -30 -18
right_child=1 4 5 7 9 6 -8 20 24 10 -12 -13 -14 -15 19 -17 28 23 -20 -21 22 -23 -24 -25 -26 26 -28 -29 29 -31 -32
leaf_value=-0.014775121831579228 0.016572852699171157 -0.0054402250127550122 -0.0020592555335886887 -0.00017110739404811097 -0.021760262942139605 0.0063110376994600639 -0.044657017203321117 0.012985160192734638 0.017411297281158325 -0.029237258629305037 0.01673778690649242 0.020655223315826768 0.0019837868424369583 -0.0064044286103024529 -0.0074485981167656014 0.039750476839644291 0.0097685266668578203 0.0085220583423891525 0.011539481045945472 -0.050531322360992705 -0.02047102515256664 -0.009203707522079092 0.020350487297955851 0.020920112404735298 -0.0082878767487838505 0.018920424988309731 9.5330945436384858e-05 -0.0005092786316277263 0.013391736318112805 -0.017844800611697846 0.041130060147593711
leaf_weight=12.750524417031555 13.720390398055313 3.816881550475955 239.02842764556408 51.049855269026011 1.8519117590039966 44.537451547570527 1.8463659454137076 17.442426282912496 3.5476607102900735 2.9352958267554632 3.1620382191613317 27.000476261135194 171.82625518087298 278.35090437298641 6.6470665568485838 2.1816038601100436 4.3468990512192276 33.817694914527237 56.026549520902336 1.5130453966557977 9.7861840911209566 12.605891940183936 2.3595029311254612 24.861948532052338 39.771682432852685 12.446741596795617 25.736412591300905 142.94016712717712 6.2105535343289358 3.114476639777422 3.3460223823785782
leaf_count=283 187 49 10150 847 29 756 21 155 33 56 34 364 2999 17474 186 18 34 528 802 18 142 243 28 269 849 153 369 3220 54 27 18
internal_value=0.000188256 -0.00160546 -0.00224049 0.00379306 0.00864407 -0.00368288 0.00428219 0.00675282 0.00131256 0.013863 -0.0053949 0.0179328 0.00306259 -0.00439697 -0.00423858 0.0109953 0.000874581 0.00872423 0.00595633 -0.015437 -0.000991715 0.00367647 -0.0125408 0.013775 -0.00618323 -0.00011985 0.00623184 -0.0016776 0.0122035 0.00295901 0.0234092
internal_weight=1260.58 841.737 792.629 418.842 49.1083 563.763 46.3838 207.95 228.866 34.9497 6.09733 28.8524 185.547 517.379 14.1586 5.99849 210.892 165.756 107.076 8.16011 42.194 30.0483 12.1457 58.6796 43.3193 193.874 38.1832 155.691 17.018 9.32503 7.69292
internal_count=40395 33223 32469 7172 754 28401 777 3014 4068 483 90 393 3186 27624 271 67 4158 2446 1649 204 568 398 170 797 882 4025 522 3503 133 81 52
is_linear=0
shrinkage=0.03


Tree=38
num_leaves=29
num_cat=0
split_feature=6 5 13 1 25 2 24 11 10 11 0 5 19 0 10 2 17 8 5 18 8 17 21 6 16 0 2 0
split_gain=8.41413 7.06979 4.81973 4.23961 3.68243 3.65437 5.33162 6.18882 3.60191 4.30567 3.53672 3.53276 2.85951 2.79662 2.74347 2.70716 2.58136 3.51155 2.50255 2.29383 3.55604 2.21372 2.18211 2.60106 2.1451 2.12261 1.34793 1.10222
threshold=0.12685567010309282 0.8871765200925732 -0.49611694523607736 0.091452784988146504 2.8865884417299683 -0.12099014370137783 1.2815323460983949 -0.48033177129553722 0.06592783505154641 0.33794028136690996 1.0589153225115191 0.9794866400168315 101.50000000000001 0.99238187149619306 0.6802061855670104 -0.021803723017178523 0.11962629986732501 0.87314432989690738 0.97469072164948456 0.14946808510638301 0.49489742788711871 -0.46754122824087496 0.4557688473798272 0.8666631601094047 0.40839938418354144 -0.41490318891724931 -0.081259688742487166 -0.63435480669041366
decision_type=2 2 10 2 10 2 8 8 2 10 2 2 10 2 2 2 8 2 2 8 2 10 2 2 8 2 2 2
left_child=2 3 8 16 15 6 21 -8 19 11 -11 -10 13 18 -15 -5 27 -18 -4 26 -21 -3 24 -24 -7 -6 -1 -2
right_child=1 5 12 4 25 22 7 -9 9 10 -12 -13 -14 14 -16 -17 17 -19 -20 20 -22 -23 23 -25 -26 -27 -28 -29
leaf_value=0.017211805428081477 0.028227745001542508 -0.014066270211286688 -0.00023507037301802734 0.02009621284089155 0.013179589690178411 -0.0074925361932426026 0.021108810326267508 -0.037915097711329539 0.0028158587680800922 0.018652261684457966 -0.0013367285451883701 -0.026363926075872041 -0.044656830471527985 0.016990036132068377 -0.0013336181234583056 0.0034274262480102923 -0.0038928425478249777 0.004271483307993252 -0.029909168452788418 0.019426242103096666 -0.0016788217728193934 0.02240970547563495 -0.00050166112862105178 0.0082694754670662729 0.0093729318518365242 -0.0036072710424444104 0.040729188332408697 -0.0070430887759502332
leaf_weight=4.315193735063076 0.80070927366614242 2.2963566761463881 141.8596108769998 14.763287365902213 7.6605448154732576 7.4901096057146779 2.0312079824507236 7.5102787297219056 82.388424626551569 29.891993425786495 10.860890209674833 3.9114422164857379 1.2453166712075461 17.461042951792482 12.704591697081922 21.596873341593891 298.1952229521703 56.377436011563987 2.6047853808850041 19.888054145500067 11.249302312731741 4.3042283412069082 120.00971884187311 40.764343780465424 72.326358613558114 58.919334065867588 4.4611359648406488 193.39663935732096
leaf_count=27 9 26 2624 292 109 107 24 108 1393 236 77 53 25 145 99 695 15561 1868 47 165 104 48 2139 535 927 2464 27 10430
internal_value=0.000102915 -0.00140837 0.00410743 -0.00306944 0.00251732 0.00280823 -0.0110098 -0.02535 0.00775811 0.00528842 0.0133251 0.00149332 0.000641675 0.000964706 0.00927283 0.0101954 -0.00411742 -0.00259471 -0.000770113 0.0156196 0.0118014 0.00971964 0.00373533 0.00172226 0.00779025 -0.00167581 0.029166 -0.00689766
internal_weight=1251.28 908.443 342.842 651.71 102.94 256.733 16.1421 9.54149 166.966 127.053 40.7529 86.2999 175.875 174.63 30.1656 36.3602 548.77 354.573 144.464 39.9137 31.1374 6.60059 240.591 160.774 79.8165 66.5799 8.77633 194.197
internal_count=40364 35342 5022 31428 3560 3914 206 132 2082 1759 313 1446 2940 2915 244 987 27868 17429 2671 323 269 74 3708 2674 1034 2573 54 10439
is_linear=0
shrinkage=0.03


Tree=39
num_leaves=24
num_cat=0
split_feature=15 1 7 23 7 9 7 6 22 17 15 11 15 21 11 25 25 23 1 22 23 26 9
split_gain=6.73603 4.76084 3.63532 3.68939 3.47227 3.56062 3.22239 3.11098 3.79933 3.01677 2.86225 2.5421 2.67898 2.51286 2.35831 2.31526 2.12361 1.96822 1.92851 1.74309 2.02892 1.70917 1.6686
threshold=0.43353413654618483 0.12122532947091438 0.99500000000000011 -1.2881454621242736 0.99500000000000011 0.77435304018514628 0.96984848484848496 0.11670103092783506 -0.033687162564287158 -2.7488344140657852 0.09039836567926457 -0.48033177129553722 0.011561079925153704 0.43757810274383968 -0.53988427421780638 1.5556397696818576 7.1334839081501507 1.6302519177689219 0.29384155827355851 0.064141060596837871 0.18684407248048046 0.37778655748121126 0.98484536082474239
decision_type=8 2 10 2 10 10 10 2 2 8 10 8 10 2 8 10 8 2 2 2 2 10 10
left_child=1 6 3 18 7 21 14 8 17 -10 -4 -8 -13 -5 16 -16 -1 -2 -3 22 -21 -6 -9
right_child=4 2 10 13 5 -7 11 19 9 -11 -12 12 -14 -15 15 -17 -18 -19 -20 20 -22 -23 -24
leaf_value=0.0049608129627522809 0.021562069283469036 0.012415725112211996 -0.043124052093051785 0.012015680350026311 -0.023177264574153002 0.042913327946296639 -0.018824270399097703 -0.003771802965368934 0.026762720460900995 -0.00093974896209485183 0.003668686398933686 0.033657651977967933 0.0081074448674486651 0.0027180299404508191 -0.0043321130192402512 0.00092679517754526387 0.030161741183838783 -0.0088920596228160998 0.032330273818513978 0.029852937641191131 -0.010040948742840733 0.018550635827632635 -0.019994589807757895
leaf_weight=10.976269130595025 11.129199258983133 10.336912981234493 2.2446672078222027 41.734663105104119 1.6715132296085351 3.0952719440683722 2.803032398223877 410.97728687641211 3.6224052421748638 151.69257700582966 2.4723315089941025 4.1150455400347701 36.043749643024057 70.111118052620441 95.235816840082407 360.7361468966119 4.1462187692523012 2.3056438416242591 7.5899210232309988 2.9182982183992854 1.8906754180788992 1.8737702714279292 5.7864832747727624
leaf_count=126 130 149 24 475 23 24 32 21523 45 2651 20 33 479 1066 2807 10110 38 39 64 86 85 18 145
internal_value=0.000130287 0.00224696 0.00727216 0.00821251 -0.00216928 0.019403 0.000932242 -0.00241195 0.00103028 -0.000293645 -0.0185985 0.00879759 0.0107256 0.0061874 0.000214956 -0.000171598 0.0118703 0.0163356 0.0208472 -0.00378983 0.0141684 -0.00112303 -0.00399705
internal_weight=1245.51 648.546 134.49 129.773 596.963 6.64056 514.056 590.323 168.75 155.315 4.717 42.9618 40.1588 111.846 471.094 455.972 15.1225 13.4348 17.9268 421.573 4.80897 3.54528 416.764
internal_count=40192 15423 1798 1754 24769 65 13625 24704 2865 2696 44 544 512 1541 13081 12917 164 169 213 21839 171 41 21668
is_linear=0
shrinkage=0.03


Tree=40
num_leaves=31
num_cat=0
split_feature=5 8 15 6 13 19 23 15 13 23 2 16 23 22 26 15 2 24 21 26 22 19 8 20 24 22 9 21 0 8
split_gain=9.20397 6.45275 4.08769 5.17552 3.16947 3.09202 2.94187 3.63248 3.06477 2.96545 2.91368 3.7869 3.6108 2.89714 2.47988 2.44192 2.32444 2.27416 3.29086 2.91613 2.15901 2.14059 2.06034 4.31331 2.29855 1.89329 1.85779 1.72058 1.48737 1.217
threshold=0.87691984010098889 0.96453608247422695 0.11561079925153704 0.080404040404040422 0.63529446050441607 15.500000000000002 -0.25691609411830524 0.067798774259448427 -0.70771617665468123 -0.35509362152319585 0.1335161845900886 0.44770870295332627 1.3433829532289414 -0.063747877029934716 -0.82571073194574163 0.011299795709908071 -0.14276927286087984 0.63732049040636463 0.54720422625542964 1.329494510830165 -0.010786834322459662 88.500000000000014 0.44387170675830473 0.76410418271739011 -0.91667577996430882 0.014434062402023195 0.49242268041237119 0.41960991302888667 0.33878180202959324 0.82237113402061868
decision_type=2 2 8 2 8 8 2 10 8 2 2 8 2 2 10 10 2 8 2 8 2 10 2 8 8 2 10 2 2 2
left_child=1 2 5 13 10 25 9 20 -9 14 11 12 -2 -4 -3 17 -13 19 -19 -6 -8 -7 23 -17 -24 -1 -12 -5 -11 -28
right_child=4 6 3 27 15 21 7 8 -10 28 26 16 -14 -15 -16 22 -18 18 -20 -21 -22 -23 24 -25 -26 -27 29 -29 -30 -31
leaf_value=0.0068990891119823129 -0.026002896093109483 0.0094697754713769493 0.029751875153106844 -0.0017071113486130463 0.011238952687387328 -0.00031645829432144031 0.012509492948291137 0.030861285603173416 0.0094729440691962534 -0.0064163759680618115 0.03333296623089637 0.020474496877408727 0.015780932073318422 0.001413203349277359 -0.0061799067449719285 0.0044388817219682573 -0.00010204954392426705 0.027085718380764102 0.0015495436197646606 -0.02805209476447584 -0.022902061244082065 0.017849867050836531 0.016386704837141684 -0.012996396768899835 0.0054925684128569602 0.029983976586132804 -0.017972295516310764 -0.0056164209650189194 -0.049928019913609373 0.021357385897468016
leaf_weight=7.6751390406861884 8.9867654959671182 17.608214672654867 3.340734686702489 132.99146355781704 6.7406138665974122 83.906280351337045 2.3455398324877024 6.9162879176437855 47.030236596241593 1.2845584023743861 3.7918706946074954 5.1784434271976343 2.3475922141224137 115.44967862125486 18.888713479042053 76.515629511326551 107.76376172155142 14.880063131451612 6.5373595575802019 2.2734320582821965 4.5661212634295216 6.2742255162447682 21.583505048416555 15.328368239104746 90.587805916555226 5.4806856848299503 1.4506960213184359 425.54021755140275 1.5726937428116796 1.3832983113825319
leaf_count=147 185 219 34 6285 117 1721 28 41 553 26 35 48 28 2111 259 953 1905 118 81 27 65 81 248 258 1057 68 29 23542 23 12
internal_value=-4.79126e-05 -0.0017083 -0.00262826 -0.00347619 0.00395535 0.00292952 0.00545821 0.00959161 0.0122151 -0.000933785 0.000215883 -0.000817579 -0.0173486 0.00221017 0.0013704 0.00604326 0.000841393 0.0139707 0.0192912 0.00132936 -0.0108848 0.000947447 0.00486078 0.00152901 0.00758877 0.0165162 0.0195998 -0.00468558 -0.0303661 0.00122488
internal_weight=1246.22 880.871 780.658 677.322 365.349 103.336 100.212 60.8582 53.9465 39.3542 130.902 124.277 11.3344 118.79 36.4969 234.447 112.942 30.4315 21.4174 9.01405 6.91166 90.1805 204.015 91.844 112.171 13.1558 6.62587 558.532 2.85725 2.83399
internal_count=40304 35203 33989 31972 5101 2017 1214 687 594 527 2242 2166 213 2145 478 2859 1953 343 199 144 93 1802 2516 1211 1305 215 76 29827 49 41
is_linear=0
shrinkage=0.03


Tree=41
num_leaves=28
num_cat=0
split_feature=7 15 19 4 1 0 10 22 15 15 2 11 18 11 0 22 11 10 18 22 11 15 4 17 22 21 17
split_gain=12.2885 6.87301 4.50683 3.09378 3.05869 4.61445 2.85341 2.77969 2.77845 2.76118 2.68313 2.3397 2.6763 2.38894 2.20471 3.77496 2.15633 3.71193 3.55655 3.10549 2.91511 2.70773 2.31487 1.97518 1.69148 1.61784 1.57887
threshold=0.95897328003366311 0.42776886035313005 17.500000000000004 0.020101010101010106 0.078649448239313094 1.7799472545222128 0.035463917525773207 0.050476737450185015 0.63008293204922428 0.09248863940122963 -0.096978163983039822 0.35374331493891026 0.7587878787878789 -0.21121141047121658 -0.25765498980754026 0.0033407006355631202 -0.23928895259789582 0.070353535353535376 0.15075757575757578 0.043898503288168488 -0.53988427421780638 0.41476172026346386 0.60102040816326541 -0.0093687867370579481 0.001606885784766108 0.51872120107874198 0.068711865593814064
decision_type=10 8 8 2 2 2 2 2 10 10 2 10 10 8 2 2 8 2 8 2 10 10 2 8 2 2 8
left_child=1 2 7 10 23 -6 8 9 24 -1 -2 13 -13 -8 -12 -16 18 22 21 -19 -20 -5 -18 -4 -3 -9 -10
right_child=3 6 4 16 5 -7 11 25 26 -11 14 12 -14 -15 15 -17 17 19 20 -21 -22 -23 -24 -25 -26 -27 -28
leaf_value=0.016505955329157558 -0.005024223886543366 0.0041887847878585268 -0.00359572845887754 0.042547664752318096 0.0059703515207453726 -0.02757762722112746 0.0049946459095202376 -0.045193908085769799 -0.036385288529443741 0.0051439772215721687 0.04515476061432 -0.0017432707861059511 0.012005432689444666 -0.0042722117044543626 0.038465082890675066 -0.005414486079022846 0.013657087970766956 0.00826702222536666 0.0083019285976118472 -0.025479380129223607 -0.018617283788774485 -0.0046100090994824986 0.035154858920276456 0.0010705470091908922 0.027124461710920252 -0.0036739127069100961 0.00051541819929446604
leaf_weight=31.412091008387506 2.4895041510462752 4.9634617213159817 125.03320492058992 2.619040745310488 119.13566113822162 3.8079714765772215 26.46592431422323 1.1949216648936261 1.2889068350195865 49.718298418913037 4.714456094428896 41.020878587383777 18.484359655994922 463.73246024991386 3.9197470452636471 3.2092162165790796 11.462439481168987 50.425252005457878 6.1325040012598047 2.579804382286965 8.8388856574892962 1.8841911405324934 7.4301329441368571 235.24733908567578 6.9405876407399774 2.8811224047094584 5.4823416136205205
leaf_count=339 25 65 3858 19 2043 46 756 14 32 1391 27 892 214 22351 30 37 101 774 61 52 113 27 47 6642 74 61 112
internal_value=0.000544328 -0.000365427 0.00196712 0.0103283 0.000845415 0.00493126 -0.00269819 0.00832858 0.00883408 0.00954311 0.0232869 -0.00308998 0.00252755 -0.00377189 0.0292379 0.018712 0.00829559 0.0106941 -0.000559523 0.00662455 -0.00759077 0.0228165 0.0221118 -0.000548856 0.0175613 -0.0158458 -0.00650863
internal_weight=1242.51 1136.81 568.431 105.705 483.224 122.944 568.379 85.2064 18.6753 81.1304 14.3329 549.704 59.5052 490.198 11.8434 7.12896 91.3723 71.8976 19.4746 53.0051 14.9714 4.50323 18.8926 360.281 11.904 4.07604 6.77125
internal_count=40203 38890 14394 1313 12589 2089 24496 1805 283 1730 119 24213 1106 23107 94 67 1194 974 220 826 174 46 148 10500 139 75 144
is_linear=0
shrinkage=0.03


Tree=42
num_leaves=25
num_cat=0
split_feature=8 5 8 1 13 16 17 2 16 0 0 4 21 6 24 18 0 20 8 25 0 16 0 14
split_gain=6.63254 4.25853 3.5665 3.07764 2.61918 2.29034 2.19092 3.63733 2.80426 2.63495 2.27078 2.54839 2.26116 2.13673 2.67514 1.8137 2.24768 1.67867 1.48285 1.3385 1.272 1.19493 1.17819 0.951965
threshold=0.93969696969696981 0.87314432989690738 0.010050505050505053 0.091452784988146504 -0.6021131901186666 0.048647177002686885 0.47202349756133694 -0.093736739805889549 0.98397650629821021 -0.36060355925794407 0.080706693341428007 0.42346141830677919 0.54307644727425608 0.025309278350515465 4.532264679311143 0.94804318488529027 1.0589153225115191 0.17098691034757144 0.48226804123711348 1.4654211571125966 1.7799472545222128 1.0799524875628801 -0.55186477278862744 0.49404677533664071
decision_type=2 2 2 2 8 8 10 2 10 2 2 2 2 2 10 8 2 8 2 10 2 10 2 10
left_child=1 3 19 15 18 -4 8 23 9 -2 11 -10 -11 -9 -15 16 -1 -6 -5 -3 -7 -12 -17 -8
right_child=6 2 5 4 17 20 7 13 10 12 21 -13 -14 14 -16 22 -18 -19 -20 -21 -22 -23 -24 -25
leaf_value=-0.0024331258064729418 0.038211807382797683 0.031870177441848821 0.034373110565987179 0.022168059351562307 0.038491701893446494 0.001330235253349372 0.042504248410129529 -0.01973563881480455 0.01498231682933417 0.0037252834324627768 0.016966726447137599 -0.02548172845400877 -0.0051973270843680801 0.0061321365925088439 0.031234502587264623 -0.040066742596207038 0.016184981756349807 -3.9537019997449759e-05 0.0010727306439509364 0.007217986207703051 -0.013686881573153047 0.042918274177957655 -0.0054658711551253776 0.017579664842621676
leaf_weight=386.0516549134627 1.7674831748008717 4.6821670606732351 1.8696614764630783 8.1795957051217538 1.0257377456873644 284.37389476085082 3.5891002845019093 2.4356307387351981 5.5149797173216921 95.413079746533185 3.4158569872379303 1.8777124271728096 34.915910795331001 29.84375145053491 4.3818393955007187 0.88948283717036147 5.9254439426586023 128.4571019532159 4.7349499282427123 3.4374819099903107 5.1686740685254327 2.9985971935093403 207.89191125170328 2.2397952936589718
leaf_count=16744 7 29 11 118 18 4557 30 17 57 1145 66 37 784 396 41 15 108 3848 106 36 70 19 12133 27
internal_value=-0.000261591 -0.00119759 0.00182231 -0.00241477 0.00155065 0.00127588 0.00491879 0.0109138 0.00317292 0.00182829 0.0160374 0.00470462 0.00133486 0.00741388 0.00934595 -0.00335469 -0.00215168 0.0002657 0.0144337 0.0214336 0.00106216 0.0290984 -0.00561328 0.0329268
internal_weight=1231.08 1042.69 299.532 743.156 142.397 291.412 188.394 42.4901 145.904 132.096 13.8071 7.39269 130.329 36.6612 34.2256 600.758 391.977 129.483 12.9145 8.11965 289.543 6.41445 208.781 5.8289
internal_count=40419 37793 4703 33090 4090 4638 2626 511 2115 1936 179 94 1929 454 437 29000 16852 3866 224 65 4627 85 12148 57
is_linear=0
shrinkage=0.03


Tree=43
num_leaves=27
num_cat=0
split_feature=10 8 21 16 19 16 19 17 7 21 14 21 8 17 0 23 17 22 18 18 10 13 18 15 18 14
split_gain=8.55649 6.27029 5.44974 4.45604 3.97715 3.76317 4.15023 3.57892 3.18174 2.91132 3.018 2.86655 2.72163 2.63796 2.59032 2.56346 2.30299 2.29793 2.27992 2.25716 2.17978 2.03753 1.89133 1.77988 1.93204 1.54024
threshold=0.070353535353535376 0.95979797979797987 0.57710280313862483 1.0481724037283897 66.500000000000014 0.58874325319878429 36.500000000000007 -2.8964730078073448 0.010050505050505053 0.47226056296779068 0.86061230497497798 0.70261949808640212 0.98974332000841592 -0.0093687867370579481 -0.41490318891724931 1.5559269241609466 -0.82243940438880625 -0.022200299574279259 0.89009661835748799 0.17192118226600989 0.10050505050505053 -0.25536499530412143 0.65933268858800786 0.65142409197805085 0.35214626391096987 0.80982519590114543
decision_type=2 2 2 8 10 8 10 8 8 2 8 2 2 8 2 2 10 2 8 8 2 10 10 10 10 10
left_child=2 5 4 15 8 6 18 -3 -1 19 -11 12 -9 -10 17 16 -4 -7 -2 -6 -8 -13 -16 24 -5 -17
right_child=1 7 3 23 9 14 20 11 13 10 -12 21 -14 -15 22 25 -18 -19 -20 -21 -22 -23 -24 -25 -26 -27
leaf_value=-0.029421740922417287 0.0074566895663647041 0.031499780555149445 0.036157305566869961 0.01031886329086455 0.014721593259628565 -0.017154808942286624 0.033489198372968924 0.0082418303801466281 -0.0023878363590126798 -0.031302983121181634 0.013400050346359438 -0.054914864790818287 -0.0011299103701814498 0.0074729130955614965 -0.0043503422556254072 0.015914251605236567 0.01771674947379763 0.017940613648587823 -0.0012090634368888292 -0.0079817105757531513 -0.0049272897002519645 -0.007417538294471164 -0.00076024977280464618 -0.02766622811101814 -0.017792689716174471 -0.024593019152979241
leaf_weight=2.4085733704268923 88.69547935994342 4.4305639611557126 8.1918717324733681 9.870659018866716 5.6513036079704824 2.0692903548479071 1.3547158986330021 77.902543648146093 31.134633638896048 6.7643796056508991 1.7010084148496396 1.1372300628572705 43.440480322577059 113.16473285295069 484.42231928603724 1.6344669498503201 23.814238613471392 8.9049821160733682 39.490085125667974 13.024185677990316 70.834344152361155 2.8496759440749875 181.57011733204126 1.8204279281198967 2.8315251320600501 1.7486658124253152
leaf_count=26 2277 35 67 92 60 44 17 966 404 110 18 25 469 1349 22236 18 225 141 2325 179 2565 71 6437 27 40 23
internal_value=2.49571e-05 -0.00115406 0.00533147 0.0140693 0.00282286 -0.00206442 0.00154698 0.00500113 0.00477453 -0.00772675 -0.0223205 0.00406437 0.00488677 0.00534532 -0.00313336 0.0198115 0.0224366 0.0113231 0.00478703 -0.00111157 -0.00420636 -0.0209657 -0.00337157 7.63746e-05 0.00405234 -0.00502305
internal_weight=1230.86 1007.1 223.761 49.9119 173.849 877.341 200.375 129.76 146.708 27.1409 8.46539 125.33 121.343 144.299 676.967 35.3892 32.0061 10.9743 128.186 18.6755 72.1891 3.98691 665.992 14.5226 12.7022 3.38313
internal_count=40246 37608 2638 492 2146 36042 7184 1566 1779 367 128 1531 1435 1753 28858 333 292 185 4602 239 2582 96 28673 159 132 41
is_linear=0
shrinkage=0.03


Tree=44
num_leaves=29
num_cat=0
split_feature=10 12 21 22 24 15 6 24 15 1 9 24 12 6 2 1 15 12 6 6 7 9 1 9 12 1 23 25
split_gain=6.39714 4.32548 3.45748 3.66821 3.70872 3.45894 3.54241 3.36347 3.21351 3.07637 3.36585 2.53644 2.43525 2.37642 2.2382 2.17202 2.12959 2.12546 1.94247 1.93551 1.84003 1.738 2.17695 1.51147 1.12838 0.921541 0.685849 0.65106
threshold=0.070353535353535376 0.63246497479961206 0.64644451996050634 0.053835329181755667 -1.9725232442570797 0.79414208558371435 0.12685567010309282 3.2950070963567764 0.011299795709908071 0.015960114741063892 0.13701030927835053 3.2594081593645634 -0.4985232160892466 0.70051546391752584 -0.0042734709803819767 0.21179973194914142 0.4228758169934641 inf 0.06592783505154641 0.015154639175257735 0.85640648011782039 0.95897328003366311 0.18375474018431634 0.38072164948453613 -0.25634609676714881 0.084503183965353459 -0.47524287556221034 2.6881086344285401
decision_type=2 10 2 2 10 10 2 10 8 2 10 10 10 2 2 2 8 8 2 2 8 8 2 8 10 2 2 8
left_child=2 8 3 5 14 6 -1 11 20 10 -9 13 -6 -3 -5 -11 19 21 -18 -10 25 22 -4 -7 -22 -2 -19 -23
right_child=1 7 17 4 12 23 -8 9 16 15 -12 -13 -14 -15 -16 -17 18 26 -20 -21 24 27 -24 -25 -26 -27 -28 -29
leaf_value=0.013093607394882899 -0.011992717067010328 0.0044157473357059182 0.018334813608539207 -0.014621138087307157 -0.059726344778677935 -0.033252746095292052 0.0026975860418215368 -0.029987358267231399 0.012028670904706293 0.031433487933149151 0.0097767456715953938 -0.051259271522661527 -0.012442419348345954 -0.0099440706592580988 0.026674429122093873 0.012054139068216462 0.0011171572200242006 0.011759323526899457 -0.0041213344991951166 -0.00072989976317703177 0.012808966489757512 0.043701846398317729 -0.018101647539594114 -0.0028139680802032794 0.044238115031673526 0.022665602160719747 -0.012947281473026226 0.024909364684034634
leaf_weight=37.318636119365692 1.9565333183854812 51.521365178981796 9.1679017003625649 2.9927850924432278 2.0723005868494515 3.0319146309047929 140.78154425881803 2.7503633480519039 10.996234079822896 7.6383767467923489 6.3138899877667427 0.82987403869628806 1.8603260349482278 12.986532846465705 1.9514506384730337 16.339265895076096 75.254655865952373 1.644447512924671 415.15922770416364 398.9039877934847 1.7845829017460344 2.5154827758669844 1.7588989362120617 2.8467647088691592 2.4253109395503998 1.0670208260416982 2.6260571554303196 4.8740745764225721
leaf_count=348 40 1280 103 34 22 67 1761 56 126 98 105 10 22 413 16 144 1313 20 21924 12186 23 16 19 60 25 10 36 48
internal_value=-0.000171067 -0.00117585 0.00452039 0.00321978 -0.0156161 0.0041286 0.00487594 0.00479914 -0.00182355 0.0125995 -0.00228886 0.000854446 -0.0373587 0.00152487 0.00167789 0.0182277 -0.00198356 0.0156255 -0.00331748 -0.000387631 0.0180924 0.0200692 0.0124696 -0.0185127 0.0309152 0.000238302 -0.00343348 0.0313065
internal_weight=1221.37 1005.93 215.443 192.856 8.87686 183.979 178.1 98.3797 907.548 33.0419 9.06425 65.3378 3.93263 64.5079 4.94424 23.9776 900.314 22.5869 490.414 409.9 7.23345 18.3164 10.9268 5.87868 4.20989 3.02355 4.2705 7.38956
internal_count=40325 37753 2572 2330 94 2236 2109 2106 35647 403 161 1703 44 1693 50 242 35549 242 23237 12312 98 186 122 127 48 50 56 64
is_linear=0
shrinkage=0.03


Tree=45
num_leaves=29
num_cat=0
split_feature=8 15 6 3 25 13 22 6 15 12 21 26 24 25 25 7 12 7 2 10 4 7 0 25 26 12 10 25
split_gain=6.12844 5.98422 2.60965 2.60266 3.32329 3.44031 3.14956 2.95831 2.83321 4.55936 2.95941 3.23406 2.68415 2.38336 2.52227 3.61055 3.27188 2.1318 2.58869 1.99772 1.84128 1.83627 1.82155 1.12699 1.54345 0.876828 0.550922 0.361168
threshold=0.93969696969696981 0.21966051857792038 0.010050505050505053 0.96922996002524731 4.7611185511029293 -1.055717496510441 -0.0028733750257951599 0.030151515151515155 0.10404971932638334 0.96514823669604799 0.29186229759462812 1.0000000180025095e-35 4.7285031336336045 4.1514402872552898 5.8882058473977974 0.52788659793814452 -0.13536989857448242 0.82237113402061868 0.018317791402882321 0.9384599200504945 0.8871765200925732 0.95438144329896912 -0.46381791935589578 5.9673454333890321 -0.19289742769121074 1.0288375971079369 0.9670360824742269 5.5415594793719505
decision_type=2 8 2 2 10 8 2 2 10 8 2 8 10 8 8 8 10 10 2 2 2 8 2 10 10 10 2 8
left_child=1 13 23 4 7 -6 -7 -2 10 21 11 -5 -9 19 15 -15 -16 22 -19 20 -1 -10 -4 -3 -25 -11 -21 -12
right_child=3 2 17 8 5 6 -8 12 9 25 27 -13 -14 14 16 -17 -18 18 -20 26 -22 -23 -24 24 -26 -27 -28 -29
leaf_value=-0.0017206555687159159 0.033033189229505454 0.029550744826540961 0.011445153398318942 -0.017074215278190016 -0.048048575997133212 0.0085068443292042016 -0.0065731397826003382 0.003951421481887164 0.0018356421590616913 -0.047103522883847192 0.040992877089411406 0.022508228615104771 0.021294567004134783 -0.0030458401024954229 0.0059599886187154489 0.013371029397311447 -0.0030005273099881886 -0.0028993530580192946 0.0068803813910373046 -0.041928223166124566 0.0074706166246094269 0.023071688461333274 -0.0036537012762669309 -0.021996303436227212 0.020904964573025389 -0.014067438591319282 -0.014468773536532299 0.028400905448474296
leaf_weight=123.40122763044201 3.6764872446656218 3.097542652860283 7.2826759796589604 2.8698182255029696 1.4552694298326967 19.138466118369251 35.747405007947236 84.583921233657748 8.682837957516309 1.4241047026589542 3.6965225748717758 5.2677668072283268 8.8740689596161229 16.14927391987294 84.750373793765903 47.578578476794064 64.65388594660908 56.865891993511468 42.613963264040649 1.1642710128799074 23.323625504504889 6.3408323638141164 571.9365750818979 1.2406734786927702 1.9269594978541134 1.4688653205521403 1.5109870927408335 4.6026036106050023
leaf_count=2791 24 36 114 25 12 279 558 1357 92 20 22 36 88 394 1246 767 1349 1822 1264 39 469 52 27507 32 43 23 59 31
internal_value=-4.47538e-05 -0.000939522 -0.00258916 0.00494524 0.00327449 -0.00252193 -0.00131481 0.0066366 0.0124094 0.00415752 0.0214044 0.008549 0.0055982 0.00217728 0.00421383 0.00921083 0.00208237 -0.00276707 0.00128997 -0.000728025 -0.000259596 0.0107984 -0.00346386 0.0166839 0.00410173 -0.0303299 -0.0264191 0.0340095
internal_weight=1235.33 1047.5 684.964 187.829 153.476 56.3411 54.8859 97.1345 34.3534 17.9166 16.4367 8.13759 93.458 362.532 213.132 63.7279 149.404 678.699 99.4799 149.4 146.725 15.0237 579.219 6.26518 3.16763 2.89297 2.67526 8.29913
internal_count=40551 37932 30818 2619 2318 849 837 1469 301 187 114 61 1445 7114 3756 1161 2595 30707 3086 3358 3260 144 27621 111 75 43 98 53
is_linear=0
shrinkage=0.03


Tree=46
num_leaves=27
num_cat=0
split_feature=8 15 21 6 10 21 17 18 10 11 9 18 25 22 7 15 2 2 17 13 22 18 26 21 7 24
split_gain=9.90051 5.38171 3.21181 2.91481 3.552 3.66042 2.7868 2.66296 2.619 2.6186 2.91402 5.66494 2.6789 2.55576 3.25737 2.31309 2.69768 4.08533 2.30277 1.94731 2.84497 2.01638 1.7881 1.25582 0.731461 0.67344
threshold=0.96453608247422695 0.10404971932638334 0.72340286648151297 0.06592783505154641 0.070353535353535376 0.64959813998202609 1.9869885797167648 0.84409722222222239 0.76144329896907226 0.75528110364244061 0.8256364401430677 0.90399385560675893 7.164993435219726 0.013408615330716189 0.37056701030927841 0.92178526841448205 0.10951952619734805 0.022191980091652231 -2.7488344140657852 -0.49611694523607736 -0.0010726048335183991 0.89608636977058043 0.62940289776527736 0.41411418912991843 0.47448713943559312 4.6262834484908693
decision_type=2 8 2 2 2 2 8 10 2 10 8 10 10 2 10 10 2 2 8 10 2 10 8 2 10 10
left_child=1 2 6 19 5 -5 7 -1 9 12 24 -12 18 14 -4 16 17 -10 -2 21 -21 -3 -8 -6 -11 -15
right_child=8 3 13 4 23 -7 22 -9 15 10 11 -13 -14 25 -16 -17 -18 -19 -20 20 -22 -23 -24 -25 -26 -27
leaf_value=-0.0009068895722572955 0.042426581121944272 0.0058938793862710328 0.027036814501556004 0.00029354413302524145 -0.00098995515010861872 0.017367623338824023 0.013276363329099634 0.01794037777764098 0.0055676237392551413 0.00087130732238637539 -0.046024395422937354 0.015074561009523688 -0.023184763973322177 0.024684439677823061 -0.030761422582652846 -0.038693265916903301 0.025491981517031199 -0.021416215130116399 0.010489671852137098 -0.0092987677768809913 0.0038390842583720121 0.041984821102389339 0.0035633474532315418 -0.0042512831258452758 0.024544975287496849 0.046072473702126408
leaf_weight=139.45813220459968 2.0707649867981672 46.957625366747379 1.9350626738741978 80.733559458982199 134.55524085601792 13.13975642248988 27.175910195801407 7.0900103449821463 16.623568858020018 2.4950019977986786 3.2077635452151307 2.3783672973513603 2.0913775879889718 3.1964610060676932 1.6058202804997561 1.3892072560265649 3.5232622828334561 7.2528208848088971 108.31546810595319 23.540151754394174 40.112219530157745 1.4358151387423266 45.815654583275318 505.37479165080003 2.2196192555129528 2.2629568725824356
leaf_count=2179 12 744 29 1263 6230 158 359 104 223 22 32 14 39 48 40 27 28 114 1127 427 748 16 564 25921 18 8
internal_value=3.82868e-05 -0.000974305 0.00311045 -0.00207797 -0.00276612 0.00268346 0.00239036 4.94266e-06 0.00721608 0.00912565 -0.00535185 -0.0200107 0.0104515 0.0206753 0.000824827 -0.000927867 0.000986901 -0.00262913 0.0110888 0.00242887 -0.0010196 0.00696468 0.00717966 -0.00356554 0.0120167 0.0335499
internal_weight=1225.96 1074.39 228.54 845.849 733.803 93.8733 219.54 146.548 151.567 122.778 10.3008 5.58613 112.478 9.0003 3.54088 28.7889 27.3997 23.8764 110.386 112.046 63.6524 48.3934 72.9916 639.93 4.71462 5.45942
internal_count=40494 38838 3331 35507 33572 1421 3206 2283 1656 1264 86 46 1178 125 69 392 365 337 1139 1935 1175 760 923 32151 40 56
is_linear=0
shrinkage=0.03


Tree=47
num_leaves=30
num_cat=0
split_feature=5 11 11 19 4 5 19 17 18 6 26 16 18 26 19 11 0 23 11 18 19 12 20 1 5 12 25 5 24
split_gain=5.46949 4.06754 3.81202 2.64699 3.57131 2.93547 2.64114 2.73454 3.16296 2.11614 2.03454 2.02337 1.98023 3.04757 2.75095 3.30923 3.62453 2.85763 2.75057 2.33751 2.30682 2.01803 3.54586 2.0557 1.72704 1.69843 1.60832 1.49395 1.48778
threshold=0.87314432989690738 0.3637841842348522 -0.41066627903130376 13.000000000000002 0.99500000000000011 0.7817525773195878 80.500000000000014 0.48547287976516962 0.90550595238095244 0.030151515151515155 -0.39967491577905029 1.1870687818622261 0.45080645161290328 -1.3280197798617384 70.500000000000014 -0.16429316577269756 0.34312654351759658 0.43006642077202839 -0.14470251177528934 0.33687943262411352 82.500000000000014 -0.0054371084654848923 0.35150162003259638 -0.19607279706490224 0.7817525773195878 1.2385949172604689 3.4139766985083311 0.63958762886597953 4.532264679311143
decision_type=2 10 8 10 2 2 10 8 10 2 8 10 10 8 10 10 2 2 10 8 10 8 8 2 2 8 10 2 8
left_child=1 2 3 5 -5 -1 7 10 -9 11 -3 -4 14 25 15 16 -2 19 -17 -16 -19 22 -15 -23 27 26 -14 -8 -11
right_child=12 6 9 4 -6 -7 24 8 -10 28 -12 -13 13 21 17 18 -18 20 -20 -21 -22 23 -24 -25 -26 -27 -28 -29 -30
leaf_value=0.026424824185760538 0.0053909885972856092 -0.0069784157077859409 0.0069061397403456489 -0.0030092924257266317 0.040380088775192828 -0.017745287355101991 -0.0175357800200392 0.017756803950561766 -0.0083969929167469429 -0.0037172525185722423 0.0056907988820583512 -0.024201834371163248 0.0063755372692202101 -0.02349181683311679 0.0085234413473694644 -0.022373659737426967 0.027038396903747295 -0.037408728944394225 0.00062463267663151836 -0.011959382991890538 -0.0080473801840981601 0.017370903837168536 0.013229387361126435 -0.00051895921431373531 -0.050999667343459933 -0.004004156712081158 0.035909038766168688 0.025803984167813425 -0.00077839038664047431
leaf_weight=9.5636712005361932 90.577768321614712 15.918060518801211 31.124010750092566 16.152197433169935 1.9090574271976937 1.5774972634389985 3.0759022738784543 24.717640330549333 5.0042177848517886 463.94012802420184 40.264255409594625 2.0029020123183718 2.2759192697703821 2.5498125255107871 11.66976111195982 4.8598150145262471 7.5407047951593986 4.0223314948379976 126.7038915748708 8.7923133149743062 6.0015323981642723 6.5165056437253943 32.942542249336839 51.204440000467002 1.0301403822377322 1.8270322158932675 6.1276138657703996 0.93293139617890108 232.83888695435598
leaf_count=109 1155 316 565 304 13 31 82 391 68 21939 774 42 31 44 168 89 83 82 2089 189 110 71 406 753 22 24 54 25 10204
internal_value=7.77091e-05 -0.00123946 -0.00195775 0.00867073 0.00157692 0.0201707 0.00475613 0.00599434 0.0133533 -0.00238298 0.00210125 0.00502531 0.00315699 0.00666802 0.00176099 0.00288487 0.00705466 -0.0067064 -0.000224898 -0.000277788 -0.0198294 0.00496211 0.0105913 0.00150075 -0.0163529 0.022211 0.0279105 -0.0074498 -0.00273519
internal_weight=1213.66 850.051 759.108 29.2024 18.0613 11.1412 90.9431 85.9042 29.7219 729.906 56.1823 33.1269 363.612 103.444 260.168 229.682 98.1185 30.4859 131.564 20.4621 10.0239 93.2133 35.4924 57.7209 5.03897 10.2306 8.40353 4.00883 696.779
internal_count=40233 34885 33207 457 317 140 1678 1549 459 32750 1090 607 5348 1383 3965 3416 1238 549 2178 357 192 1274 450 824 129 109 85 107 32143
is_linear=0
shrinkage=0.03


Tree=48
num_leaves=31
num_cat=0
split_feature=6 22 10 15 3 22 23 22 15 6 12 5 16 9 26 5 16 12 4 22 10 24 18 18 12 2 14 17 18 16
split_gain=6.20929 4.37345 5.62721 3.58824 4.13723 3.65491 3.24346 3.09384 3.14777 2.96071 2.9055 2.60246 2.43048 3.15919 2.38461 2.27446 2.13986 2.71409 2.05088 2.03891 2.03239 3.08234 1.90305 1.76539 1.52967 1.46859 1.208 1.29514 1.12898 0.995599
threshold=0.14070707070707075 0.019587767197876717 0.35025773195876292 0.09039836567926457 0.21824742268041239 -0.033687162564287158 1.6647343061240314 0.021893780622372839 0.022599591419816142 0.10654639175257734 0.58903974547532689 0.93969696969696981 0.37210891501499449 0.48469228366135592 0.047444364865844739 0.92820324005891031 0.74331681292544338 -0.23081353458595288 0.72306964022722509 -0.032079421303235267 0.035463917525773207 3.8858894944033353 0.77346041055718484 0.93257575757575772 -0.28273213910164052 0.10692675697813529 0.023952954675846246 -1.3983869975195862 0.32583417593528824 0.1679571298372067
decision_type=2 2 2 8 2 2 2 2 10 2 10 2 8 8 8 2 10 8 2 2 2 8 10 10 10 2 8 8 10 8
left_child=3 10 12 4 16 6 14 9 -9 -6 20 15 13 -3 -5 -12 28 -18 -13 -7 21 -2 -14 -21 -8 -22 27 -4 -1 -28
right_child=1 2 26 5 7 19 24 8 -10 -11 11 18 22 -15 -16 -17 17 -19 -20 23 25 -23 -24 -25 -26 -27 29 -29 -30 -31
leaf_value=0.044336896089676968 -0.0032921325361667591 0.023009725406597518 0.035071067569852107 0.026848599432828486 0.0045575188711673431 -0.034226189367222187 0.017073747077935346 0.013805362437815483 -0.019361138140263894 0.022060466374611308 0.001957078160789777 0.0083369782732198253 0.0089566319551315169 -0.035167644745680168 0.0046944945936404628 -0.042936999843965866 0.033864390777780355 -0.0072921753912260278 0.035256508486400662 0.00029698715938230983 -0.004005080501687696 0.010994305317492091 -0.0043368159543155475 0.010997329437225339 -0.027100257651580514 0.001919115513086106 0.021008855274202497 -0.0047579020511865746 0.022657316381124813 -0.0056956070619017503
leaf_weight=4.1382447741925699 34.483926110900939 1.2344768401235335 1.4241332327947018 11.45934979058802 33.132578954100609 1.4945117514580477 1.012133536860347 3.8728775456547719 7.6874939426779747 11.794113527983425 32.1552091720514 7.9030358269810659 97.468986743595451 2.629287869669497 7.0708279330283466 1.0487740635871876 2.4511373974382877 3.502996075898408 3.7584402710199356 239.40594826824963 547.99529258930124 22.434012403711677 10.762238723691551 14.730545966885982 2.3288917355239382 40.43938474683091 1.2827758505009104 1.5179985105060034 4.5265930853784084 61.319926106836647
leaf_count=21 487 15 21 127 331 26 20 31 89 103 1263 100 1985 53 97 13 17 36 35 4255 25319 234 270 225 49 1672 59 55 28 3318
internal_value=-0.000122301 -0.00148073 0.00271717 0.0032595 0.00927225 0.00171881 0.0134894 0.00559091 -0.00824992 0.00915238 -0.00256113 0.00482099 0.00680012 -0.0165799 0.0183949 0.000539063 0.0234968 0.00965074 0.017013 0.000711751 -0.00307435 0.00233882 0.00763477 0.000917212 -0.0137181 -0.00359795 -0.0042655 0.0145212 0.0330113 -0.00514841
internal_weight=1216.47 867.858 177.64 348.608 71.106 277.502 21.8712 56.4871 11.5604 44.9267 690.218 44.8655 112.095 3.86376 18.5302 33.204 14.619 5.95413 11.6615 255.631 645.353 56.9179 108.231 254.136 3.34103 588.435 65.5448 2.94213 8.66484 62.6027
internal_count=40354 34899 5776 5455 656 4799 293 554 120 434 29123 1411 2323 68 224 1276 102 53 135 4506 27712 721 2255 4480 69 26991 3453 76 49 3377
is_linear=0
shrinkage=0.03


Tree=49
num_leaves=30
num_cat=0
split_feature=11 10 24 22 23 0 22 1 0 20 24 3 25 1 24 9 0 12 19 22 10 24 9 9 10 9 16 16 16
split_gain=5.3499 5.22823 2.86239 2.84679 4.0748 3.00706 2.98372 4.58594 3.80201 2.66241 2.67604 2.56304 2.46128 2.41668 2.17536 2.02193 1.87626 3.31902 2.85411 1.79378 2.06184 1.68105 1.7625 1.64006 1.59299 1.39605 1.36709 1.18124 1.00695
threshold=0.3637841842348522 0.40103092783505162 4.532264679311143 -0.037806830725846625 0.05997421772406325 0.30518118975667058 0.017568136064466253 -0.028338636314183121 0.14950574762129568 0.52258374438982991 3.5056056167451906 0.92820324005891031 3.4139766985083311 -0.13793625114548971 5.8034470769325468 0.93407216494845369 0.78020557399346169 0.57094256271445765 28.500000000000004 0.022311600053978097 0.68204292026088797 6.4643585484768797 0.035463917525773207 0.8325257731958764 0.14070707070707075 0.070353535353535376 0.46968013361725025 0.048647177002686885 0.048647177002686885
decision_type=10 2 10 2 2 2 2 2 2 10 10 2 10 2 10 8 2 10 10 2 2 8 10 8 2 10 8 8 8
left_child=1 3 25 4 24 -6 8 -8 -5 14 19 12 -4 -13 16 27 17 -2 -18 20 -11 -16 -23 -21 -1 28 -27 -12 -3
right_child=9 2 11 6 5 -7 7 -9 -10 10 15 13 -14 -15 21 -17 18 -19 -20 23 -22 22 -24 -25 -26 26 -28 -29 -30
leaf_value=0.026570923189023762 0.0050926971690015621 0.036796714265090825 0.01884435865330544 -0.0024116144007525946 -0.0023835876323780036 0.032652963120351319 -0.0026258871482095236 0.0082074198902754216 0.0044480339259180832 0.019579423201315813 0.041040849507110781 -0.034178595620625599 -0.0018331767175495956 0.017189412182544682 -0.026116396155692969 0.00048814784711363073 0.0055694801020180693 0.023739853144744732 -0.0087816893275044147 0.0055530198522027053 -0.007834292635504508 0.01296385850809144 -0.011291946984043682 -0.033949641927731429 0.0038111672881297977 -0.0080286619813966977 -0.0024754953289231004 0.020498136396310332 -0.0081323282673230624
leaf_weight=11.526955665089188 42.736459304578602 0.45155822113156219 5.5499849859625092 306.46545197512023 21.419467675499622 2.4576172949746242 56.065958540188149 94.350941308308393 95.3433349984698 7.8832817645743507 4.5864569321274713 0.88328648731112558 77.90637085493654 12.33919729152694 3.3595880325883609 2.6845643762499103 39.546105225104839 10.751971256453542 18.217560104560107 2.0382393011823292 3.5953949987888336 4.3795484090223891 7.014218483120203 1.7650295039638875 3.6422507716342798 47.501042122486979 249.29034057678655 5.5892327111214408 77.633487354032695
leaf_count=115 870 5 159 9051 546 43 1213 1989 2311 103 24 18 3504 222 38 24 497 193 290 31 93 54 111 41 123 2017 12678 52 3985
internal_value=-2.72555e-06 -0.000760239 -0.00311634 0.00111882 0.00894724 0.00122265 0.000565292 0.00416944 -0.00078392 0.00522023 0.0135629 0.0014862 -0.000458087 0.0137579 0.00335696 0.0236474 0.0047924 0.00884105 0.00104339 0.00507651 0.0109928 -0.00746736 -0.00196847 -0.0127795 0.0211061 -0.00430332 -0.00336427 0.0297573 -0.00787251
internal_weight=1216.97 1062.83 471.555 591.272 39.0463 23.8771 552.226 150.417 401.809 154.148 28.1422 96.6788 83.4564 13.2225 126.005 12.8603 111.252 53.4884 57.7637 15.2819 11.4787 14.7534 11.3938 3.80327 15.1692 374.876 296.791 10.1757 78.085
internal_count=40400 37979 22588 15391 827 589 14564 3202 11362 2421 368 3903 3663 240 2053 100 1850 1063 787 268 196 203 165 72 238 18685 14695 76 3990
is_linear=0
shrinkage=0.03


Tree=50
num_leaves=28
num_cat=0
split_feature=10 6 23 5 10 22 22 20 26 16 1 8 8 8 19 1 2 19 22 7 17 17 24 19 1 8 1
split_gain=4.5267 3.96374 3.74363 4.38928 5.1065 3.50502 3.70951 4.89553 3.3185 3.54977 3.0584 2.95319 1.9856 1.83968 1.78099 2.37662 2.28484 2.26594 1.94126 2.59944 2.58188 1.6515 1.6616 1.64999 2.37001 1.64623 1.50417
threshold=0.13701030927835053 0.22111111111111112 0.69698057915010392 0.98484536082474239 0.035463917525773207 -0.037806830725846625 0.0049470818759360206 0.36898740499038635 0.90916431895884753 0.54725828588815295 -0.21674224304221409 0.98974332000841592 0.30151515151515157 0.010050505050505053 28.500000000000004 0.23693220794711564 0.067059964746246634 3.5000000000000004 0.0044040687975175196 0.25126262626262635 0.068711865593814064 0.11962629986732501 2.4897810689613364 36.500000000000007 -0.28063426987676787 0.88329896907216499 -0.043731568050005588
decision_type=2 2 2 2 2 2 2 10 8 10 2 2 2 2 8 2 2 10 2 8 10 8 8 10 2 2 2
left_child=2 14 5 4 12 21 11 -8 -5 -10 -6 -7 -4 -3 15 16 -2 -17 20 -20 -16 22 -1 25 -25 -15 -23
right_child=1 13 3 8 10 6 7 -9 9 -11 -12 -13 -14 23 18 17 -18 -19 19 -21 -22 26 -24 24 -26 -27 -28
leaf_value=0.015912862152932493 0.0054478245107783775 0.025705219790001149 0.0024964608795812922 0.0019977745043235086 0.017762535144108551 0.00051771748314182375 0.00094964650795997894 0.012230385682473376 -0.0074847634737047744 -0.052694227576460612 -0.0072251972637187162 -0.022510524795398348 0.020005310797657393 -0.002860180451842869 -0.00051904554614050629 -0.0099287542243959789 -0.010193103813527764 0.02309640890701015 -0.013859168270199406 -0.0010610961004045951 0.0078911881276647056 0.012301582196149085 -0.020883351528829495 0.015311225140073763 -0.0060319232262975196 0.0027544531430553471 0.03487104091553251
leaf_weight=3.4236990269273502 49.734336951747537 1.9954119324684132 11.264088595751675 3.5435103811323625 4.8166207000613204 99.738733681850135 66.375796291045845 72.376635983586311 2.6520523615181446 3.8067378625273705 52.017013888340443 5.2772094570100299 12.081856469623743 274.24054886680096 96.911276795901358 2.2823790665715924 10.115278464276342 10.34447745233774 16.502618726342916 106.2177484985441 49.699913143180311 4.7870083381421846 1.6304994374513624 4.8106408012099555 175.74493064871058 56.719772235723212 5.9746503261849284
leaf_count=41 1202 28 141 38 64 1720 1025 863 24 51 1025 58 138 15827 2179 20 231 96 420 2339 945 52 21 110 9762 1765 66
internal_value=-0.000202307 -0.00137809 0.00267296 -0.00259276 -0.000255129 0.00450232 0.00361438 0.00683395 -0.0213315 -0.0341307 -0.0051075 -0.000639486 0.0115575 -0.00304429 0.0011251 0.00529961 0.00280433 0.0171269 1.74576e-06 -0.0027821 0.00233195 0.0181881 0.00404229 -0.00315644 -0.00546327 -0.00189795 0.0248317
internal_weight=1205.09 855.319 349.766 90.1819 80.1796 259.584 243.768 138.752 10.0023 6.45879 56.8336 105.016 23.3459 513.511 341.808 72.4765 59.8496 12.6269 269.332 122.72 146.611 15.8159 5.0542 511.516 180.556 330.96 10.7617
internal_count=40251 34924 5327 1481 1368 3846 3666 1888 113 75 1089 1778 279 27492 7432 1549 1433 116 5883 2759 3124 180 62 27464 9872 17592 118
is_linear=0
shrinkage=0.03


Tree=51
num_leaves=24
num_cat=0
split_feature=11 8 15 7 14 24 25 18 1 10 15 9 25 7 13 9 16 14 10 23 19 24 12
split_gain=5.84556 5.39229 3.97744 3.77352 3.14194 4.1435 2.91534 2.9146 2.72379 2.95962 2.48107 2.862 2.85449 2.77387 2.72342 2.39041 2.20407 1.96911 1.96483 2.11448 1.95126 1.49625 0.674125
threshold=0.33794028136690996 0.96453608247422695 0.13873295910184444 0.045618556701030939 0.1266714209306472 6.277048529958356 1.3466803783674728 0.025320512820512824 -0.28063426987676787 0.26902061855670106 0.85467713550832547 0.86298969072164955 2.6579453699693905 0.82237113402061868 0.17615441863191131 0.51010204081632671 0.45316705192141365 0.41876178504085487 0.025309278350515465 -1.0181373921568317 36.500000000000007 2.8158671510406426 0.76189917148680275
decision_type=10 2 8 8 10 8 8 8 2 2 10 10 10 10 10 8 10 8 2 2 10 10 8
left_child=1 2 4 17 5 -1 -6 22 16 -10 11 14 -13 21 -9 -15 -5 -3 19 -4 -20 -12 -2
right_child=7 3 18 8 6 -7 -8 10 9 -11 13 12 -14 15 -16 -17 -18 -19 20 -21 -22 -23 -24
leaf_value=-0.013411750591770728 -0.014824903913520411 -0.055956011992688647 0.030427416983272729 -0.03412408181961088 -0.027808534339799719 0.0051783444245516088 0.003695865006439382 0.0079652694883763867 0.013351174228839668 0.0027327504328848264 -0.0027985931509158374 -0.0029306948385908636 0.018467290970784082 0.027387044825331833 -0.0018655882385910157 -0.0070300264662072464 0.0018737153163916832 -0.0024097590702642428 -0.0018882793630032976 0.002497042149587095 -0.0052441784969560592 -0.022057216363655683 -0.051923020186541172
leaf_weight=25.586702686734498 0.88425177335739025 1.3253613710403436 2.8405394274741438 2.5522308312356463 2.6797924116253844 18.660121064633131 195.51995900459588 71.655815560836345 44.559472464025021 50.283110275864601 8.0633028503507393 6.9814387699589124 28.578936281614006 3.8550607636570922 39.255332428496331 3.4341133758425713 3.8249296136200428 1.1582614853978155 442.12316490476951 17.27669537672773 240.89584184391424 6.6047163954935959 0.87911545764654875
leaf_count=447 28 22 39 22 45 260 3304 1126 397 753 192 120 319 35 804 43 33 19 20479 264 11569 106 24
internal_value=-0.000108485 -0.000944993 -0.0016572 0.00554904 0.00165628 -0.00557179 0.0032699 0.00504884 0.00644545 0.00772156 0.00545054 0.0068603 0.0142663 -0.00395364 0.00448579 0.0111723 -0.0125331 -0.0309842 -0.00279972 0.00644079 -0.00307188 -0.0114704 -0.0333199
internal_weight=1219.48 1049.29 945.583 103.703 242.447 44.2468 198.2 170.192 101.22 94.8426 168.429 146.472 35.5604 21.9572 110.911 7.28917 6.37716 2.48362 703.136 20.1172 683.019 14.668 1.76337
internal_count=40450 37653 36407 1246 4056 707 3349 2797 1205 1150 2745 2369 439 376 1930 78 55 41 32351 303 32048 298 52
is_linear=0
shrinkage=0.03


Tree=52
num_leaves=25
num_cat=0
split_feature=7 6 1 2 11 7 5 9 9 17 21 8 6 4 24 25 5 8 10 25 0 16 11 11
split_gain=6.81314 4.71952 3.73408 3.40721 2.77598 2.72686 2.67678 2.72935 2.40545 3.4419 2.85169 2.12134 2.41531 2.05487 3.01398 2.24332 4.70373 2.89021 2.57187 2.11651 1.9495 1.91686 1.76619 1.4672
threshold=0.95897328003366311 0.13701030927835053 0.091452784988146504 -0.11569277407114757 0.33794028136690996 0.65153061224489806 0.90360824742268053 0.050252525252525264 0.85640648011782039 0.96254070792960256 0.47648649444624686 0.98484536082474239 0.06592783505154641 0.96984848484848496 -1.9725232442570797 6.1777508671904489 0.97989898989898994 0.015154639175257735 0.06030303030303031 5.6131332165174737 2.3955385060085574 0.8101999491827746 -0.62408183717811194 0.08859600449005535
decision_type=10 2 2 2 10 8 2 8 10 8 2 2 2 2 10 10 2 2 2 10 2 10 8 10
left_child=1 4 6 21 11 -5 20 -8 10 -10 -6 22 -13 15 -15 17 18 -2 -17 -19 -3 -4 -1 -16
right_child=13 2 3 5 8 -7 7 -9 9 -11 -12 12 -14 14 23 16 -18 19 -20 -21 -22 -23 -24 -25
leaf_value=0.021853027403532344 0.036056989864403033 -0.0035922516249649932 -0.0043629613231826996 -0.0045591971136865958 -0.0036470866342078411 0.0044999741724287791 -0.016347925577541375 0.0019856555994005503 0.0073044884600117401 0.034633223201238357 0.0098722138208692765 -0.0021981038032606519 0.018546400101684068 -0.035135964331760972 -0.011183118635406492 0.024023267142164864 -0.057447638763527098 0.0074521076397807461 -0.006509067414381362 0.022407703765262632 -0.060047286760356887 0.022716794646154722 -0.00027413513012188365 0.024871921940758435
leaf_weight=3.2994889914989471 3.8104045987129203 519.7768328525126 3.0047465134412041 47.233346514170989 22.799984782934189 81.506429590284824 7.7276114402338854 134.63037231191993 11.439078167080877 6.5069984942674663 36.557821162045002 8.5171329919248837 12.413802251219748 2.4312889687716961 2.0040667690336695 3.6252654697746021 1.2830472625792015 68.814757289830595 7.8801153050735593 9.7192226704210025 0.55108821392059226 10.838936332147567 202.51138063427061 2.0598244816064835
leaf_count=22 23 27485 84 1672 243 2148 125 2315 104 37 365 80 97 27 28 38 19 928 171 89 11 151 4047 16
internal_value=0.000176333 -0.000504769 -0.00170715 0.002697 0.00267975 0.00117625 -0.00265474 0.000990455 0.00758911 0.0172135 0.0046793 0.00100598 0.0101051 0.00761087 -0.00871502 0.00872551 -0.00296436 0.010541 0.00311146 0.00930299 -0.00365204 0.0168392 8.05999e-05 0.00709174
internal_weight=1210.94 1109.32 805.269 142.583 304.046 128.74 662.686 142.358 77.3039 17.9461 59.3578 226.742 20.9309 101.628 6.49518 95.1328 12.7884 82.3444 11.5054 78.534 520.328 13.8437 205.811 4.06389
internal_count=40325 38986 33991 4055 4995 3820 29936 2440 749 141 608 4246 177 1339 71 1268 228 1040 209 1017 27496 235 4069 44
is_linear=0
shrinkage=0.03


Tree=53
num_leaves=29
num_cat=0
split_feature=8 11 10 21 22 15 10 22 21 20 15 12 23 9 26 6 25 11 0 17 25 24 26 26 7 7 17 7
split_gain=4.89944 4.47554 4.72764 4.99489 3.35841 3.08392 2.62189 3.13478 3.08563 2.93743 2.34751 2.32258 2.18717 2.73328 3.54018 2.95027 2.94461 2.60472 3.28361 2.63632 2.59149 1.68109 1.55207 1.44548 1.43896 1.34082 1.29109 0.817927
threshold=0.95979797979797987 0.3637841842348522 0.070353535353535376 0.59802760325058946 0.036685618080822449 0.63431372549019616 0.45180412371134027 0.0065293128714280953 0.30146669341657456 0.59423063437648027 0.011561079925153704 0.96514823669604799 1.6302519177689219 0.10050505050505053 -0.012623914787475207 0.97469072164948456 4.8494733402463721 0.75528110364244061 0.42347291402873227 1.8330254340162735 2.9696354412064756 4.7285031336336045 0.45635000315915325 -0.3885848937336111 0.84268041237113411 0.87314432989690738 1.2891620633359337 0.96453608247422695
decision_type=2 10 2 2 2 10 2 2 2 10 8 8 2 8 8 2 10 8 2 8 8 10 10 10 10 10 8 8
left_child=1 2 3 5 -5 -1 7 22 -9 11 24 -8 13 14 16 20 -2 18 19 -14 -15 -11 -3 -12 -4 -20 -16 -17
right_child=12 6 10 4 -6 -7 9 8 -10 21 23 -13 17 15 26 27 -18 -19 25 -21 -22 -23 -24 -25 -26 -27 -28 -29
leaf_value=0.0014080485514994384 -0.011900355505360036 0.014338848515616211 0.0051812701605559366 0.0065469696569317162 0.026487111910720958 -0.017038025738971098 0.0024791600191919989 0.038308007379216781 -0.0033186510069420951 0.0074570293948538783 -0.0039914584652328226 -0.011535840875238328 -0.01504495392960005 0.016069332566596095 0.012045474784821136 -0.011764942887772417 -0.057307203796183974 -0.016155336931707058 0.035744754459524665 0.025161219125079053 0.0037062575482829188 0.035873732535177512 0.033161107522833549 -0.0013273327147710358 0.031427641816270252 0.01329148150004943 -0.017646271716443344 -0.046358287399821924
leaf_weight=143.68023572582752 3.8642185591161251 13.317049169912936 7.2961126388981921 23.689050018787384 11.194032970815895 8.6481084218248707 53.249903639312834 1.8194007463753212 13.453940519131718 4.5244910353794685 414.71098387776874 13.300167029723523 3.7122574839740983 18.115433108061552 5.2945242244750244 1.3616345878690475 1.9260332472622392 2.2241065334528711 7.2396811507642251 2.4275835733860767 96.790836035273969 3.1979355337098241 5.6012158747762433 328.46766480174847 2.5325421690940857 3.5758973881602287 1.754904134199023 1.122028825804591
leaf_count=1829 68 163 131 274 87 198 1189 13 224 75 18714 272 53 189 77 27 29 29 49 26 1140 17 55 15203 29 26 31 19
internal_value=-0.000170852 -0.000894981 -0.00156064 0.00270577 0.0129458 0.000360813 0.00487525 0.0117497 0.00164003 0.00171056 -0.00262135 -0.000321766 0.00491171 0.00351876 -0.0096228 0.00495613 -0.0270042 0.0143699 0.0183741 0.000851849 0.00565535 0.0192247 0.0199116 -0.00281398 0.0119442 0.0283211 0.00465393 -0.027393
internal_weight=1198.09 1048.68 940.219 187.211 34.8831 152.328 108.464 34.1916 15.2733 74.2725 753.007 66.5501 149.409 130.23 12.8397 117.39 5.79025 19.1795 16.9554 6.13984 114.906 7.72243 18.9183 743.179 9.82865 10.8156 7.04943 2.48366
internal_count=40236 38473 36465 2388 361 2027 2008 455 237 1553 34077 1461 1763 1580 205 1375 97 183 154 79 1329 92 218 33917 160 75 108 46
is_linear=0
shrinkage=0.03


Tree=54
num_leaves=22
num_cat=0
split_feature=8 10 15 23 20 15 21 6 23 2 23 20 21 24 25 1 2 7 10 11 8
split_gain=4.29542 3.54755 4.25487 3.45884 3.18925 3.71436 3.10781 2.94398 2.82736 2.78527 2.14174 2.57661 3.95145 2.5332 1.96199 4.79921 1.94348 1.83053 1.44056 1.32272 0.923862
threshold=0.94422680412371141 0.070353535353535376 0.011561079925153704 -2.4241684968216215 0.29182958607147008 0.069366479550922219 0.6446517036992222 0.18090909090909094 -2.3036425470190189 -0.001328485424700274 0.43006642077202839 0.37591911901260538 0.56486364009494727 3.3272750437497987 7.1954880908836598 -0.0038456370256733392 0.12959033823304478 0.81537976015148339 0.21824742268041239 0.33794028136690996 0.69229960025247228
decision_type=2 2 8 2 8 10 2 2 2 2 2 8 2 8 8 2 2 10 2 10 2
left_child=1 3 17 -1 5 -5 -6 9 -2 -4 11 12 -10 -13 16 -16 -12 19 -9 -3 -19
right_child=8 2 7 4 6 -7 -8 18 10 -11 14 13 -14 -15 15 -17 -18 20 -20 -21 -22
leaf_value=0.035583712606479447 -0.031107472012290985 0.013396277472481807 -0.00275300432155516 -0.04524308086749932 0.0019887369333891863 -0.0029560038113019631 0.014198878431690092 -0.00046996498654816739 0.019283249431089635 0.0036321098086944731 0.0092293361785127682 -0.0058277236008771145 -0.0064613531753198823 0.0044015051525399173 0.022389098227820328 -0.031478764218584573 0.029304547334899893 0.018467172594813969 -0.0038691480223050608 -0.017872311480561981 0.044046793115552429
leaf_weight=2.8982270751148453 1.9971211170777667 5.1800164086744171 106.14006792381406 2.5636641643941385 155.0294929202646 6.9035351723432541 21.343938341364264 153.88813775917515 16.521330406889323 146.14619101304561 53.249956304207444 38.754068205598742 7.9465333255939177 49.77058012643829 2.7152136787772179 3.2947195828892282 4.7252649702131739 2.8745224140584469 414.28881009388715 1.5916974935680626 2.2776398733258247
leaf_count=24 38 100 2655 41 1974 132 225 4867 206 2930 671 665 188 578 39 68 34 31 24923 23 19
internal_value=0.000100951 -0.00065045 -0.00149245 0.003063 0.00255583 -0.0144071 0.00346635 -0.00175103 0.00438801 0.00094581 0.00478856 0.00230508 0.0109221 -7.66175e-05 0.00917417 -0.00714193 0.0108656 0.0162995 -0.00294849 0.00604657 0.0297753
internal_weight=1200.1 1021.13 832.387 188.739 185.841 9.4672 176.373 820.463 178.975 252.286 176.978 112.993 24.4679 88.5246 63.9852 6.00993 57.9752 11.9239 568.177 6.77171 5.15216
internal_count=40431 37944 35548 2396 2372 173 2199 35375 2487 5585 2449 1637 394 1243 812 107 705 173 29790 123 50
is_linear=0
shrinkage=0.03


Tree=55
num_leaves=25
num_cat=0
split_feature=7 4 6 22 10 0 22 9 20 20 10 23 26 10 22 26 21 9 2 6 2 20 13 26
split_gain=5.37233 2.86754 2.82466 4.16216 3.1309 3.34335 4.27417 3.36366 2.93153 3.57287 2.8404 2.77947 2.75091 2.20744 1.87306 1.76838 2.35443 1.69311 1.54274 2.72631 2.41551 1.49744 1.36882 0.935764
threshold=0.95897328003366311 0.015154639175257735 0.18090909090909094 -0.033687162564287158 0.26131313131313139 0.20223825967148881 0.0049470818759360206 0.27917525773195884 0.54132150897966957 0.69855767690231285 0.9794866400168315 1.7014086582115402 1.9725896461818 0.045618556701030939 0.017288236255975843 -1.4854760265187197 0.56668312953537714 0.35202540872643967 0.04652918332807638 0.57071428571428584 0.037174350074117728 0.33329614576748479 -0.35657645286870471 -0.68351036096570972
decision_type=10 2 2 2 2 2 2 10 10 8 2 2 10 2 2 10 2 10 2 2 2 8 10 10
left_child=2 14 3 11 5 6 -4 -7 10 -10 -5 13 18 -1 23 17 -17 -6 20 -20 -3 -13 -14 -2
right_child=1 12 4 8 15 7 -8 -9 9 -11 -12 21 22 -15 -16 16 -18 -19 19 -21 -22 -23 -24 -25
leaf_value=0.039158835246589745 0.017827861483785429 0.0050867214327119138 -0.0042549486373337627 0.00012133597410815224 -0.0095407370802226103 0.018259222226605074 0.0032783570137345118 0.00084870555230123627 0.010173839441099355 -0.038364668671510234 -0.020510829514220553 0.02071994948633394 -0.046383967026918778 0.012753401287236534 -0.00010949600872691844 0.00080379247115520969 -0.0046190984593272814 -0.0028179020310896159 0.018847059258819417 -0.0035052925998110334 -0.01874652871198116 -0.02416171543705067 -0.0017988237596411696 0.039348675794431999
leaf_weight=3.2861741930246415 3.2695479989051819 56.748389525804669 135.76471579633653 284.23579309741035 65.745581701165065 18.32291197264567 135.36961365607567 21.951727483421564 37.819717704318464 1.4159570643678296 6.1348843378946176 0.90589335747063104 1.3510725721716883 21.43457389716059 2.5328437108546495 142.82620660844259 145.41910773841664 69.20300296950154 17.17151486128569 6.8781641139648846 4.1040239995345464 2.5589543478563428 1.1449040789157141 4.0970360562205297
leaf_count=20 36 789 3912 5513 3865 348 3247 460 603 39 148 18 22 319 25 7167 9458 3756 181 116 66 54 19 26
internal_value=8.74004e-05 0.00684238 -0.000514253 0.00167162 -0.00157889 0.000704253 -0.000493785 0.0087696 0.000725427 0.00842216 -0.000314576 0.0127366 0.00510906 0.0162635 0.0221452 -0.00325896 -0.00193204 -0.0060932 0.00602164 0.0124543 0.00347935 -0.0124273 -0.0259328 0.029797
internal_weight=1189.69 97.2975 1092.39 357.792 734.603 311.409 271.134 40.2746 329.606 39.2357 290.371 28.1856 87.3981 24.7207 9.89943 423.194 288.245 134.949 84.9021 24.0497 60.8524 3.46485 2.49598 7.36658
internal_count=40207 1280 38927 6714 32213 7967 7159 808 6303 642 5661 411 1193 339 87 24246 16625 7621 1152 297 855 72 41 62
is_linear=0
shrinkage=0.03


Tree=56
num_leaves=27
num_cat=0
split_feature=10 11 8 9 22 20 6 11 12 9 2 14 0 22 12 12 0 16 22 23 1 2 22 11 14 8
split_gain=5.14391 3.44941 4.06429 3.02169 2.86532 3.1891 2.52962 2.3894 2.60234 2.42522 2.25198 2.19638 2.14622 4.23754 2.72761 1.9594 1.72996 2.55445 1.70854 1.46988 2.59507 1.8614 1.3528 1.79012 1.26082 1.1936
threshold=0.35202540872643967 0.21705040125270617 0.95438144329896912 0.98994949494949502 0.021096598203186028 0.45663123076895512 0.29948453608247427 0.32883917272078739 -0.15494163162807453 0.85283505154639183 -0.093736739805889549 0.015504807692307694 0.24379517549663912 -0.0087260921435905695 -0.17815993291628848 -0.93894387751149588 0.844301140512839 0.38087450536379014 0.0065293128714280953 0.58943528507020793 0.69093689713054784 0.10454655963825817 -0.015870123517400889 0.61514165662891618 0.025158227848101272 0.4721134020618557
decision_type=2 10 2 10 2 8 2 10 8 10 2 10 2 2 8 8 2 10 2 2 2 2 2 10 8 2
left_child=1 2 4 11 15 -6 7 16 25 -10 -3 -4 14 -14 -12 -1 18 -18 -2 22 21 -21 23 -8 -24 -9
right_child=6 10 3 -5 5 -7 19 8 9 -11 12 -13 13 -15 -16 -17 17 -19 -20 20 -22 -23 24 -25 -26 -27
leaf_value=-0.013462447841367046 0.0011713047831648342 -0.025509643074779646 0.031975408271356157 -0.028344954977672334 -0.0027902942933918404 0.0087011792241864245 -0.01033730200518348 -0.0010382173661844345 0.0028008281006451554 0.015286202939197892 -0.0043933424311556847 0.0084640392013809965 0.020603532111111499 -0.00085198653771972432 0.021272048392875498 -0.00045946688839068351 -0.037071034626907202 -0.004223821344654332 -0.0046929140170447539 -0.0015009547812594984 -0.057762764463329029 0.011946056430659643 0.01263917494191215 -0.057682835593798491 -0.0044730158742261059 -0.035949364715033447
leaf_weight=10.750919586978851 125.50075475685298 1.7000488117337216 3.8376220576465121 1.9055401347577561 32.369003192521632 66.159583718515933 21.649087478406731 1.5613634865731003 68.915658697951585 17.572237601038069 4.5831238189712167 52.448547937907279 11.572548243217168 29.160802110098302 19.944418901111934 349.2753194347024 2.9509317949414235 7.6669197771698236 69.463406320195645 75.929459471954033 0.70227629505097766 10.552217753836883 3.9511634544469407 0.74341149814426799 201.36564386682585 2.0239037629216909
leaf_count=175 3970 32 33 20 800 1304 1265 23 990 174 105 562 133 410 268 10313 52 129 2524 4481 13 422 170 12 11941 25
internal_value=0.000157145 0.00217078 0.00134061 0.00880922 0.000392828 0.00492595 -0.00176797 0.000224893 0.00429933 0.00533755 0.00857734 0.0100671 0.0094653 0.00524363 0.0164763 -0.000847755 -0.00156027 -0.0133528 -0.000918046 -0.00363908 -0.000326605 0.000139807 -0.00490734 -0.0119091 -0.0041437 -0.0207458
internal_weight=1194.26 583.707 516.747 58.1917 458.555 98.5286 610.548 295.655 90.0732 86.4879 66.9609 56.2862 65.2609 40.7334 24.5275 360.026 205.582 10.6179 194.964 314.893 87.184 86.4817 227.709 22.3925 205.317 3.58527
internal_count=40346 14155 13207 615 12592 2104 26191 7887 1212 1164 948 595 916 543 373 10488 6675 181 6494 18304 4916 4903 13388 1277 12111 48
is_linear=0
shrinkage=0.03


Tree=57
num_leaves=30
num_cat=0
split_feature=15 8 13 11 9 1 11 0 11 10 9 9 24 16 12 25 25 24 24 24 13 10 8 11 9 5 9 1 16
split_gain=4.21329 3.22445 3.5078 2.92346 5.41299 2.62174 3.0949 3.13082 2.57368 2.52737 4.64264 3.54599 2.41532 3.04251 3.53529 2.37113 3.57242 3.3623 3.30541 3.40682 2.4442 2.08861 3.10675 2.27522 1.85282 2.89363 1.6961 0.670346 0.654152
threshold=0.10404971932638334 0.94871660004207881 -0.67725042587741979 0.19266469389100219 0.62122448979591849 0.13278231602911897 0.75528110364244061 1.7799472545222128 -0.38434845016290881 0.070353535353535376 0.72306964022722509 0.54819587628865996 -3.5832790654272917 0.83574443159754985 -0.25634609676714881 6.5007301000466686 6.6830991429261273 3.1190437913127878 4.3891996993869515 5.9517303794637764 2.165841500362089 0.035463917525773207 0.040202020202020211 0.25246455849435284 0.9497474747474749 0.96984848484848496 0.11055555555555556 -0.068977440906287352 0.72733513660145033
decision_type=8 2 8 8 8 2 10 2 10 2 10 8 10 8 10 10 10 10 10 10 10 2 2 10 10 2 10 2 10
left_child=8 5 3 27 -5 21 7 -7 12 11 -11 -4 24 28 -15 18 -17 -18 20 -20 -10 22 -2 -23 25 -1 -8 -3 -14
right_child=1 2 9 4 -6 6 26 -9 15 10 -12 -13 13 14 -16 16 17 -19 19 -21 -22 23 -24 -25 -26 -27 -28 -29 -30
leaf_value=0.021367989785419594 -0.011876086185968729 0.045273845873936701 -0.009474182058791367 -0.031824224727341095 0.021916263568214155 0.0019130231313501072 -0.0031423758828787395 -0.049414143228968657 0.0017391694637991753 0.0045697680575480758 -0.0095571962519005703 0.025925028185097402 0.01563158304606662 0.0041334695368827872 -0.034158746395934143 -0.044526198612372059 0.0094915282265275892 -0.013095034905038175 0.02061576870083975 0.0025128972278558033 -0.040860452402714402 -0.0030837484822045938 0.010610520902629062 0.0026509798885517282 0.033101537375751132 -0.010278957904492981 0.027633122911970176 0.025243510680243289 0.0392209038189162
leaf_weight=9.0194171648472565 7.176912420429292 2.3850851599127054 3.6873168367892477 2.4313494507223368 5.5088384598493576 101.96612836187705 2.1398223713040334 1.0809004381299008 147.65221683960408 70.310806139372289 29.814857598859817 8.2337337918579578 2.0644973991438773 20.150367492809899 2.4318121708929494 2.0260299723595407 10.688096049241723 13.329075210727749 18.301162828691304 19.14230555575341 1.2222181088291098 595.43825585278682 24.092748716473579 69.53564633615315 5.4953173026442519 3.653636645525693 6.530142817646265 4.069205991458146 2.1701843105256557
leaf_count=78 122 16 44 35 35 2629 34 14 2444 1176 430 59 21 196 28 33 137 187 159 258 35 29296 359 2298 36 40 62 40 20
internal_value=0.000190058 -0.000746062 0.00370879 0.0176498 0.00546049 -0.00144322 0.00282299 0.00137463 0.00358903 0.0019178 0.00036312 0.0149756 0.0101074 0.00438572 9.88722e-06 0.00220821 -0.00627072 -0.00304359 0.00339338 0.011361 0.00138944 -0.00212776 0.00544947 -0.00248407 0.0185528 0.0122442 0.0200375 0.0326454 0.0277206
internal_weight=1191.75 934.402 126.441 14.3945 7.94019 807.961 111.717 103.047 257.346 112.047 100.126 11.9211 44.9852 26.8169 22.5822 212.361 26.0432 24.0172 186.318 37.4435 148.874 696.244 31.2697 664.974 18.1684 12.6731 8.66997 6.45429 4.23468
internal_count=40321 36649 1835 126 70 34814 2739 2643 3672 1709 1606 103 419 265 224 3253 357 324 2896 417 2479 32075 481 31594 154 118 96 56 41
is_linear=0
shrinkage=0.03


Tree=58
num_leaves=29
num_cat=0
split_feature=11 10 12 2 0 25 26 10 10 3 14 17 17 15 23 19 8 12 16 0 5 15 18 17 2 25 0 11
split_gain=4.24941 3.62018 2.69559 3.37826 2.6289 2.82859 2.47318 2.50826 2.41843 3.01918 2.36466 2.82983 2.50085 2.33852 2.12798 2.11491 1.95958 1.91544 1.82079 2.1992 1.80535 1.86257 1.79413 1.67617 1.5385 1.16776 1.11542 0.69459
threshold=0.33794028136690996 0.070353535353535376 1.5321762690883458 -0.043341560628479679 -0.27542258974144262 5.4485792987873625 -1.0493014351490009 0.76409636019356209 0.31156565656565666 0.42134020618556706 0.80663489736070393 -1.1679857489021874 -0.8894616624031354 0.64575163398692825 1.291114272011068 39.500000000000007 0.9076898800757417 0.83215553064965198 0.98799784539812496 0.083180471130906 0.9076898800757417 0.022599591419816142 0.084219858156028379 0.4320042163064805 0.094996081144344297 4.1514402872552898 0.17669478890692683 0.87536584666294825
decision_type=10 2 8 2 2 8 8 2 2 2 8 8 8 8 2 8 2 10 10 2 2 8 8 10 2 8 2 8
left_child=1 10 6 27 -5 -6 7 23 22 -10 11 15 25 -13 -14 -1 20 -9 19 -18 21 -3 -8 -2 -22 -12 -20 -4
right_child=2 16 3 4 5 -7 8 17 9 -11 12 13 14 -15 -16 -17 18 -19 26 -21 24 -23 -24 -25 -26 -27 -28 -29
leaf_value=-0.041620670393312624 0.027298349310260425 0.013103660273767458 -0.056851949029605595 0.045803229462262132 -0.021302622310231337 0.0034967121941133069 -0.0097316482154538083 -0.010464362421019361 -0.0061359852660430305 0.0056019158722859499 0.01257037307828391 0.0031715698008917027 0.0078958192656050728 -0.0097838847570368755 -0.0063700074012327419 -0.0073086123194680925 -0.0094150015980345187 0.030071181207718095 0.0089660975666150302 0.0025918340573687425 0.00034849349631806028 -0.0029567892525915081 0.015780438746249646 0.0014447955142801708 0.012999621824899429 0.037059733555959651 0.033584593799994102 -0.022294834352979555
leaf_weight=2.2058246247470361 11.821593342348935 6.5716597801074377 1.151503905653956 1.013449989259249 5.8382878378033629 14.224596605170516 2.7996707009151605 4.4543598378077141 27.250432508997619 71.387192379217595 3.6655609738081694 108.230817344971 54.93347221519798 14.182613808661698 11.355965865775941 6.0538700502365828 15.932581695262341 1.3724009012803433 6.8572887373156828 99.283608861034736 94.288985328748822 586.9288564203307 21.787204700522125 2.7895056735724202 9.5252417800948006 3.357652542181313 2.1838801465928555 0.95980162452906403
leaf_count=31 155 141 26 6 116 227 47 125 703 1103 30 1370 612 261 155 87 484 15 143 2207 1919 29977 220 48 150 26 38 15
internal_value=8.84523e-05 -0.000633912 0.00452853 -0.00496282 -0.00133857 -0.00371988 0.00606047 0.0157256 0.00445742 0.00235911 0.00294317 0.000523805 0.00725548 0.00167057 0.00545196 -0.016472 -0.00152206 -0.000916859 0.00194877 0.000931478 -0.00214054 -0.00277896 0.0128754 0.0223625 0.00150927 0.0242782 0.0149127 -0.0411422
internal_weight=1192.41 1025.56 166.85 23.1876 21.0763 20.0629 143.662 20.4379 123.225 98.6376 203.986 130.673 73.3127 122.413 66.2894 8.25969 821.572 5.82676 124.257 115.216 697.315 593.501 24.5869 14.6111 103.814 7.02321 9.04117 2.11131
internal_count=40437 37631 2806 390 349 343 2416 343 2073 1806 2572 1749 823 1631 767 118 35059 140 2872 2691 32187 30118 267 203 2069 56 181 41
is_linear=0
shrinkage=0.03


Tree=59
num_leaves=30
num_cat=0
split_feature=8 11 20 17 22 10 2 11 13 22 2 14 11 8 9 14 16 13 1 10 3 9 17 8 5 16 1 17 3
split_gain=3.35266 3.81533 2.98378 3.0491 2.63397 3.36188 2.44153 2.58857 2.22322 2.92423 2.67385 2.08847 5.00273 2.86617 2.37527 2.32365 2.10593 1.99516 1.99458 3.31437 1.96943 1.8146 1.79397 1.77996 1.65996 1.65611 1.6156 1.38012 1.23099
threshold=0.96453608247422695 -0.38434845016290881 0.45399396621778371 1.0157636044983269 -0.033687162564287158 0.06592783505154641 0.018317791402882321 -0.32798965727832291 0.45580779103689101 0.009374325570843901 -0.034738343633415304 0.1420168067226891 -0.12328200592086523 0.98994949494949502 0.096391752577319606 0.041960093896713617 0.97362267945881209 -0.33508345773405196 -0.058546969605030551 0.43366656253254199 0.13701030927835053 0.94422680412371141 1.9869885797167648 0.80206185567010324 0.84268041237113411 0.56128217055531382 -0.61812202602002808 -1.0000000180025095e-35 0.31156565656565666
decision_type=2 8 8 8 2 2 2 8 10 2 2 8 8 2 8 10 8 10 2 2 2 10 8 2 2 10 2 8 2
left_child=1 2 3 20 5 23 26 -8 10 -10 -4 12 27 15 17 -14 -15 22 19 -16 -1 -20 -13 -3 -7 -19 -6 -2 -5
right_child=11 4 8 28 6 24 7 -9 9 -11 -12 14 13 16 18 -17 -18 25 21 -21 -22 -23 -24 -25 -26 -27 -28 -29 -30
leaf_value=-0.037292645231938058 0.0042689240016539421 0.013432525189356195 0.018072455444677428 -0.0011777151762530536 0.023785038986608525 -0.0020882879038324692 -0.031936959829761566 0.00044204269890318947 0.012817123895597414 -0.039809833574064847 0.0027455179469275514 0.012344258640423555 0.012684690417494317 -0.02238173236224953 0.022671847368445967 -0.006523822261597147 0.0037946675978708065 -0.011573893422757005 0.0029774105203441825 -0.0011817443190651163 -0.0072710762253047302 0.017007856935001377 -0.022925145742191937 0.042674682809941293 0.0099623960077523284 -0.058919683112353544 -0.0030211392139791273 0.029225492811656945 0.017806880392003933
leaf_weight=2.5487029086798421 3.1872274577617645 7.0713425800204259 26.941853330470622 6.7310665822587925 2.0311559326946727 32.449709472246468 2.2357043316587806 366.91002391069196 2.0459769964218135 1.774336230009794 16.528548797592521 4.3868981227278709 9.2513821264728922 11.135784506797787 17.466369826346639 14.632907209917901 3.6802440024912366 1.9015072798356398 48.42969177942723 7.4908144772052756 8.6107357265427691 10.01118880137801 1.8433525823056696 2.5486179701983929 15.063239912036805 1.0224474258720873 537.58801907813177 5.3282782696187478 5.6576242507435381
leaf_count=45 28 85 287 103 23 1405 43 13959 23 19 179 64 100 133 145 209 32 33 606 94 181 87 27 16 296 21 21900 36 103
internal_value=-0.000160436 -0.000748452 0.00597176 -0.0027535 -0.00124131 0.00500673 -0.00163412 0.000245942 0.0103165 -0.0116254 0.0122448 0.0042012 -0.000933094 -0.00551376 0.00682047 0.000916436 -0.0158796 -0.00768567 0.00841274 0.0155123 -0.0141277 0.00538089 0.00190905 0.0211797 0.00173219 -0.0281298 -0.00292024 0.0198846 0.0074921
internal_weight=1176.5 1036.74 70.8388 23.5481 965.898 57.1329 908.765 369.146 47.2907 3.82031 43.4704 139.768 47.2158 38.7003 92.5523 23.8843 14.816 9.15421 83.3981 24.9572 11.1594 58.4409 6.23025 9.61996 47.5129 2.92395 539.619 8.51551 12.3887
internal_count=40282 38667 940 432 37727 1802 35925 14002 508 42 466 1615 538 474 1077 309 165 145 932 239 226 693 91 101 1701 54 21923 64 206
is_linear=0
shrinkage=0.03


Tree=60
num_leaves=29
num_cat=0
split_feature=10 19 15 18 21 22 5 21 25 19 23 12 26 12 26 22 18 18 22 5 7 7 9 15 18 26 9 10
split_gain=4.01491 3.09964 3.16698 2.57867 3.30025 2.59735 2.52555 3.28961 2.78811 3.12058 2.76855 2.1827 2.07893 2.49882 2.08546 2.02702 2.15334 1.86791 2.48528 1.86672 1.83883 1.77501 1.59071 1.68716 1.3813 1.2519 0.875908 0.595703
threshold=0.035463917525773207 29.500000000000004 0.056498978549540356 0.15954545454545457 0.27144733377617924 -0.0087260921435905695 0.99500000000000011 0.44024216697969537 5.8437170586953489 106.50000000000001 0.60237569685616654 0.34481679221168332 -0.18237830325894414 -0.8373175429035683 -0.28755405836604336 0.037779630002959384 0.71583850931677029 0.12347560975609757 -0.032079421303235267 0.36041237113402064 0.070353535353535376 0.86298969072164955 0.99500000000000011 0.069366479550922219 0.78086890243902451 -1.4854760265187197 0.055773195876288664 0.015154639175257735
decision_type=2 8 8 8 2 2 2 2 8 8 2 10 8 8 10 2 10 8 2 2 10 8 10 8 10 10 10 2
left_child=6 2 15 4 20 -6 12 8 26 -10 -9 19 13 27 -15 16 -2 18 -14 -5 -3 -13 23 -4 -19 -24 -8 -1
right_child=1 3 22 11 5 -7 7 10 9 -11 -12 21 17 14 -16 -17 -18 24 -20 -21 -22 -23 25 -25 -26 -27 -28 -29
leaf_value=-0.013994561785536163 0.022843039950924321 0.0035100993273420324 -0.014552776105898016 -0.0055416884892322809 0.0072442554612794172 -0.0018775788479821547 -0.01243316774838542 0.023859897058470959 -0.051997048341988122 -0.0043692034474476088 -0.016663307364588483 -0.0022847528272441761 0.035243249778738335 0.0058331534910637077 -0.028831856577867195 -0.013798404906331255 0.0027206824459166841 0.01488709998838003 -0.0077735319163627593 -0.0017891584904431419 0.023785385328243695 0.0049103444540705195 0.03987153085788022 0.0015362087235867438 -0.0015279716337626267 0.0046403939933716996 0.015401404097672053 -0.04276626646099016
leaf_weight=1.466786425560713 13.936372416093951 7.1679362631402936 6.051263283006846 169.44794682157226 38.890880717895925 101.19151926226914 2.0569431334733936 4.5513483397662631 2.9465815871953982 2.1353230327367774 2.276212178170681 58.753416944760829 1.4214327074587334 27.400298852473504 1.6563521716743697 2.2862133197486392 7.2898841202259055 44.444748246110976 8.0790877658873779 403.21002815035172 9.1836870461702329 64.993772679008543 1.6977520035579803 191.58871106989682 5.1480520199984303 1.9507396691478778 2.0134986340999603 1.1597175244241951
leaf_count=27 130 136 97 8837 1179 3519 26 39 40 24 27 1980 15 337 27 33 113 438 106 14142 154 1381 17 7372 80 34 21 20
internal_value=3.88689e-05 -0.000510888 0.00262293 -0.00133694 0.00214364 0.000654903 0.00558833 -0.00540938 -0.0171657 -0.0319847 0.01035 -0.00211878 0.00752432 0.00132407 0.0038571 0.0130414 0.0159323 0.0108486 -0.00133752 -0.00289952 0.0148975 0.00149421 0.00140595 0.0010436 0.0131831 0.0210345 0.00133558 -0.0266985
internal_weight=1184.4 1077.64 224.801 852.839 156.434 140.082 106.756 15.9799 9.15235 5.0819 6.82756 696.405 90.7765 31.6832 29.0567 23.5125 21.2263 59.0933 9.50052 572.658 16.3516 123.747 201.288 197.64 49.5928 3.64849 4.07044 2.6265
internal_count=40351 39124 7796 31328 4988 4698 1227 177 111 64 66 26340 1050 411 364 276 243 639 121 22979 290 3361 7520 7469 518 51 47 47
is_linear=0
shrinkage=0.03


Tree=61
num_leaves=22
num_cat=0
split_feature=15 8 7 22 0 11 2 19 17 14 7 12 2 17 16 12 5 14 5 18 17
split_gain=3.67361 3.42719 2.77506 2.98232 2.86097 2.78852 2.59899 2.34328 3.75057 2.34 2.25406 1.9512 1.8658 2.7055 2.04507 1.78087 1.59963 1.16024 1.13352 0.780342 0.893406
threshold=0.011299795709908071 0.9497474747474749 0.8974332000841575 0.099526812123520256 2.3955385060085574 -0.38434845016290881 0.04652918332807638 16.500000000000004 -0.15987038684905616 0.44586453923803326 0.85640648011782039 0.12353734042763832 -0.089227352476528965 1.0713487458681625 1.2735766415368026 -0.52370859208212994 0.98484536082474239 0.91715686274509811 0.62122448979591849 0.18301435406698566 1.493482075534146
decision_type=8 2 10 2 2 8 2 8 10 10 8 8 2 10 10 8 2 10 2 10 8
left_child=10 2 4 6 5 -2 -4 8 11 -10 15 -3 13 -9 -14 -1 19 -17 -19 -12 -21
right_child=1 7 3 -5 -6 -7 -8 12 9 -11 16 -13 14 -15 -16 17 -18 18 -20 20 -22
leaf_value=0.030462671202888609 0.0057648626711812034 -0.054518871045519307 0.0012022340421668103 -0.044871124386402429 -0.038782747797629545 -0.0015651637413086647 0.010499074570150851 0.0085603098237656602 0.022789938111446018 -0.015854156744156783 0.043297360211568221 -0.014799348709459573 0.004219579286680741 0.036467067501249575 -0.030599889178727042 -0.024628066833561238 0.0052784429910968933 -0.015319404156112921 0.023570164444509871 0.036108908711037974 0.0086023449424401099
leaf_weight=1.3609094135463236 49.527801369782537 1.3590508913621304 97.057515344815329 1.1429423112422217 1.821741547435521 820.8472633108031 37.52687039738521 19.179405967239294 4.0935269650071842 2.1514003267511725 2.7876063883304578 6.1509042959660292 120.84074980439618 3.7355578597635022 1.5374360680580128 2.1797945126891163 3.1633517183363438 1.3042908757925036 1.3970456793904302 2.2094980832189313 2.0475408174097547
leaf_count=11 697 27 1962 21 28 34579 660 256 54 35 21 110 1594 28 16 33 32 28 18 19 25
internal_value=0.000238575 4.01245e-05 -0.000605694 0.00338471 -0.00122666 -0.00114806 0.00379452 0.00413282 -0.00770204 0.00947691 0.0143167 -0.0219873 0.00525323 0.0131096 0.00378214 0.000115419 0.0230006 -0.00834571 0.00479305 0.0309586 0.0228789
internal_weight=1183.42 1166.97 1007.92 135.727 872.197 870.375 134.584 159.048 13.7549 6.24493 16.45 7.50996 145.293 22.915 122.378 6.24204 10.208 4.88113 2.70134 7.04465 4.25704
internal_count=40254 40067 37947 2643 35304 35276 2622 2120 226 89 187 137 1894 284 1610 90 97 79 46 65 44
is_linear=0
shrinkage=0.03


Tree=62
num_leaves=24
num_cat=0
split_feature=11 15 19 24 18 3 24 24 9 19 26 11 19 17 8 5 18 24 12 5 9 3 20
split_gain=2.87747 2.77841 2.64066 4.19192 3.62784 2.77084 2.73682 2.56991 2.14215 2.88912 2.90906 1.94413 3.2484 2.65392 2.21553 1.68017 1.65841 1.61726 1.34124 3.31769 1.21633 1.00933 0.702362
threshold=-0.3456179386566624 0.011561079925153704 72.500000000000014 1.481171055494932 0.17192118226600989 0.7309793814432991 4.0112743841881455 5.162646245879249 0.030151515151515155 -3.4999999999999996 1.6478705086615795 0.54165545691376427 17.500000000000004 0.45869549214792565 0.96984848484848496 0.16080808080808084 0.32583417593528824 4.0112743841881455 -0.42686017087638267 0.98484536082474239 0.95438144329896912 0.096391752577319606 0.57119881034056974
decision_type=8 8 10 8 8 2 10 10 8 8 10 10 8 10 2 2 8 10 10 2 10 2 10
left_child=2 7 8 5 -5 21 -6 18 16 -10 -11 14 22 -14 17 -16 -1 -3 19 -2 -20 -4 -13
right_child=1 11 3 4 6 -7 -8 -9 9 10 -12 12 13 -15 15 -17 -18 -19 20 -21 -22 -23 -24
leaf_value=0.0037020206637894027 0.018460592990727002 -0.0020527559604710259 -0.018669021023530741 0.0360399302401717 -0.024018284189558748 0.0027575146195089415 0.028834107238520774 -0.021301524411881261 -0.02865612482308234 0.0080838523220126603 -0.027617185123002222 0.015183738635770168 -0.0012090851728999718 0.016397044626376988 -0.0078915511662494883 0.0049448158779555485 0.038932916835579236 0.0010135653050900259 0.025052575477276257 -0.021369134473736669 0.00031156488724566741 -0.048680198106490755 0.033126910444057543
leaf_weight=1.9032511729747046 5.3191943280398899 709.90361216221936 1.5704333577305059 2.7553417077288032 2.9531950624659657 2.2911535808816552 1.2571442723274229 2.1017782799899569 2.1054147537797689 68.211342748254538 2.117934680543839 7.8003123458474857 49.582417842466384 9.1233702767640334 10.339444663375614 81.645317529328167 3.2660407302901149 197.97843985259533 9.2111087646335346 2.912925761193037 2.2192533612251273 2.8190836161375046 2.6238140324130654
leaf_count=30 65 29915 26 27 52 35 13 21 25 930 40 107 709 123 206 928 23 6814 108 42 27 53 25
internal_value=4.59737e-05 -0.000382149 0.00516354 -0.00700655 0.00927695 -0.0239847 -0.00823735 0.0102292 0.0073036 0.00597208 0.00700873 -0.000598191 0.00426738 0.00152705 -0.000934592 0.00350196 0.0259615 -0.00138409 0.0135996 0.00436689 0.020249 -0.0379431 0.0197001
internal_weight=1182.01 1090.76 91.2503 13.6464 6.96568 6.68067 4.21034 21.7643 77.604 72.4347 70.3293 1069 69.1299 58.7058 999.867 91.9848 5.16929 907.882 19.6625 8.23212 11.4304 4.38952 10.4241
internal_count=40344 39090 1254 206 92 114 65 263 1048 995 970 38827 964 832 37863 1134 53 36729 242 107 135 79 132
is_linear=0
shrinkage=0.03


Tree=63
num_leaves=30
num_cat=0
split_feature=7 2 25 16 8 23 11 2 6 23 2 18 6 5 5 10 8 15 25 0 24 11 11 9 18 16 19 18 12
split_gain=3.40814 3.88642 3.43846 3.13572 3.29544 3.66352 2.76962 2.5625 2.75493 2.51972 3.10308 2.74206 2.50999 2.48281 2.41859 2.28974 2.90321 2.07662 2.514 1.96447 1.68761 1.65644 2.26415 1.42423 1.17191 1.58042 1.1259 1.11223 0.723197
threshold=0.917946560067326 0.07670620220658643 6.2048765428246773 0.74645331849779328 0.97469072164948456 -0.65405741406479712 -0.3456179386566624 0.096734957046049744 0.090454545454545468 -0.13437276158976322 -0.16633921143317473 0.20881782945736438 0.46428199520983032 0.14716494845360825 0.18090909090909094 0.49242268041237119 0.11055555555555556 0.36568627450980395 5.1488190147206518 -0.26595301945137423 1.9383732729266592 0.30301843992696936 0.13764319212644874 0.55051020408163276 0.02409988385598142 0.82999801383299909 17.500000000000004 0.78086890243902451 -0.0081829627670374754
decision_type=10 2 10 8 2 2 8 2 2 2 2 8 2 2 2 2 2 10 10 2 8 10 10 10 8 8 8 8 10
left_child=3 9 17 4 6 14 23 -4 -9 15 -11 -12 -8 -7 -6 16 -2 18 -3 21 -17 22 -5 -1 25 -21 -26 -19 -23
right_child=1 2 7 19 5 13 12 8 -10 10 11 -13 -14 -15 -16 20 -18 27 -20 24 -22 28 -24 -25 26 -27 -28 -29 -30
leaf_value=0.034382079471786578 -0.0024490388107865535 0.0022366261351066054 0.024937695763275539 0.0019191476492176106 0.018332944842907876 -0.0072186191032617072 0.0028447088203240527 -0.068898437734947499 -0.0050643922166545971 0.034665825462641263 -0.014712813476151805 0.00024050601527827027 -0.0027055539557631677 0.016423140286358853 -0.015454579100438699 -0.026456291731441633 0.013399373641855963 0.034886337079392912 0.03130424445405007 0.013265080244617361 0.00067319766673564949 0.036427422324072742 -0.022327685437111864 0.0070176351089714034 0.0011829843420854049 -0.039676672209872164 -0.0028296357295021506 0.011508488239183141 0.0090988475390477268
leaf_weight=3.1514391237869859 14.298120622523127 8.779755758121615 1.1982088545337313 116.98402119474486 2.5578919462859613 4.5512839248403898 159.24612951464951 0.94837716221809421 1.6977985808625815 2.0201518340036264 14.213457877282051 49.383014859631658 135.92131846793927 32.876933391205966 7.490202859044075 2.7004740205593389 38.184304913505912 7.7198785655200455 3.8530743392184368 0.73306496674194876 8.7506815902888757 1.6689994558691981 3.5719077978283158 3.7471245843917131 72.556623681914061 1.6491140490397809 474.55523690860718 2.4013262507505724 1.8238491751253594
leaf_count=36 198 138 19 2052 30 52 4414 10 45 16 278 835 7427 305 97 90 537 71 32 28 168 17 80 79 2868 73 20214 49 23
internal_value=0.00020743 0.00433569 0.0147809 -0.000422646 0.00188286 0.00923038 0.000728038 -0.0114607 -0.0279422 0.00219114 -0.00193873 -0.00310148 0.000288875 0.0135483 -0.00685346 0.00642973 0.00908169 0.0192145 0.0111024 -0.00161911 -0.00572463 0.00179082 0.00120075 0.0195184 -0.00238891 -0.023385 -0.00229749 0.0293398 0.0221574
internal_weight=1179.23 156.149 26.5984 1023.09 349.542 47.4763 302.066 3.84438 2.64618 129.55 65.6166 63.5965 295.167 37.4282 10.0481 63.9336 52.4824 22.754 12.6328 673.543 11.4512 124.049 120.556 6.89856 549.494 2.38218 547.112 10.1212 3.49285
internal_count=40281 2486 364 37795 12440 484 11956 74 55 2122 1129 1113 11841 357 127 993 735 290 170 25355 258 2172 2132 115 23183 101 23082 120 40
is_linear=0
shrinkage=0.03


Tree=64
num_leaves=32
num_cat=0
split_feature=8 1 13 21 21 17 7 4 3 25 11 18 25 2 25 23 11 18 24 21 13 7 0 19 10 11 19 17 24 19 9
split_gain=5.01073 3.53383 2.942 3.00134 2.94084 2.43963 2.3169 2.96703 2.32815 2.31537 2.21983 2.15078 2.13462 2.38054 2.00248 2.00179 1.92268 1.87282 1.89229 2.47758 1.81238 1.65488 1.89691 1.63533 1.67486 1.6558 1.36099 1.3499 1.30832 1.24266 1.03705
threshold=0.93969696969696981 0.12476370461703223 0.97940055365072365 0.30146669341657456 0.52726588416493014 -2.3401963093210241 0.90360824742268053 0.015154639175257735 0.010050505050505053 2.9696354412064756 0.75528110364244061 0.11237373737373739 3.6023028116765703 -0.034738343633415304 3.7311409089111689 -1.1224971879745633 0.19266469389100219 0.064866760168302964 5.162646245879249 0.50641934645459785 2.165841500362089 0.46195876288659804 0.6833684584136418 36.500000000000007 0.025309278350515465 0.67721497383901064 25.500000000000004 0.56783659954192434 -1.9725232442570797 132.50000000000003 0.030151515151515155
decision_type=2 2 8 2 2 10 10 2 2 8 10 8 8 2 8 2 10 10 8 2 8 10 2 8 2 10 10 8 10 8 10
left_child=1 6 3 5 11 -3 23 30 -9 17 -5 -4 13 27 29 -6 -15 21 19 -19 -16 22 -2 24 -1 -25 -20 -11 -23 -14 -8
right_child=9 2 4 10 15 -7 7 8 -10 12 -12 -13 14 16 20 -17 -18 18 26 -21 -22 28 -24 25 -26 -27 -28 -29 -30 -31 -32
leaf_value=-0.013018417058761785 0.01659335870176426 -0.019732102262030794 0.015562622683441307 -0.004859378767414638 0.024288928010666535 0.021427360422073126 0.0077486936054755673 -0.037805499157765154 0.0019849538306463705 -0.048545574733947904 0.02092394103600222 -0.0023057580808110161 0.037596947727554779 0.013018954490760945 0.00032115471262191762 0.0089290729315339833 -0.014579109018119317 -0.0052167616191527528 -0.00062789675466703608 0.020886570550574232 0.0073742871345387276 0.01130997116018783 -0.022337514684736558 -0.0028442511513504828 0.00085552160710623056 -0.022615051047892916 -0.043562970411493367 -0.012348350252738742 0.03774426811984545 0.003468447694975868 0.033628322920235501
leaf_weight=8.185381527990101 6.3105866480618733 1.5528322700411079 7.4302122886292628 59.694169157650322 9.509869749657808 7.8380756266415101 2.2966110659763208 1.3423295058310021 93.907872862648219 1.6945973569527257 3.1645940141752353 32.941539072431624 2.568704522214829 4.7026537046767753 71.493924013804644 38.762487559113652 4.3953831773251295 5.7728003468364459 1.6770315943285852 7.5556014012545347 60.565901208203286 2.4768627062439919 1.3711711540818212 539.78607396781445 180.91920343996026 3.8395448438823214 1.1004998125135896 2.0476901363581423 5.2713459432125092 1.5333803445100782 3.5440453151240945
leaf_count=100 102 49 120 1615 151 142 30 17 2076 34 30 547 30 74 1185 754 66 87 23 113 728 32 18 24036 7822 110 31 32 39 17 35
internal_value=5.9388e-05 -0.000775141 0.00329549 -0.00119796 0.00695789 0.0146214 -0.00156061 0.00269689 0.0014242 0.00465741 -0.00356133 0.000982825 0.00309443 -0.00859853 0.0041971 0.011955 -0.000314039 0.0120422 0.00488647 0.00958069 0.0035559 0.0195115 0.00964431 -0.00214799 0.000254989 -0.00298389 -0.0176394 -0.0287393 0.029294 0.0248395 0.0234522
internal_weight=1175.25 994.715 160.894 72.2497 88.6441 9.39091 833.821 101.091 95.2502 180.538 62.8588 40.3718 149.002 12.8403 136.162 48.2724 9.09804 31.5359 16.1059 13.3284 132.06 15.43 7.68176 732.73 189.105 543.626 2.77753 3.74229 7.74821 4.10208 5.84066
internal_count=40245 37634 3408 1836 1572 191 34226 2158 2093 2611 1645 667 2166 206 1960 905 140 445 254 200 1913 191 120 32068 7922 24146 54 66 71 47 65
is_linear=0
shrinkage=0.03


Tree=65
num_leaves=23
num_cat=0
split_feature=7 22 1 19 3 4 4 22 26 14 17 22 15 21 1 24 14 24 20 24 20 9
split_gain=3.41346 3.11104 3.19363 2.30819 2.90222 2.29431 2.03818 2.06408 2.5984 1.94968 2.2899 1.917 2.51481 1.97015 1.85441 2.81806 3.11708 1.79265 1.72287 2.68203 2.35621 0.474375
threshold=0.95897328003366311 -0.033687162564287158 -0.34275384798689229 17.500000000000004 0.87691984010098889 0.18778350515463921 0.015154639175257735 -0.019508806804353747 0.67397307301235732 0.98772959951821748 -3.1162724355312243 0.064141060596837871 0.023122159850307408 0.67413179138032298 0.29384155827355851 6.4643585484768797 0.055867665418227221 10.692216455556443 0.33614069722775169 1.6284788967877317 0.40651862643695486 0.8325257731958764
decision_type=10 2 2 8 2 2 2 2 8 10 8 2 8 2 2 10 10 10 8 8 8 10
left_child=1 2 21 4 17 -6 7 -2 -9 10 -4 13 -13 -5 18 16 -16 -3 19 -8 -20 -1
right_child=6 3 9 11 5 -7 14 8 -10 -11 -12 12 -14 -15 15 -17 -18 -19 20 -21 -22 -23
leaf_value=0.020419425249550795 0.043479972947622167 0.0014443924200945137 -0.042697891448912888 -0.00062280564877648364 0.02594604724234378 0.0063110264528835865 -0.0057135844842292798 0.026752741377349919 -0.010656803029818834 -0.029419014369250471 0.0058291405585076108 -0.039312647131966527 0.012416530002053814 -0.004432613831187226 -0.044211550614270505 0.028223717101761761 -0.0037732933279963948 -0.032635679500421018 -0.0098018241879442736 0.030252482190828791 0.0067242392661814102 0.039916805901122919
leaf_weight=2.1740170838311306 2.3561595007777214 110.80157411377877 0.88758153468370438 707.23432232253253 7.6780669428408173 17.708858340978622 2.7429354046471399 3.9497460573911649 2.8964341748505831 1.5031021842733014 62.57168346317485 0.89820978417992314 14.500242000911385 147.66926223854534 2.2588323000818473 1.7244639731943596 7.1329520549625158 1.4067487949505437 8.9974536374211294 5.8369682477787137 56.665069759823382 2.323268037289381
leaf_count=27 17 3970 25 24100 142 437 51 31 35 33 1868 13 358 7865 31 15 72 28 153 69 813 23
internal_value=0.000381805 -9.78694e-05 0.00604309 -0.000521076 0.00308955 0.0122495 0.00584685 0.0192609 0.0109258 0.00435054 0.00515041 -0.00109192 0.00939911 -0.00128088 0.00440071 -0.00702669 -0.0134992 0.00101713 0.00611172 0.0187544 0.00445974 0.0304916
internal_weight=1171.92 1077.36 69.4597 1007.9 137.595 25.3869 94.561 9.20234 6.84618 64.9624 63.4593 870.302 15.3985 854.904 85.3587 11.1162 9.39178 112.208 74.2424 8.5799 65.6625 4.49729
internal_count=40176 38889 1976 36913 4577 579 1287 83 66 1926 1893 32336 371 31965 1204 118 103 3998 1086 120 966 50
is_linear=0
shrinkage=0.03


Tree=66
num_leaves=23
num_cat=0
split_feature=7 22 8 23 15 18 10 17 17 6 4 26 24 8 21 24 24 4 20 8 19 19
split_gain=2.72654 3.08435 2.82739 4.22647 3.05279 3.24829 2.88982 2.4349 2.33561 2.24681 2.10349 1.83596 1.67135 1.65092 2.30313 2.66729 2.41932 1.96083 2.67635 1.18462 1.97149 1.07734
threshold=0.88329896907216499 0.099526812123520256 0.94871660004207881 -0.57568490994455634 0.21966051857792038 0.17712418300653598 0.70255628024405647 -2.8964730078073448 1.4172699821667292 0.045618556701030939 0.040202020202020211 1.3038452155350615 5.5722514604149982 0.015154639175257735 0.5148366514324626 6.9723390828576868 0.63732049040636463 0.025309278350515465 0.48257374457264818 0.035463917525773207 73.500000000000014 29.500000000000004
decision_type=10 2 2 2 8 8 2 10 10 2 2 8 10 2 2 10 8 2 8 2 10 8
left_child=2 13 4 8 5 6 -1 12 10 -7 -4 -9 -5 17 15 -15 -16 -2 -19 20 -6 -21
right_child=1 -3 3 7 19 9 -8 11 -10 -11 -12 -13 -14 14 16 -17 -18 18 -20 21 -22 -23
leaf_value=0.0095424069796617387 0.037965981745785943 -0.046760778446965259 -0.031503377652850648 0.011644592423810229 -0.012218456083369687 0.012611189624538836 -0.013248288647022956 0.0073655068629885885 -0.039343887090383237 -0.0012958904531497335 -0.001638658676326623 -0.003316321189955842 0.033751802011218142 0.00049969590192481541 -0.0015112488370574953 -0.020541194286743527 0.0085949873558960419 -0.019842688235749761 0.02295793242095499 0.00019812312332451333 0.016442474647335854 -0.0030158908608011945
leaf_weight=54.02204786427319 2.6166945248842222 1.1115232361480583 2.2870627762749818 20.840022413525734 20.865715413820002 11.057430028915403 5.5187578098848453 43.487442759331316 1.7542871236801136 191.99635398387909 29.514530290383846 21.711542694829404 3.6111284736543885 75.441726721823215 29.802655618637804 5.8422086751088491 74.886873044306412 2.1392068527638912 3.4122314788401127 118.55892460932955 2.4094441970810285 450.63170931930654
leaf_count=931 19 23 36 299 606 118 157 572 31 4712 530 327 30 1097 776 86 1487 29 38 5747 78 22650
internal_value=-0.000166064 0.0030707 -0.000812093 0.00343673 -0.00142431 0.00126822 0.00742997 0.00683613 -0.00564536 -0.000538571 -0.00378643 0.00380841 0.0149096 0.003356 0.00277623 -0.0010126 0.00571798 0.0165565 0.00646502 -0.0026177 -0.00925148 -0.00234643
internal_weight=1173.52 195.253 978.266 123.206 855.06 262.595 59.5408 89.6501 33.5559 203.054 31.8016 65.199 24.4512 194.142 185.973 81.2839 104.69 8.16813 5.55144 592.466 23.2752 569.191
internal_count=40379 3555 36824 1825 34999 5918 1088 1228 597 4830 566 899 329 3532 3446 1183 2263 86 67 29081 684 28397
is_linear=0
shrinkage=0.03


Tree=67
num_leaves=29
num_cat=0
split_feature=15 11 7 8 12 9 0 2 10 26 22 2 8 2 15 6 9 18 12 24 18 8 0 8 8 24 26 3
split_gain=3.22142 2.46715 2.76822 2.54982 2.41616 2.15498 2.10575 2.05937 2.0189 1.95962 1.87254 1.68872 1.99582 1.65188 1.64399 1.8228 1.61324 1.47662 2.43472 1.75616 1.28242 1.70493 2.57053 1.58441 1.2275 2.00277 1.20386 1.16531
threshold=0.42776886035313005 0.29166542165301129 0.95897328003366311 0.025309278350515465 1.5321762690883458 0.27136363636363642 1.5107708689989272 -0.021803723017178523 0.070353535353535376 -1.4318110653290852 -0.033687162564287158 0.1335161845900886 0.98994949494949502 0.03546954794835519 0.43933921883360089 0.15075757575757578 0.070353535353535376 0.82952776336274014 0.96514823669604799 3.0528050826335376 0.2958754208754209 0.96453608247422695 0.30518118975667058 0.17762886597938146 0.97469072164948456 0.96666601759164095 -1.9676131338683323 0.35025773195876292
decision_type=8 8 10 2 10 8 2 2 2 10 2 2 2 2 8 2 8 8 8 10 10 2 2 2 2 8 8 2
left_child=1 2 3 13 17 27 -6 -7 -5 20 14 16 -13 -1 -11 -16 -12 19 -19 -3 21 23 -23 -2 26 -26 -22 -4
right_child=9 4 5 8 6 7 -8 -9 -10 10 11 12 -14 -15 15 -17 -18 18 -20 -21 24 22 -24 -25 25 -27 -28 -29
leaf_value=-0.0069341934363694848 0.0039067799628142693 0.0040303714441805721 0.0070238630676747816 0.0039259212234145002 0.0010470927904148886 0.011306723725424666 -0.0550677582621205 -0.0019383366630840533 -0.0009014518582125923 -0.037390121221976241 -0.0097818200255374629 0.0036727989541578028 0.031620210593250486 -0.031538371597937355 0.01686756030111752 0.00081561869803414052 -0.0010829404160013695 -0.005950073836419113 0.016016908137957732 0.01220740147104696 -0.017515447346063449 0.02766439071519225 -0.0027908136124098443 -0.0062880996960214923 0.0024557688401121366 -0.042161540816768948 -0.005097562739501689 0.0304118515966211
leaf_weight=20.611581591423604 18.248059812933207 54.851676514837891 3.12323154741898 104.19070755969733 1.3302110284566873 20.502058058045805 1.0991915632039306 21.79761447943747 309.84483585460111 0.72473854012787597 20.304010169580579 16.354829341871667 2.6760382018983355 2.7880561333149663 12.112796007655563 13.421801043674348 348.87676783744246 18.828734704293311 5.9842207178007838 41.539763569366187 8.09253844572231 4.1119729541242105 6.3400048343464732 55.287025765515864 1.5066999681293953 2.2690256647765641 53.325270771514624 4.9658086095005274
leaf_count=320 597 907 43 1279 19 246 26 334 10866 15 862 545 17 61 185 712 15646 536 117 482 357 50 90 3262 18 52 2617 60
internal_value=-1.29115e-05 0.00149518 0.00053584 -0.000231168 0.00528047 0.0071944 -0.0243423 0.00448136 0.000313341 -0.00164891 -0.000587679 -0.00111212 0.00760264 -0.00986577 0.00716554 0.00843015 -0.00156136 0.00587422 -0.000652226 0.00755425 -0.00459736 -0.00214673 0.00919074 -0.00375819 -0.00775443 -0.024357 -0.00673377 0.0213816
internal_weight=1175.11 611.458 487.824 437.435 123.634 50.3887 2.4294 42.2997 414.036 563.652 414.471 388.212 19.0309 23.3996 26.2593 25.5346 369.181 121.204 24.813 96.3914 149.181 83.9871 10.452 73.5351 65.1935 3.77573 61.4178 8.08904
internal_count=40321 15296 13209 12526 2087 683 45 580 12145 25025 17982 17070 562 381 912 897 16508 2042 653 1389 7043 3999 140 3859 3044 70 2974 103
is_linear=0
shrinkage=0.03


Tree=68
num_leaves=27
num_cat=0
split_feature=10 8 21 26 20 6 16 20 20 1 6 3 19 3 26 13 18 16 9 6 21 18 17 10 19 26
split_gain=2.88629 3.5261 2.99645 3.20932 3.36031 3.06751 2.99128 2.43188 2.38625 2.68297 2.54894 2.38022 2.09141 2.01516 1.99815 1.79456 1.75406 1.72243 1.69188 1.54382 1.51099 1.43099 1.39711 1.03408 0.968182 0.751312
threshold=0.070353535353535376 0.96453608247422695 0.59420039259403379 -1.7813582421608805 0.57119881034056974 0.54040816326530627 0.048647177002686885 0.50634176359684469 0.39025597899559777 0.12122532947091438 0.51010204081632671 0.70051546391752584 46.500000000000007 0.84268041237113411 2.1012221079264335 0.72032323763069239 0.25265957446808512 1.1167710453293622 0.69036082474226812 0.010050505050505053 0.30577494566530822 0.62910052910052927 -1.0626898061419943 0.69229960025247228 13.000000000000002 -0.87933945959587556
decision_type=2 2 2 10 10 2 8 10 8 2 2 2 8 2 10 10 8 10 10 2 2 10 8 2 8 8
left_child=2 6 3 4 22 -6 15 11 10 -10 -5 12 -4 -13 17 23 -9 18 -3 24 -21 -16 -1 -2 -8 -18
right_child=1 14 7 8 5 -7 19 16 9 -11 -12 13 -14 -15 21 -17 25 -19 -20 20 -22 -23 -24 -25 -26 -27
leaf_value=-0.0092271757486030292 0.024932634681385561 0.0053880066699734212 -0.0047288191583691854 -0.0017795246481601074 0.016136682532130145 -0.022293090387046251 0.032931683636121728 0.0030684212608763036 -0.002768689648465405 0.01036766900956012 -0.023492685613511186 -0.023853331529659506 0.020268724392366554 0.0034027862512217267 0.0057688106506705514 0.039269114131319331 0.043733050713527739 0.031375620982743969 -0.002370901758897702 0.0022734357428391442 -0.0020980254480020685 0.033738656675629183 0.010221396600115683 -0.0039039600128201062 0.0064603503143075679 0.023818564280627806
leaf_weight=3.5368847604840994 1.8299159863963712 72.704293973743916 4.0344773698598182 11.025742985308172 2.6732616834342462 6.2163101267069578 1.5183412730693797 2.9069628566503498 59.55927118845284 18.289960880763829 8.7094196295365673 3.2393786888569585 11.888138420879839 9.9094234118238074 3.1984664872288695 2.3768903911113739 2.5511045940220356 1.9160897210240353 38.787720281630754 78.62183461454697 750.05352073186077 3.3922861125320196 55.305593893863261 2.8816854534670711 6.8698247121647 5.1407814659178266
leaf_count=51 26 947 50 180 24 75 17 27 821 192 168 50 116 112 37 13 17 13 454 3171 32825 23 671 35 119 44
internal_value=-1.79829e-05 -0.000705287 0.00321474 0.00143795 0.00645517 -0.0107365 -0.00138932 0.0106191 -0.00204444 0.000317577 -0.0113619 0.00613416 0.0139348 -0.00331211 0.00410663 0.018017 0.0229207 0.00317339 0.00268871 -0.00155365 -0.00168328 0.020165 0.00905239 0.00729574 0.0112519 0.0304234
internal_weight=1169.14 964.151 204.987 165.316 67.7321 8.88957 844.152 39.6703 97.5844 77.8492 19.7352 29.0714 15.9226 13.1488 119.999 7.08849 10.5988 113.408 111.492 837.064 828.675 6.59075 58.8425 4.7116 8.38817 7.69189
internal_count=40278 37680 2598 2182 821 99 36206 416 1361 1013 348 328 166 162 1474 74 88 1414 1401 36132 35996 60 722 61 136 61
is_linear=0
shrinkage=0.03


Tree=69
num_leaves=26
num_cat=0
split_feature=7 4 6 0 15 18 21 26 7 5 24 24 21 17 5 12 13 15 23 9 26 9 15 12 25
split_gain=2.52719 3.49394 2.24896 2.69012 2.55901 2.50132 2.28502 2.23794 2.63257 2.43853 2.31023 2.25202 2.09566 2.01157 1.87245 1.81248 3.608 1.82277 1.74231 1.68691 1.23523 1.91643 0.912915 0.874397 0.476404
threshold=0.8974332000841575 0.015154639175257735 0.06592783505154641 1.7799472545222128 0.21388443017656503 0.16472868217054268 0.36805997501482429 0.94732380824230422 0.040202020202020211 0.97989898989898994 3.7306698196677828 2.5238194456581318 0.52089726636063782 0.60902352166246299 0.91376288659793825 -0.93894387751149588 -0.077682676828738181 0.011299795709908071 -0.83772188367451494 0.79190721649484541 -0.3885848937336111 0.06030303030303031 0.09248863940122963 0.10532730463082228 2.8059049059533288
decision_type=10 2 2 2 8 10 2 10 8 2 8 10 2 10 2 8 8 8 2 10 10 10 10 8 10
left_child=2 20 7 4 6 24 -4 8 10 -10 -1 12 -9 -13 -6 16 -3 -17 -19 -7 21 23 -22 -2 -5
right_child=1 15 3 5 14 19 -8 11 9 -11 -12 13 -14 -15 -16 17 -18 18 -20 -21 22 -23 -24 -25 -26
leaf_value=-0.04447675943625997 -0.027332785352802102 -0.061959122692395618 0.0065844890276980329 -0.064370889841186524 -0.0026900725165871042 0.0015230016976580155 -4.2904311890662583e-05 -0.014778978788068093 0.0029137924834862698 -0.021846333671185932 0.0047570770694079761 0.024116937506592509 0.012791334967116237 -0.0013155482324424901 0.0031414582501081484 0.023039697555740098 0.0013136796738411269 0.0076439801767385768 0.00039284954477527168 -0.032351889374357741 0.043128474705822727 0.028383391413691009 0.018743782571112397 0.0065553861090518577 -0.033966963125506726
leaf_weight=2.0903869271278372 1.1775808334350584 1.1749171614646909 59.51297853840515 0.91803770605474599 518.36914010345936 4.1659455997869372 219.56021317816339 4.6628446364775318 99.152376270852983 3.7139347689226261 1.4546845182776453 11.932210862636564 5.3035774761810899 3.6567698232829562 54.793059310410172 3.8695179987698785 2.6193932024762039 39.730908776633441 119.59561544819735 1.9388047903776167 2.4846607111394388 2.5240140184760094 3.112976816482842 1.6390650626271965 0.93748458661139011
leaf_count=40 21 21 1057 20 27871 47 4959 84 1632 49 28 145 88 55 1167 31 33 669 2213 34 15 23 32 21 20
internal_value=2.22096e-06 0.00329452 -0.0005882 -0.00114764 -0.0009855 -0.0185066 0.0013704 0.00305839 0.00114386 0.00201984 -0.0242741 0.0110304 -0.000107586 0.0181511 -0.00213259 0.00221858 -0.0182789 0.00269515 0.00220105 -0.00923531 0.0197203 0.00939925 0.0295676 -0.00761255 -0.0490096
internal_weight=1170.09 177.929 992.162 860.196 852.235 7.96027 279.073 131.967 106.411 102.866 3.54507 25.5554 9.96642 15.589 573.162 166.99 3.79431 163.196 159.327 6.10475 10.9383 5.34066 5.59764 2.81665 1.85552
internal_count=40375 3079 37296 35175 35054 121 6016 2121 1749 1681 68 372 172 200 29038 2967 54 2913 2882 81 112 65 47 42 40
is_linear=0
shrinkage=0.03


Tree=70
num_leaves=32
num_cat=0
split_feature=10 11 1 9 11 1 22 7 4 4 26 1 22 26 8 18 19 8 12 5 19 26 4 10 19 11 26 9 25 3 25
split_gain=3.16806 2.85538 2.72601 3.22493 3.05815 2.65209 3.72315 2.56784 3.29644 3.21809 2.39697 2.61801 2.35464 2.36095 2.2172 1.95603 4.35652 1.87569 4.43655 2.82991 1.8363 1.81753 1.74687 1.72246 1.59671 1.53438 1.41785 1.37168 1.35949 1.14025 1.08679
threshold=0.35202540872643967 0.21705040125270617 -0.24409235364125101 0.55051020408163276 0.3637841842348522 0.078649448239313094 0.03288282572289996 0.98984745413316855 0.040202020202020211 0.080404040404040422 -0.65909820591020407 -0.4668339530629127 -0.033687162564287158 -2.0769999718129868 0.95979797979797987 0.3176274944567628 39.500000000000007 0.96453608247422695 1.9025234913770639 0.97469072164948456 -4.4999999999999991 -1.5614593459660215 0.050252525252525264 0.63958762886597953 74.500000000000014 0.75528110364244061 -1.9205372566843606 0.98484536082474239 2.7191160467773225 0.95979797979797987 5.6383368140463164
decision_type=2 10 2 10 10 2 2 8 2 2 10 2 2 8 2 8 8 2 8 2 10 8 2 2 10 8 8 8 8 2 10
left_child=1 5 3 10 20 12 14 8 28 -10 21 -12 22 -14 -7 16 -9 26 19 -19 -5 -2 -1 -20 -8 -17 30 -28 -3 -6 -4
right_child=2 7 17 4 29 6 24 15 9 -11 11 -13 13 -15 -16 25 -18 18 23 -21 -22 -23 -24 -25 -26 -27 27 -29 -30 -31 -32
leaf_value=0.025282780043220033 -0.023150692087888069 0.046186815712823924 -0.016391664423436557 0.023792472523288425 0.034839586858657345 0.001160232245250732 0.020627267375540045 -0.039235244751194824 -0.030092494055464721 0.0018227764003436253 -0.038001573312689253 -0.00049214354755221007 0.012320729414913622 -0.0013187182387289977 0.017870137462199405 0.025337191159462581 0.013192494448829617 0.0067310519849281044 -0.03122465121074083 -0.027598941097106783 -0.01695945953225346 0.02027722485073594 0.0048387418608629102 -0.0039401652036479082 -0.011748044694743543 0.0033674304020396271 -0.0015025774735076473 -0.005739998826695676 0.014081637028487248 0.0085390109014619898 -0.0013479239783211496
leaf_weight=4.3860692111775306 1.0680057881399987 1.6435606405138958 11.439620632212611 1.571616563014685 6.6940935347229225 81.122602776158601 15.844896944239737 1.7313542035408334 3.1666189804673222 27.860471788793802 2.6024824874475598 4.6974979043006915 11.798505853861569 357.7818692245055 7.8370230421423903 13.631114445626734 8.1002419460564834 59.457139014266431 4.2444860655814391 2.2425718419253817 2.713094565551728 4.6160126714967191 26.419511126819998 4.0879878159612417 1.5008776886388648 3.6210770457983044 405.15811216738075 82.804197342600673 4.2737190909683704 1.9060006886720655 6.9461955237202337
leaf_count=57 35 11 633 47 69 1563 198 33 55 469 39 123 306 10365 74 153 123 757 83 20 73 98 628 75 28 38 19718 4127 56 20 344
internal_value=5.20059e-05 0.0016536 -0.00146574 0.00806142 0.0186945 0.000899278 0.00511145 0.00762296 0.00247896 -0.00143449 -0.00249041 -0.0138645 -0.000219084 -0.000883292 0.00263231 0.0146398 0.00395992 -0.00189333 0.00270842 0.00548328 -0.0020118 0.0121173 0.00774954 -0.0178386 0.0178259 0.0207259 -0.00252979 -0.00222164 0.022999 0.0290107 -0.0107081
internal_weight=1172.97 570.72 602.249 25.8688 12.8848 506.691 106.305 64.0282 36.9444 31.0271 12.984 7.29998 400.386 369.58 88.9596 27.0838 9.8316 576.38 70.0322 61.6997 4.28471 5.68402 30.8056 8.33247 17.3458 17.2522 506.348 487.962 5.91728 8.60009 18.3858
internal_count=40418 14157 26261 504 209 13219 1863 938 591 524 295 162 11356 10671 1637 347 156 25757 935 777 120 133 685 158 226 191 24822 23845 67 89 977
is_linear=0
shrinkage=0.03


Tree=71
num_leaves=26
num_cat=0
split_feature=8 15 19 1 14 24 2 1 20 4 26 1 8 10 4 16 10 22 0 0 4 22 7 1 8
split_gain=3.74117 3.6676 3.59797 3.01283 2.68568 2.54489 2.20813 3.51313 2.84865 2.30612 2.19662 2.16647 2.12848 1.78952 1.76887 1.70029 1.8563 1.43134 2.19842 2.11745 2.07372 1.11465 1.4189 1.05419 0.833237
threshold=0.94422680412371141 0.55747885835095146 36.500000000000007 0.23693220794711564 0.047905909351692491 3.8460442774856176 0.12959033823304478 0.40893547550723797 0.48257374457264818 0.73332632021880928 -0.15866832325160315 -0.34275384798689229 0.92820324005891031 0.76409636019356209 0.040202020202020211 1.2502126146223596 0.57071428571428584 0.064141060596837871 1.5107708689989272 0.27098337755151108 0.8666631601094047 0.0025011884748412177 0.48226804123711348 -0.16512457592553462 0.97989898989898994
decision_type=2 8 8 2 10 10 2 2 8 2 10 2 2 2 2 10 2 2 2 2 2 2 10 2 2
left_child=1 2 3 14 -5 12 7 15 10 21 -9 -7 -4 -10 -1 16 -2 18 23 20 -19 22 -8 -3 -23
right_child=6 17 5 4 -6 11 9 8 13 -11 -12 -13 -14 -15 -16 -17 -18 19 -20 -21 -22 24 -24 -25 -26
leaf_value=0.013274359340907118 0.0071836817350192659 -0.0084220973117298224 -0.001415139894419776 -0.018058989067896804 0.020106511921656769 0.031640309177581587 -0.0082255502967968023 -0.015743893226552334 0.0071194751549680966 -0.011930720908145839 -0.066619211761805228 0.0032886929598690889 -0.021623238559975038 -0.025666027071264797 0.0021807013939049102 -0.023131916699772895 0.0001409604877706993 -0.010780883537573154 -0.044368587951733221 0.049992668542103116 0.0340332489383188 0.043417268585972467 0.02530572353863823 -0.0024887483655864511 0.020870074551671745
leaf_weight=14.232298257760702 97.797422286123037 29.197684693615884 347.73064746428281 1.85019080154598 16.093140425160527 2.5006449138745657 1.998186681419609 1.7631419636309149 4.7458348292857417 2.1827292703092089 1.347594052553174 80.957613513339311 4.7551031592302015 2.1896896585822105 141.98793127201498 1.9935837127268303 51.37858349038288 3.0014678034931412 1.1566217252984632 1.0821124734356997 1.346092223189771 2.5538861807435751 2.6315940488129854 350.09210260701366 3.492191206663847
leaf_count=218 1281 1009 11574 25 174 24 28 22 45 21 18 2157 146 27 4302 21 940 121 27 17 29 20 21 18008 34
internal_value=0.000145141 -0.000564049 0.000883746 0.00452863 0.0161712 -0.000572418 0.00420284 0.0032486 -0.0139303 0.0161668 -0.0377835 0.00413819 -0.00168775 -0.00323159 0.00319138 0.00439025 0.00475806 -0.00285315 -0.00307143 0.0124411 0.00309448 0.0219114 0.0108338 -0.0029455 0.0303941
internal_weight=1170.06 995.984 610.108 174.164 17.9433 435.944 174.074 161.216 10.0463 12.8586 3.11074 83.4583 352.486 6.93552 156.22 151.17 149.176 385.876 380.446 5.42967 4.34756 10.6759 4.62978 379.29 6.04608
internal_count=40309 37831 18620 4719 199 13901 2478 2354 112 124 40 2181 11720 72 4520 2242 2221 19211 19044 167 150 103 49 19017 54
is_linear=0
shrinkage=0.03


Tree=72
num_leaves=30
num_cat=0
split_feature=10 24 0 6 0 22 16 22 20 18 7 20 21 12 1 12 1 9 9 16 26 18 25 24 8 21 22 22 1
split_gain=3.05875 1.91129 1.69963 2.837 2.26958 4.64774 3.8843 2.16474 1.85823 3.85305 2.07592 1.79702 1.59172 1.90025 4.3698 1.74604 1.58772 2.25608 2.15236 1.37712 1.61372 1.25438 1.30893 1.41732 1.17134 1.84536 0.995292 0.962004 0.622171
threshold=0.38264084140372806 2.9557768822773416 -0.39586180350706029 0.096391752577319606 0.24987915037705524 -0.0080255394934332872 0.54725828588815295 0.047816520890552605 0.59423063437648027 0.13245614035087722 0.99500000000000011 0.35284424672339826 0.30577494566530822 0.96514823669604799 0.50154736029050861 0.70203838616734582 -0.13793625114548971 0.90954545454545466 0.06030303030303031 0.85188475651481488 1.8225476612695302 0.81438415159345401 3.3903010920054943 -1.4990485566886877 0.67178624026930367 0.58723108843862637 -0.0021518422810387328 0.022311600053978097 -0.30712121293638189
decision_type=2 10 2 2 2 2 10 2 8 8 10 10 2 10 2 10 2 10 8 10 10 10 10 8 2 2 2 2 2
left_child=2 21 3 11 16 6 -6 -7 10 -10 -5 -1 19 15 -15 -14 18 -18 -4 20 -3 22 27 -24 28 -26 -21 -2 -23
right_child=1 12 4 8 5 7 -8 -9 9 -11 -12 -13 13 14 -16 -17 17 -19 -20 26 -22 24 23 -25 25 -27 -28 -29 -30
leaf_value=0.0348418426065027 -0.0053233043282489827 0.0084248853426788922 -0.037802017791637554 0.0074035218788813207 0.022889783714870691 0.0016300294793266923 0.0011429892294337271 -0.024240175729150232 0.023429110871039719 -0.0093772692140666851 -0.020798576923119025 0.0069090608546461315 -0.00074262882293928026 -0.0025547072501046482 -0.069450933510949192 0.011712006753515325 -0.00083872908543768728 0.005537567706115641 -0.0045200444644147011 -0.023099309226282908 0.037691813820299513 0.027058247154975075 -0.0061282704389289833 -0.00082080531706331839 0.014381977499942704 -0.0035881598857265841 0.0025229286443763303 -0.013358344686441275 -0.0034920707771612055
leaf_weight=4.4431050233542901 80.896410862682387 19.13003332330846 1.8312592683359969 56.864943533204496 18.759903536178175 78.836109566036612 12.198806447908281 3.0226606409996739 3.8789079841226366 19.026633571833372 2.4502568319439879 3.8855916485190392 170.40783253172413 3.4916465086862436 1.1744128242135046 10.770913299173115 295.55622609658167 60.096020312514156 38.835577153135091 1.8724892796017227 1.8604716747067858 0.61448938772082584 65.343093385919929 147.50288165570237 12.112076318357142 8.938567541074006 5.0290310299023977 16.075299759861082 25.36954179732129
leaf_count=29 4039 430 58 739 299 1562 215 55 39 267 31 31 6602 65 12 150 9913 1183 916 58 32 14 3625 6934 378 512 163 754 1360
internal_value=-0.000157241 -0.00172959 0.00133882 0.00512595 0.000665281 0.00441943 0.0143208 0.000674764 0.00343588 -0.00382172 0.00623852 0.0218103 0.000513915 -0.000489037 -0.019392 -2.21195e-06 -0.000403386 0.0002387 -0.00601876 0.00719659 0.0110189 -0.00307334 -0.00376637 -0.00245018 0.00149161 0.00675146 -0.00442878 -0.0066553 -0.00276959
internal_weight=1170.28 570.589 599.686 90.5494 509.137 112.817 30.9587 81.8588 82.2207 22.9055 59.3152 8.3287 213.737 185.845 4.66606 181.179 396.319 355.652 40.6668 27.892 20.9905 356.852 309.818 212.846 47.0347 21.0506 6.90152 96.9717 25.984
internal_count=40465 25128 15337 1136 14201 2131 514 1617 1076 306 770 60 7512 6829 77 6752 12070 11096 974 683 462 17616 15352 10559 2264 890 221 4793 1374
is_linear=0
shrinkage=0.03


Tree=73
num_leaves=25
num_cat=0
split_feature=7 19 11 6 16 22 7 8 11 6 24 17 20 16 17 12 20 20 18 16 20 6 10 24
split_gain=2.3188 2.92552 4.67657 2.73495 2.40263 2.17726 2.77861 2.71767 2.29236 1.97602 2.37542 1.94638 1.87687 1.77547 4.28572 2.80093 2.24509 2.29586 1.53485 1.2918 1.01601 0.858868 1.3403 0.78484
threshold=0.96453608247422695 17.500000000000004 0.44892691564958837 0.98994949494949502 1.0562813354297109 -0.026884080279522306 0.9384599200504945 0.86298969072164955 -0.38434845016290881 0.15075757575757578 3.9312216048734308 -0.39118137585889184 0.54503141846411707 0.96210042435511178 1.5474271415665239 0.38157496599993768 0.36085436091376261 0.40933591067297331 0.16472868217054268 0.70185717426298022 0.47642228882967036 0.050252525252525264 0.54040816326530627 -1.6098560919052318
decision_type=10 8 10 2 10 2 10 2 8 2 8 10 10 10 10 8 8 8 10 10 10 2 2 10
left_child=1 2 3 11 13 9 8 -8 -7 10 -3 -1 23 16 15 -15 18 -18 -2 -11 -5 -4 -23 -6
right_child=4 5 21 20 12 6 7 -9 -10 19 -12 -13 -14 14 -16 -17 17 -19 -20 -21 -22 22 -24 -25
leaf_value=-0.0011603696188496983 0.00080294151849600779 0.018219185508154694 0.037023054655722275 -0.014005149797013351 -0.05396821292039345 0.0060415586993047493 -0.0049092345296788643 -0.026119659027540813 -0.0013475643805220543 0.0053902536219396753 -0.00071497255052664101 0.0060933558942593532 0.014553254613664945 0.024152020705601827 -0.029658307020966192 -0.011724250845575754 -0.018130113321540846 0.0031207292498905527 0.025338511134968125 -0.004168348341515013 -0.054902087319047325 0.0278036878545426 0.005494197367844603 -0.018852501168931054
leaf_weight=63.698977553285658 3.5553408013656718 15.387197642587124 2.5227912552654734 1.3477764399722212 1.067877859808505 39.716036237310618 19.898718362208459 7.4806212801486245 777.85773162497208 25.385565488599241 9.7369556687772292 69.745505560189486 0.97343427874147881 13.864734130911529 1.8049998655915249 2.2807034282013818 5.0204238118603817 51.625952956266701 6.4712289143353701 25.513867295347154 0.91983610857278097 5.1879661697894317 4.5485162334516644 1.2356337951496235
leaf_count=2427 60 229 18 41 25 521 451 107 30673 1017 157 2256 13 150 27 30 77 708 65 963 18 69 86 22
internal_value=0.000148328 -0.000236823 0.00367861 0.00207567 0.00483212 -0.000865908 -0.00130344 -0.0107044 -0.000988616 0.00399698 0.0108812 0.00263083 -0.0203725 0.00580814 0.0141829 0.0190841 0.0035534 0.00123732 0.0166384 0.000598905 -0.0305946 0.0214235 0.0173815 -0.0351317
internal_weight=1156.85 1068.95 147.971 135.712 87.9003 920.977 844.953 27.3793 817.574 76.0236 25.1242 133.444 3.27695 84.6234 17.9504 16.1454 66.6729 56.6464 10.0266 50.8994 2.26761 12.2593 9.73648 2.30351
internal_count=40210 39033 4915 4742 1177 34118 31752 558 31194 2366 386 4683 60 1117 207 180 910 785 125 1980 59 173 155 47
is_linear=0
shrinkage=0.03


Tree=74
num_leaves=28
num_cat=0
split_feature=7 10 2 18 2 16 16 18 17 23 26 5 19 0 17 23 22 2 22 18 5 17 1 23 17 0 23
split_gain=2.75151 2.40466 2.6007 3.43539 2.44166 2.3121 2.17626 2.81949 2.16192 2.7191 2.19431 1.94782 1.91471 1.85524 2.79886 2.95457 2.89873 1.81808 2.07717 1.7092 1.69388 1.44705 2.47133 1.5695 1.31808 1.29744 1.27225
threshold=0.917946560067326 0.06592783505154641 -0.0020163283754006003 0.04083333333333334 -0.019707057814587991 1.0562813354297109 0.74331681292544338 0.94935897435897443 1.5474271415665239 1.5559269241609466 -0.31134232236212339 0.9794866400168315 141.50000000000003 -0.37880104267278597 0.32779994483739255 0.035980371753351552 0.0066804047754294152 0.13821577160493412 -0.028127329826828269 0.028174603174603175 0.91959595959595974 -1.04118816689227 -0.4668339530629127 2.065189151670205 1.86704556102682 -0.27542258974144262 -0.59830260186921203
decision_type=10 2 2 10 2 8 8 8 10 2 10 2 10 2 8 2 2 2 2 10 2 8 2 2 10 2 2
left_child=6 8 4 25 5 -3 7 17 9 11 -10 -2 26 14 15 -8 -16 24 -19 -6 -5 22 -15 -23 -1 -4 -9
right_child=1 2 3 20 19 -7 13 12 10 -11 -12 -13 -14 21 16 -17 -18 18 -20 -21 -22 23 -24 -25 -26 -27 -28
leaf_value=0.0032169455284969868 0.017139123494561002 0.0017227161897794927 -0.035890960632207064 0.012424692016672966 0.0035796081417364249 -0.022793591123833539 0.0044034071800567367 -0.0085581364832269923 -0.030320857223538372 -0.017174199348876078 0.010391440760834031 0.0030089187933280991 0.031329687590296994 -0.063418742799703928 -0.00032725128909975827 -0.018441894615258723 0.014784327738773157 -0.031165570950459402 0.016598499335157318 -0.030288798293892357 -0.00097971180691317611 -0.00089374360455992481 -0.0054156083421053464 -0.0081071117325289717 -0.0069030852167022514 -0.0048832718262625686 -0.00092817582913546032
leaf_weight=223.666057550814 31.389790534973145 28.720846886513755 1.347856138832866 35.130554429721087 1.8445621216669668 3.9366189585998645 11.540565262548627 28.950533307623118 2.3731177430599928 2.8270461792126289 2.3929038904607287 12.189545087516306 1.4538459586910892 0.66791676171123882 21.730476369149983 9.1223779525607807 24.088220532983541 0.87250110786408264 13.471785144181919 4.9128648438490927 11.186231115832923 504.51381969708018 64.823710954282433 28.691207793075591 12.215607434976844 12.273467975202946 61.345322541194037
leaf_count=6244 290 569 26 534 56 109 160 1800 35 38 24 122 30 12 308 165 306 22 293 116 148 20618 2752 1120 359 352 3618
internal_value=0.000294493 0.00407766 0.0013564 0.0052924 -0.00462906 -0.00123255 -0.000270926 0.00167399 0.00936109 0.0113372 -0.0098802 0.0131868 -0.00282457 -0.00127083 0.00348368 -0.00568245 0.00761734 0.00332346 0.0136932 -0.0210438 0.00918732 -0.00179879 -0.00600715 -0.00128189 0.00269286 -0.00795154 -0.00337448
internal_weight=1157.68 150.525 99.353 59.9381 39.4149 32.6575 1007.15 341.976 51.1724 46.4064 4.76602 43.5793 91.7497 665.178 66.4816 20.6629 45.8187 250.226 14.3443 6.75743 46.3168 598.697 65.4916 533.205 235.882 13.6213 90.2959
internal_count=40226 2419 1910 1060 850 678 37807 12366 509 450 59 412 5448 25441 939 325 614 6918 315 172 682 24502 2764 21738 6603 378 5418
is_linear=0
shrinkage=0.03


Tree=75
num_leaves=28
num_cat=0
split_feature=24 21 5 19 10 5 16 22 11 21 15 7 1 22 26 22 0 8 12 19 19 16 25 8 21 22 21
split_gain=2.26274 2.79635 4.41331 3.27834 2.05954 1.84201 2.01233 1.71329 1.67684 1.66975 1.7096 1.68163 1.66682 2.61636 2.92576 2.19924 3.28253 2.52521 1.64694 1.49058 1.2321 1.51608 1.54765 1.5007 2.42947 1.36962 1.20863
threshold=3.0197289901004694 0.27144733377617924 0.97469072164948456 4.5000000000000009 0.38072164948453613 0.89345360824742281 0.94947136132221643 -0.033687162564287158 -0.38434845016290881 0.5229784633501362 0.022599591419816142 0.97469072164948456 0.023652877305885462 0.014695647481431531 -1.5614593459660215 -0.020141034273591939 0.78020557399346169 0.040202020202020211 0.13920578841593487 67.500000000000014 29.500000000000004 0.6257421713296778 2.4666329288187545 0.48469228366135592 0.51061714538027703 0.040497042482087235 0.37166330364810679
decision_type=10 2 2 8 2 2 8 2 8 2 8 8 2 2 8 2 2 2 10 10 10 8 8 2 2 2 2
left_child=4 2 8 9 12 7 -7 -5 -2 11 -11 -3 15 14 -14 16 -1 -17 -10 -15 21 22 -6 26 -25 -23 -22
right_child=1 3 -4 5 20 6 -8 -9 18 10 -12 -13 13 19 -16 17 -18 -19 -20 -21 23 25 -24 24 -26 -27 -28
leaf_value=0.0027434220387610249 0.040802289982031378 -0.013369458010860745 -0.025254168952723761 0.00892640800518954 -0.0091555295068767584 0.00052965186641251542 0.011534684298614227 -0.001392558924091571 0.0051483676180867537 -0.038301187100330529 0.026265307122754936 0.018540977042175902 -0.022252705750456358 0.010029408489980589 0.0013212024260667635 -0.011859419389723763 0.030981164555622238 -0.00097587420312217159 0.018255348305037895 -0.0040118984555544924 -0.019471429018602833 -0.0032939838997387673 0.0043459797633879187 0.0049502816621969309 -0.0054658917518235579 0.013677485958092912 -0.0065201671188920823
leaf_weight=37.999085954390466 1.7940958179533479 2.9365977924317113 3.0128612425178281 15.506758662406353 8.7259672940708679 35.824024425353855 25.669164707884192 218.94238993898034 19.123735012486577 0.38620432466268262 8.3249877127818763 3.0095023885369301 4.9529788144864142 50.119962184224278 109.29124301252887 21.061794432345778 4.1053090291097751 215.50578135275282 15.720967099070547 7.873172308318316 7.3479374926537266 133.4163859935943 61.453267734963447 30.189817999023944 60.617775816936046 4.4214392388239494 55.222348008304834
leaf_count=960 13 70 30 408 379 584 336 8128 520 4 237 48 166 887 2626 449 41 6609 236 171 342 7062 2479 1136 3475 179 2839
internal_value=0.00013018 0.00214577 0.00964811 0.00118801 -0.000738905 0.000502089 0.00512349 -0.00071005 0.0125182 0.0150372 0.0234028 0.00278138 0.000613457 0.00293354 0.000299172 -0.000820507 0.00549669 -0.00194484 0.0110619 0.00812315 -0.00242624 -0.000922104 0.00266722 -0.0044662 -0.00200294 -0.00274959 -0.0080411
internal_weight=1162.56 350.251 39.6517 310.6 812.304 295.942 61.4932 234.449 36.6388 14.6573 8.71119 5.9461 450.909 172.237 114.244 278.672 42.1044 236.568 34.8447 57.9931 361.395 208.017 70.1792 153.378 90.8076 137.838 62.5703
internal_count=40414 10614 799 9815 29800 9456 920 8536 769 359 241 118 11909 3850 2792 8059 1001 7058 756 1058 17891 10099 2858 7792 4611 7241 3181
is_linear=0
shrinkage=0.03


Tree=76
num_leaves=26
num_cat=0
split_feature=9 17 4 2 24 17 3 9 6 15 3 24 4 4 12 4 6 18 6 26 7 15 26 20 2
split_gain=2.31308 2.39938 3.20337 2.94237 2.42574 2.3552 2.48727 2.94826 3.48344 2.36521 2.26413 2.12952 1.85317 4.73632 1.78364 1.77034 1.64045 1.63091 1.49064 2.63613 3.74662 1.79084 1.38797 2.06143 1.23663
threshold=0.85640648011782039 1.092198283835738 0.045618556701030939 -0.10461573073376816 -1.5518395645897181 -0.020229436700874914 0.086237113402061874 0.73332632021880928 0.94422680412371141 0.75721732157177235 0.96984848484848496 -16.204629267787329 0.076082474226804128 0.050252525252525264 0.96514823669604799 0.7309793814432991 0.9384599200504945 0.02409988385598142 0.015154639175257735 -0.19289742769121074 0.45180412371134027 0.38287170107133534 -1.8253864856977497 0.58867372248542682 -0.093736739805889549
decision_type=10 8 2 2 10 10 2 10 2 8 2 8 2 2 8 2 2 8 2 10 8 8 8 10 2
left_child=5 11 -3 15 -5 18 7 9 -9 -7 17 -2 13 -13 -12 -4 -14 -8 19 20 -1 -21 23 -20 -24
right_child=1 2 3 4 -6 6 10 8 -10 -11 14 12 16 -15 -16 -17 -18 -19 22 21 -22 -23 24 -25 -26
leaf_value=-0.017853304473945307 -0.045504393875180765 0.031124201622381505 0.034465981650260692 -0.0030074070250230892 0.0075357356530349993 0.013477116262483803 -0.02518581412275633 0.0022037928182218817 -0.046666220578326832 -0.023060623200309719 0.012190320796125965 0.0010845662312948948 0.0026012156208539421 -0.057183505068201232 -0.02332031282306234 0.010105294899833483 -0.0078041627647239481 -6.9180240249167428e-05 -0.0068453110691573957 -0.035686097684207614 0.02940616855024937 0.0020861029963508198 -0.0060317527697937058 -0.043205054172685747 -0.0012343100483494232
leaf_weight=1.9649554565548868 0.91431801114231348 4.4878769740462294 4.3643905781209451 33.55546434642747 47.360772950574756 33.45730240130797 2.3449104228056958 5.6547535611316553 1.709560800809413 1.6743122870102514 19.739273536484689 4.3733185222372404 105.59542575664818 1.7611035015434024 1.3607691787183309 6.9768000808544457 15.65815031994134 300.37596148438752 22.158387101255361 1.5217506997287262 6.5170111283659944 4.3846128284931183 53.818485494237393 1.4982537473551918 476.5417689778842
leaf_count=42 24 34 59 717 1074 674 112 145 42 82 368 50 2489 32 26 96 358 11311 968 25 63 60 2009 52 19385
internal_value=7.56217e-05 0.00280607 0.00637334 0.00516933 0.00316356 -0.000581773 0.00129406 0.00811796 -0.00914095 0.0117358 0.000398541 0.000116205 0.000443643 -0.0156434 0.00990019 0.0194799 0.00125751 -0.000263737 -0.00179068 0.00774244 0.0184579 -0.00764575 -0.00203827 -0.00914809 -0.00172113
internal_weight=1159.77 225.048 96.7453 92.2574 80.9162 934.722 366.317 42.4959 7.36431 35.1316 323.821 128.302 127.388 6.13442 21.1 11.3412 121.254 302.721 568.405 14.3883 8.48197 5.90636 554.017 23.6566 530.36
internal_count=40297 4933 1980 1946 1791 35364 12760 943 187 756 11817 2953 2929 82 394 155 2847 11423 22604 190 105 85 22414 1020 21394
is_linear=0
shrinkage=0.03


Tree=77
num_leaves=24
num_cat=0
split_feature=6 7 22 9 0 9 14 14 23 2 19 16 24 17 21 5 3 13 16 9 4 18 16
split_gain=2.56394 2.56226 2.48286 2.23035 2.53269 2.22195 2.18597 2.34077 2.18762 2.15782 2.81853 2.01107 1.75113 1.67576 2.30105 2.03923 1.65711 1.52248 1.49518 1.20254 0.912892 0.750715 0.604802
threshold=0.12060606060606062 0.92820324005891031 0.064141060596837871 0.096391752577319606 -0.3448182282572631 0.99500000000000011 0.011834733893557424 0.047905909351692491 1.9594114011205466 0.11704829797950135 66.500000000000014 1.3119907800907089 -0.29143670797188936 -0.020229436700874914 0.46511661326404291 0.31156565656565666 0.076082474226804128 -0.85396553771962502 0.96444041621331389 0.77159793814432998 0.89345360824742281 0.091966173361522213 0.98978577985189498
decision_type=2 10 2 8 2 10 8 8 2 2 8 10 8 8 2 2 2 10 10 10 2 8 10
left_child=3 2 11 4 -1 13 19 8 -8 10 -6 16 -9 14 -3 -15 -2 -7 20 -5 -4 -13 -20
right_child=1 5 18 6 9 17 7 12 -10 -11 -12 21 -14 15 -16 -17 -18 -19 22 -21 -22 -23 -24
leaf_value=0.022159739229813263 0.0021167843664662137 0.010425727550474597 0.00015655373751159184 -0.0033547047585441286 -0.00076934896698955429 0.0093683489394874812 0.014751221452579585 -0.0043487403577997727 -0.021301486706158099 0.016388765202967719 -0.022476170218241925 -0.0098356290932103789 0.0036353573037440313 0.019413602726440892 -0.0088470734732582958 0.0033333380993591176 -0.0020461592455792671 0.04367666501320399 0.040349171142814264 -0.042929299620880303 0.024549119923217292 -0.036638712314253412 0.016777970084222986
leaf_weight=2.6368150711059597 98.792336079291999 7.7192155933007625 7.2348157637752575 1.3764723315834992 10.429743861779569 2.7988320179283619 23.048658764921132 28.170488768257201 1.6212943978607643 2.7185930628329507 11.127222432289278 1.8455867273733013 202.0491731739603 8.0659479834139329 20.07580290408805 59.13356256345287 667.65576010593213 1.9930921979248513 1.7140866136178363 1.3877710737287996 1.7065704632550476 1.9177039023488758 2.2866444298997521
leaf_count=19 2417 108 256 24 177 35 264 623 21 34 249 52 3282 147 458 957 31092 15 15 20 45 53 48
internal_value=-2.30262e-05 -0.000821152 -0.00139802 0.00245337 -0.00576448 0.00370631 0.00331173 0.0035995 0.0123819 -0.00879762 -0.0119739 -0.00161699 0.00265839 0.00270087 -0.00349464 0.00526345 -0.00150957 0.0236381 0.0116329 -0.0232229 0.00481217 -0.023494 0.0268769
internal_weight=1167.51 882.94 783.154 284.566 26.9124 99.7865 257.654 254.89 24.67 24.2756 21.557 770.211 230.22 94.9945 27.795 67.1995 766.448 4.79192 12.9421 2.76424 8.94139 3.76329 4.00073
internal_count=40411 35698 33978 4713 479 1720 4234 4190 285 460 426 33614 3905 1670 566 1104 33509 50 364 44 301 105 63
is_linear=0
shrinkage=0.03


Tree=78
num_leaves=30
num_cat=0
split_feature=7 24 3 10 19 24 2 22 20 20 21 14 1 26 19 4 19 20 23 26 10 7 6 4 19 21 3 22 22
split_gain=2.97757 2.46231 2.18398 2.60136 2.32503 2.78977 2.75841 2.09131 1.55927 3.1282 4.78681 2.61224 2.12052 1.75347 1.66933 2.47476 2.01091 1.51841 1.94378 1.38492 1.22327 1.58676 1.91927 1.51007 1.18667 1.01852 1.27006 0.945339 0.595066
threshold=0.9497474747474749 3.0197289901004694 0.13065656565656569 0.67178624026930367 10.500000000000002 5.8713561921473767 -0.14813256618675777 0.053835329181755667 0.35671827594188571 0.41067742176978322 0.41960991302888667 0.46201923076923085 -0.092593669415269628 0.54040359529127169 79.500000000000014 0.6802061855670104 45.500000000000007 0.31122679549587912 -0.37676133080531754 -0.68351036096570972 0.54040816326530627 0.94422680412371141 0.10050505050505053 0.99500000000000011 37.500000000000007 0.68670306986044716 0.56061224489795924 0.074529484210766897 -0.010239091138815101
decision_type=10 8 2 2 8 10 2 2 8 8 2 8 2 8 10 2 10 10 2 8 2 10 2 2 8 2 2 2 2
left_child=1 20 3 7 5 -4 -6 -3 12 10 13 -12 28 -10 16 -16 -11 24 -19 -5 21 23 -23 -1 -14 26 -22 -27 -2
right_child=8 2 4 19 6 -7 -8 -9 9 14 11 -13 17 -15 15 -17 -18 18 -20 -21 25 22 -24 -25 -26 27 -28 -29 -30
leaf_value=-9.3022681888862911e-05 0.042058957742351265 0.0084166182652119087 0.0115871315290733 0.010145508153095626 -0.019622713045537768 -0.014050463492107297 3.1952246040674876e-05 -0.025283917569740383 0.032475064172505452 0.0044557043243963097 -0.054970115849526935 -0.014567258124644034 -0.035693488514646488 -0.0066186301924822744 -0.019879395278911586 0.023620313233570101 0.016861307590196193 -0.012777624908719238 0.026640993847029781 -0.011884472366602561 -0.0052311317624400234 0.013616901487285385 -0.041681583994650294 -0.013259267002775615 0.0019982431949085583 -0.0082436348418281485 0.00030816278026498702 0.018413492486526777 0.020389479678485999
leaf_weight=333.15080508054234 2.2593722175806761 74.50120380660519 27.891630869824439 3.4057782646268606 6.5365502727217963 4.4261213312856844 381.49272236437537 1.6949530290439714 2.1543580256402475 63.471335975453258 2.106842752546072 4.5518691753968596 1.0585124678909767 1.983091947622597 4.8057872317731372 1.5588878355920313 14.434130624867974 1.5488326298072932 4.1227472107857466 10.443924137391148 72.016600196016952 0.83134565688669626 1.7623212253674863 8.0289282547309977 2.5941518899053331 43.77846803329885 77.172503846697509 1.2309675272554148 2.3032087963074437
leaf_count=11512 19 1614 879 82 197 145 13676 41 21 892 48 82 26 29 80 24 189 24 53 388 3773 11 48 157 51 2676 3522 55 29
internal_value=0.000250934 -0.000239623 0.00125305 0.00549305 0.000344762 0.0080759 -0.000299141 0.00766696 0.00497115 0.00359948 -0.0116045 -0.0273509 0.0143613 0.0137373 0.00554732 -0.00922509 0.00675418 0.00616087 0.0158763 -0.00646708 -0.00165577 -0.000580569 -0.0239568 -0.000402862 -0.00892451 -0.00355911 -0.00236577 -0.00751459 0.0311201
internal_weight=1157.32 1048.36 510.393 90.0459 420.347 32.3178 388.029 76.1962 108.953 95.0663 10.7962 6.65871 13.8868 4.13745 84.2701 6.36468 77.9055 9.32424 5.67158 13.8497 537.972 343.773 2.59367 341.18 3.65266 194.199 149.189 45.0094 4.56258
internal_count=40343 38776 17022 2125 14897 1024 13873 1655 1567 1365 180 130 202 50 1185 104 1081 154 77 470 21754 11728 59 11669 77 10026 7295 2731 48
is_linear=0
shrinkage=0.03


Tree=79
num_leaves=27
num_cat=0
split_feature=22 23 10 12 6 9 17 15 2 15 25 19 22 13 3 11 23 1 3 11 15 20 23 5 10 15
split_gain=2.07251 1.78657 2.01985 2.98825 2.3613 2.14051 1.91861 1.74307 1.61481 1.63623 1.82056 2.21121 2.03939 1.42176 2.00629 1.54033 1.43224 1.33884 1.96565 1.39716 1.12466 1.65001 0.996685 0.935358 1.40997 0.760938
threshold=-0.033687162564287158 1.7014086582115402 0.14070707070707075 -0.10776711671916402 0.11670103092783506 0.99500000000000011 0.13030480031186917 0.056498978549540356 0.1335161845900886 0.57387317577166475 4.4405714684032835 29.500000000000004 -0.0063780908662665657 -0.39228383107967157 0.94422680412371141 0.87536584666294825 -0.25691609411830524 0.32165345570141612 0.95438144329896912 -0.25520532160730086 0.069366479550922219 0.33893375499372069 1.1417378193303935 0.67005154639175268 0.43149484536082477 0.079098569969356505
decision_type=2 2 2 10 2 8 10 8 2 8 10 8 2 8 2 10 2 2 2 8 8 10 2 2 2 10
left_child=1 2 3 5 6 -1 -4 -3 9 10 12 -12 -2 23 16 -16 -15 19 -19 -11 -9 -22 -6 24 -10 -5
right_child=8 7 4 25 22 -7 -8 20 13 17 11 -13 -14 14 15 -17 -18 18 -20 -21 21 -23 -24 -25 -26 -27
leaf_value=0.010657843088204492 -0.004895077018729474 -0.035922089214054868 0.0045625698975786978 0.012135522578954174 -0.0065028169898716254 -0.02169035379988795 0.028979363400222377 0.03840945624899219 0.038292963900320102 -0.013230011465380571 0.0070440802872407228 0.0005527082140607824 0.00015714378662943739 -0.0014781694192033707 -0.027306982750860884 0.01305435838949256 0.011166282664877038 -0.018613045308078648 0.010122789647116846 -0.0016337844767839475 0.0089587356609145321 -0.013877255308265566 0.010439537342321278 0.033955296243174685 -0.017923340737344268 0.035119436159249388
leaf_weight=15.504000125452881 93.810332822147757 1.4747566897422046 9.135184418410061 1.6932891905307759 18.511695737484846 2.0890902876853934 4.2409718483686438 0.6073688343167295 0.67366012558341004 9.5926739554852229 64.176570971962065 178.83071338990703 307.99372119782493 13.717637010384349 3.0385488206520668 1.182043384760618 19.555759422015399 9.3705534562468511 2.7774118315428487 371.06074637942947 5.2282286793924868 6.2540919180028141 3.7597089647315434 2.432054509408772 0.99404889950528741 5.5312117552384734
leaf_count=224 3013 23 125 17 906 35 50 6 11 269 1412 4700 9632 477 81 9 561 204 32 17752 208 252 193 25 31 56
internal_value=-0.000147116 0.00470867 0.00691605 0.0134875 0.00234103 0.00681666 0.012304 -0.00513098 -0.000480206 -0.000712546 0.000217268 0.00226704 -0.00102241 0.00531585 0.00348177 -0.0160032 0.00595335 -0.0022389 -0.0120431 -0.00192602 -0.00137494 -0.00347938 -0.00364272 0.0220893 0.00478487 0.0297324
internal_weight=1153.24 74.0296 60.4652 24.8176 35.6476 17.5931 13.3762 13.5644 1079.21 1037.61 644.811 243.007 401.804 41.5938 37.494 4.22059 33.2734 392.801 12.148 380.653 12.0897 11.4823 22.2714 4.09976 1.66771 7.2245
internal_count=40304 2095 1606 332 1274 259 175 489 38209 37014 18757 6112 12645 1195 1128 90 1038 18257 236 18021 466 460 1099 67 42 73
is_linear=0
shrinkage=0.03


Tree=80
num_leaves=27
num_cat=0
split_feature=11 4 25 22 17 19 12 7 2 11 24 12 26 6 3 22 13 14 9 9 19 10 11 19 7 7
split_gain=2.59812 2.12331 2.55564 1.80273 2.9256 2.3966 1.68093 2.71689 1.93117 1.51233 1.73565 1.40648 1.30839 3.0667 2.45358 2.14388 1.34902 3.53416 2.26705 1.64378 1.49288 2.2325 2.19984 1.20609 0.769803 0.364496
threshold=0.54165545691376427 0.040202020202020211 5.7281471578725078 0.00010439010385820143 -0.25087688988482132 10.500000000000002 0.4694985075330782 0.96922996002524731 0.067059964746246634 0.57497665423749045 3.5462579041557025 1.3644858021104891 -1.4318110653290852 0.015154639175257735 0.96984848484848496 0.021489164539854746 0.74232077979355215 0.9470175438596492 0.87314432989690738 0.78460972017673059 36.500000000000007 0.070353535353535376 0.44892691564958837 50.500000000000007 0.7309793814432991 0.26902061855670106
decision_type=10 2 8 2 10 10 10 8 2 8 10 10 8 2 2 2 10 8 10 8 10 2 10 8 10 8
left_child=12 6 3 4 -3 -5 7 -2 -9 25 -11 24 13 -1 15 -15 20 18 -18 -19 21 -14 -22 -16 -8 -4
right_child=1 2 9 5 -6 -7 11 8 -10 10 -12 -13 16 14 23 -17 17 19 -20 -21 22 -23 -24 -25 -26 -27
leaf_value=0.026268248616552668 0.025005953778901531 -0.024603482336366483 0.043788556194141147 0.01226787391614328 0.0080447993829507111 -0.0085359519596290966 0.019563928615953227 0.0038619923224437426 -0.041290125340455168 0.0020432638028796005 0.021127546856682368 0.0033689923327934299 0.0041625838144051606 -0.0088795761344873242 -0.0085608582056953784 0.0038201924794086257 -0.001082065761899299 0.037392427365614996 0.013767587364496403 -0.00043831512772885396 -0.0017834452374081112 -0.00049500087201626106 -0.019254874117402201 0.023674880133939025 0.041102396215389803 0.021397927431579158
leaf_weight=2.8974013142287722 3.0976373665034762 6.8925062268972397 1.1924150227569046 10.44042935408652 3.8500535106286424 9.5353683196008188 2.6082317940890771 2.2475560978055005 1.3735122792422769 15.191535850055521 5.9762077527120701 2.0874585472047329 114.03191194776446 62.983182279625908 1.4432624699547876 14.768485310021786 46.408238779986277 3.9205945492722085 11.556937284767626 1.4038406144827602 318.62565824668854 493.31204102025367 6.6207761531695715 3.7815802227705717 3.4942235238850117 1.4500647410750387
leaf_count=34 31 109 13 125 50 173 33 26 20 280 54 23 1467 2633 30 511 1639 42 246 34 12158 20255 140 58 25 30
internal_value=-0.000156538 0.00546875 0.00272567 -0.00299229 -0.0129026 0.00233725 0.0155016 0.00437985 -0.0132647 0.0101026 0.00743126 0.0246255 -0.000517622 -0.00407065 -0.00513004 -0.00646733 -0.000211247 0.00402719 0.00187862 0.027418 -0.000498886 0.000379484 -0.0021391 0.0147704 0.0318967 0.0315017
internal_weight=1151.19 69.4372 54.5286 30.7184 10.7426 19.9758 14.9086 6.71871 3.62107 23.8102 21.1677 8.18991 1081.75 85.8739 82.9765 77.7517 995.88 63.2896 57.9652 5.32444 932.59 607.344 325.246 5.22484 6.10246 2.64248
internal_count=40239 992 834 457 159 298 158 77 46 377 334 81 39247 3266 3232 3144 35981 1961 1885 76 34020 21722 12298 88 58 43
is_linear=0
shrinkage=0.03


Tree=81
num_leaves=27
num_cat=0
split_feature=10 26 26 16 24 9 4 7 22 16 14 11 14 14 8 26 1 22 25 4 1 18 21 9 16 0
split_gain=2.59532 2.01291 2.04555 2.03654 2.09468 2.02434 1.93735 2.32515 1.73032 1.78342 1.6873 1.69702 1.66391 2.67158 1.62476 1.879 1.67339 2.30319 1.692 1.62386 1.57226 1.44021 1.19144 1.15832 1.0788 1.04065
threshold=0.45180412371134027 -1.9205372566843606 -0.97930795369897605 0.2975219518813576 3.2950070963567764 0.98484536082474239 0.020101010101010106 0.12685567010309282 0.021096598203186028 0.25660557220049246 0.094356120826709078 0.11884905729345975 0.10241841491841493 0.58183691492493395 0.8325257731958764 3.1726643789659801 0.039293026122900913 0.0049470818759360206 5.5415594793719505 0.076082474226804128 -0.12936623843172315 0.24121212121212124 0.38501083171968392 0.75383968020197778 1.0167610816239938 0.64590959919344781
decision_type=2 8 8 8 10 10 2 10 2 8 8 10 8 8 2 10 2 2 10 2 2 8 2 10 8 2
left_child=6 5 3 4 -3 20 7 10 22 -10 -1 -12 24 -14 16 19 18 -18 -8 -16 23 -5 -4 -2 -9 -22
right_child=1 2 8 21 -6 -7 14 12 9 -11 11 -13 13 -15 15 -17 17 -19 -20 -21 25 -23 -24 -25 -26 -27
leaf_value=-0.030037359949764017 -0.0038118515509067852 -0.0053172147232728841 0.0020722086576851497 0.010707941250899423 0.032693974329511093 -0.069110085373921867 -0.0023708049013763336 0.012255689075379802 0.0078173191027278172 -0.0086000440347674262 -0.0060828281098922847 0.033233438072826998 -0.017133767517624018 0.01446826428913681 -0.0035442986887938848 -0.034093864646099342 -0.0012451501601526479 0.0062899584845195157 0.0024864735317485964 0.0054907820841012013 -0.0093980300518958105 -0.00052365878885194002 -0.0021499893698619806 0.044238002759155327 0.037296616924203933 -0.030480549910900337
leaf_weight=1.8981951326131845 1.0656169345602453 1.9294449873268593 76.284967154730111 13.235630878247319 4.0301731419749558 0.53057988919317622 249.76201641419902 2.6918159499764469 6.705631162505596 53.205645006150007 4.4826295599341393 1.267432354390621 2.9768642121925923 12.589656891301274 21.222013310994953 1.1706309197470535 69.280276463367045 77.179560612887144 87.036334809847176 114.47350028483197 13.626146505121143 45.9361258065328 284.39376377896406 0.7835407806560396 3.6451983833685517 2.4926472483202806
leaf_count=32 42 78 2856 537 60 8 8465 34 163 2400 80 13 57 146 327 25 1822 1665 2998 2238 788 2125 13255 14 30 60
internal_value=-3.00116e-05 -0.00164501 -0.0012751 0.00367219 0.0203877 -0.0113579 0.0012234 0.00872795 -0.00204122 -0.00676251 -0.00551272 0.00258329 0.0137005 0.00842485 0.000865776 0.00375126 4.85629e-05 0.00272561 -0.00111557 0.00407775 -0.00965251 0.00198864 -0.00125698 0.0165482 0.0266598 -0.0126583
internal_weight=1153.9 504.22 485.721 65.1314 5.95962 18.4985 649.676 29.5518 420.59 59.9113 7.64826 5.75006 21.9035 15.5665 620.124 136.866 483.258 146.46 336.798 135.696 17.968 59.1718 360.679 1.84916 6.33701 16.1188
internal_count=40318 22386 21474 2800 138 912 17932 392 18674 2563 125 93 267 203 17540 2590 14950 3487 11463 2565 904 2662 16111 56 64 848
is_linear=0
shrinkage=0.03


Tree=82
num_leaves=30
num_cat=0
split_feature=4 21 12 15 19 7 11 7 19 17 25 26 12 13 26 21 5 26 22 26 26 6 9 11 7 25 15 17 20
split_gain=2.95807 2.48422 2.26716 2.25728 2.45051 3.53449 2.85843 2.15388 2.04738 1.96675 1.91247 2.28559 2.23962 1.83329 1.86994 1.78706 1.72871 1.72569 3.06049 2.19124 1.63101 1.55619 1.54442 1.25017 1.22622 1.03134 0.946222 0.607807 0.487614
threshold=0.045618556701030939 0.61884907320734583 0.34481679221168332 0.48562065275548427 17.500000000000004 0.98994949494949502 -0.48033177129553722 0.97469072164948456 74.500000000000014 -1.5911114644457538 6.9145701732705502 0.34877910140492885 -0.39826624900901902 -0.70771617665468123 2.0359770937731021 0.41960991302888667 0.080404040404040422 0.36331380606232683 0.0085584545837564339 -1.0818231826384266 -0.21549117963079314 0.74113402061855682 0.090454545454545468 0.61514165662891618 0.97469072164948456 3.8408886413382062 0.377124183006536 0.25277737057714367 0.24314544422006271
decision_type=2 2 10 10 8 10 8 8 8 8 10 10 8 8 10 2 2 10 2 8 8 2 8 10 10 8 8 10 10
left_child=1 8 3 4 5 -2 -6 20 9 -1 12 -12 -10 14 -5 -11 22 19 -19 -18 25 27 28 -24 -15 -3 -22 -9 -4
right_child=2 7 16 13 6 -7 -8 21 10 15 11 -13 -14 24 -16 -17 17 18 -20 -21 26 -23 23 -25 -26 -27 -28 -29 -30
leaf_value=0.033430165732968767 0.0059967983537169848 -0.026807610768063962 -0.019144258646392891 0.0089017084541491726 0.0092333279394198175 -0.040638040224323525 -0.0011583021745289622 0.010609337876655396 -0.019403402986242865 0.015670620859072344 -0.037705055523329339 0.0088689585804005988 0.0068323437666877804 -0.0032944453820210489 -0.044637920924658528 0.0024004789102147609 0.0091664157030279369 0.013159408438212398 -0.0026076239206221548 -0.00057771046051720287 -0.042332653902880928 -0.015223176088498793 -0.0012875820812611682 -0.040150555100173457 -0.018780867286701686 0.019714953568073307 -0.01013289459757582 0.041135767002828449 -0.057058566252465318
leaf_weight=3.473147586453706 76.741317715030164 0.68558066710829701 0.53583740070461938 15.452267399989069 25.134202630724758 1.4910974074155081 456.78895108029246 1.4770442964509141 3.2247592685744166 20.717521793674678 2.217673502862453 1.6567837288603184 31.864051553886384 290.68224942823872 0.61029944987967688 16.334495111834258 26.36522762128152 34.261649849824607 16.375472960993648 97.881760955555364 2.6024243514984824 1.6099520912393925 7.7902135485783219 0.82374600321054448 4.6756119318306437 1.1452885339967906 1.2001266563311217 0.97420414630323637 0.70955163147300482
leaf_count=39 2115 20 22 536 305 25 15584 38 58 284 46 24 588 14858 20 315 707 771 448 2921 65 30 327 16 94 32 75 15 22
internal_value=0.000127608 0.00537428 -0.000315359 -0.000955235 0.000183127 0.00510795 -0.000616337 -0.00896283 0.00712288 0.0118439 0.00221263 -0.0177892 0.00442121 -0.00300282 0.00686746 0.00982044 0.00270343 0.00339247 0.00806053 0.00148999 -0.0209691 0.00769145 -0.00951874 -0.00500402 -0.0035396 0.00229428 -0.0321701 0.0227415 -0.0407457
internal_weight=1145.5 89.1831 1056.32 871.576 560.156 78.2324 481.923 9.69462 79.4884 40.5252 38.9633 3.87446 35.0888 311.42 16.0626 37.052 184.743 174.884 50.6371 124.247 5.63342 4.0612 9.85935 8.61396 295.358 1.83087 3.80255 2.45125 1.24539
internal_count=40400 1629 38771 33537 18029 2140 15889 275 1354 638 716 70 646 15508 556 599 5234 4847 1219 3628 192 83 387 343 14952 52 140 53 44
is_linear=0
shrinkage=0.03


Tree=83
num_leaves=25
num_cat=0
split_feature=22 15 17 26 2 3 5 26 6 12 10 12 5 15 10 21 22 21 8 10 17 17 8 9
split_gain=1.88597 2.30929 2.34273 2.22029 2.17461 2.34976 2.01985 1.88521 1.56698 2.6652 2.39208 3.83272 2.04322 1.94475 1.75364 1.52282 3.62624 1.69534 1.49358 1.32722 1.19904 1.19842 0.401069 0.337938
threshold=-0.033687162564287158 0.011299795709908071 1.493482075534146 0.22711196069213493 0.086542004316420493 0.93407216494845369 0.95979797979797987 -2.0769999718129868 0.83589312013465189 0.34481679221168332 0.06592783505154641 -0.23713424181392981 0.94422680412371141 0.056498978549540356 0.015154639175257735 0.41654001643754596 0.047816520890552605 0.49098703369073399 0.10654639175257734 0.6294329896907217 0.4074629436202965 0.44615376106148713 0.16747422680412374 0.8256364401430677
decision_type=2 8 10 10 2 2 2 10 2 10 2 8 2 8 2 2 2 2 2 2 10 8 2 8
left_child=8 2 7 15 5 -5 -6 23 10 13 11 12 -1 -10 -15 16 -3 -17 20 -20 -12 -9 -13 -2
right_child=1 3 -4 4 6 -7 -8 21 9 -11 18 22 -14 14 -16 17 -18 -19 19 -21 -22 -23 -24 -25
leaf_value=0.013328305538096509 0.034190985131971663 0.0013239616101252123 -0.017746423132193635 -0.000355392404128817 0.0057308678953716611 0.0076368316198095277 0.025748588558976077 0.025575030745414756 -0.038083803464144986 0.025521543398145028 -0.019404659845837082 0.02704533196740367 -0.025224086161486529 0.048783346126638295 -0.0077121672077162641 -0.0053656558454011124 -0.036063539924225847 -0.0011990266277694141 0.0096216840971165632 -0.001656438605852168 0.010573405233984555 -0.0075670815735211982 0.042319385006257246 0.020997354423816762
leaf_weight=3.9403494074940681 3.2013382017612448 216.56951735517941 2.0252804383635512 222.12070097285323 35.906593532301486 38.906987535301596 5.1926896870136252 1.4047802053391922 1.8703963384032221 2.2630676869302979 4.0267069428227833 2.8938695900142175 1.8035463895648716 0.52229888737201768 9.2861793180927616 110.16125496290624 2.3602279387414447 434.68415116239339 28.073140045627952 14.111594452988355 1.7110497783869503 3.2624382916837931 3.3249030616134405 3.8466742597520351
leaf_count=46 31 6332 29 8881 1175 735 46 13 25 38 117 26 24 6 331 3459 35 17422 862 536 37 54 23 37
internal_value=0.000143563 -0.000173652 0.0120465 -0.000331182 0.0018458 0.000835873 0.00826001 0.017197 0.00478249 -0.00427572 0.00689135 0.018892 0.0012231 -0.0100497 -0.0047038 -0.00119233 0.000920896 -0.00204147 0.00389568 0.00584894 -0.0104649 0.00240832 0.0352117 0.0269901
internal_weight=1153.47 1079.64 13.7405 1065.9 302.127 261.028 41.0993 11.7152 73.8271 13.9419 59.8852 11.9627 5.7439 11.6789 9.80848 763.775 218.93 544.845 47.9225 42.1847 5.73776 4.66722 6.21877 7.04801
internal_count=40320 38249 164 38085 10837 9616 1221 135 2071 400 1671 119 70 362 337 27248 6367 20881 1552 1398 154 67 49 68
is_linear=0
shrinkage=0.03


Tree=84
num_leaves=26
num_cat=0
split_feature=7 2 25 2 3 6 21 18 19 3 10 7 17 8 10 21 21 13 0 7 3 25 6 17 12
split_gain=3.06237 2.90703 2.66711 2.34071 2.21046 1.96428 1.88118 1.76724 1.62741 1.89023 1.88708 1.75144 1.61227 1.66727 1.94128 1.58553 1.81071 1.44813 1.43735 1.37974 1.27613 1.72013 1.13444 1.04549 0.591603
threshold=0.90360824742268053 0.07937422261097643 6.2048765428246773 -0.18005717475922056 0.020101010101010106 0.13701030927835053 0.69365626713721018 0.5270467836257311 17.500000000000004 0.30963917525773205 0.076082474226804128 0.25126262626262635 0.14049175680463843 0.025309278350515465 0.32994845360824748 0.23300355135943132 0.48691909233579617 -2.8979770398688824 1.7799472545222128 0.010050505050505053 0.77435304018514628 7.8904729948163537 0.72082474226804127 -0.79165172788912463 0.44083054486351586
decision_type=10 2 10 2 2 2 2 8 8 2 2 8 8 2 2 2 2 8 2 8 2 8 2 8 8
left_child=5 3 4 -2 -3 8 -6 -4 20 11 -11 -10 17 19 -15 22 -17 -7 -19 -14 23 -22 -5 -1 -9
right_child=1 2 7 15 6 12 -8 24 9 10 -12 -13 13 14 -16 16 -18 18 -20 -21 21 -23 -24 -25 -26
leaf_value=-0.0094740468044202785 0.033784719648406979 -0.024025915892723421 -0.031171361091647858 0.038883493955863338 0.021094620459545594 -0.036904193270237209 -0.0081534705034111681 0.028141999692532869 -0.0046413308600200933 -0.011157820902959775 2.6960037717604836e-05 0.008065581096606057 -0.046806683315430461 0.001904407496832779 -0.0020404734372478387 -0.0034192820199351946 0.0036683992351575229 -0.002866475305191866 -0.023860665612945017 -0.0079580884748110675 0.010811155159419987 0.0453439970892019 0.0072155868170369957 0.006074801396627195 -0.0086190001771595959
leaf_weight=4.849773071706295 2.0644773803651324 1.1670191455632508 1.9149979474022978 1.6728719230741251 20.71900835912675 1.1460750652477145 2.1881728433072558 0.87573376484215237 12.461709135212002 15.016029207035897 141.581547296606 45.070084812119603 0.87534861452877244 234.73524759546854 215.19331766385585 51.323469253256917 88.170403472613543 255.89718231954612 2.9690351998433462 13.703520915005356 14.02434860449284 1.4306209627538926 2.6010535340756178 19.705594260245565 0.71625151485204697
leaf_count=92 20 15 35 21 252 31 64 35 210 229 2842 724 15 6974 12901 755 1737 12439 57 294 217 20 32 338 13
internal_value=8.2393e-05 0.00375678 0.0126883 0.00206757 0.0162489 -0.000568689 0.0183007 -0.0117541 0.00170063 0.000662909 -0.00104554 0.00531319 -0.0013647 -0.000305895 1.76368e-05 0.00161211 0.00106065 -0.00325623 -0.00310727 -0.0102906 0.00725438 0.0140078 0.0196108 0.00300385 0.0116028
internal_weight=1152.07 173.413 27.5812 145.832 24.0742 978.659 22.9072 3.50698 254.14 214.129 156.598 57.5318 724.52 464.507 449.929 143.768 139.494 260.012 258.866 14.5789 40.0103 15.455 4.27393 24.5554 1.59199
internal_count=40362 2979 414 2565 331 37383 316 83 4672 4005 3071 934 32711 20184 19875 2545 2492 12527 12496 309 667 237 53 430 48
is_linear=0
shrinkage=0.03


Tree=85
num_leaves=27
num_cat=0
split_feature=22 2 12 13 22 22 18 11 10 5 3 13 10 18 22 18 24 14 16 23 16 9 5 6 26 11
split_gain=2.94394 1.97595 2.42592 1.81906 2.78342 2.86074 1.74229 1.99766 1.7197 1.92325 1.74862 1.6834 2.15465 1.67663 1.62831 1.76066 1.55564 1.67145 1.42885 1.35724 1.32698 1.30413 1.21355 1.17121 1.60683 0.886747
threshold=-0.033687162564287158 0.075291631288380803 0.70203838616734582 -0.74323476355172768 0.064141060596837871 -0.0017434048580948743 0.07362240289069559 0.41465600703583944 0.63132653061224497 0.90360824742268053 0.42134020618556706 0.69737838398994889 0.94422680412371141 0.62033462033462039 0.035707166114840511 0.047065337763012187 1.6957194891764913 0.70057471264367821 0.58874325319878429 1.6302519177689219 0.75225570860359359 0.71281296023564078 0.86298969072164955 0.045618556701030939 -0.82571073194574163 0.2300842026117618
decision_type=2 2 10 8 2 2 8 8 2 2 2 8 2 8 2 8 10 10 8 2 8 8 2 2 10 8
left_child=8 3 6 4 5 -2 19 -8 13 10 22 20 -13 16 18 -16 17 -1 -5 -3 -4 -18 -10 -15 -25 -12
right_child=1 2 11 14 -6 -7 7 -9 9 -11 25 12 -14 23 15 -17 21 -19 -20 -21 -22 -23 -24 24 -26 -27
leaf_value=0.015019481918093106 -0.0051943640290769977 0.0073557103822342396 0.030264953743105821 0.00088896316697036819 -0.042536763153699905 0.0092929010500847481 0.0019764321519489974 -0.0069126260753993819 -0.020427315313074471 -0.037684993854826453 -0.0013199157195524134 0.0079142165601107789 -0.033359644098735486 0.018981545055617333 -0.019889707806680337 0.0039289168412301742 0.0047575669023945865 -0.0026813226363698343 -0.0023477513079901897 0.035927811110525433 0.0089673069349490188 0.028328989069757681 0.025270356035068976 0.0087569924467646026 -0.0065496708212721263 0.017331935178653557
leaf_weight=12.035882209893321 17.444429572205991 14.115994677646084 5.5579231409355971 152.69791018054821 1.1301997294649471 41.334588543977588 92.873672476271167 30.137252693530172 4.1621767305769017 1.330046800430863 4.7337212688289583 15.241031556855893 1.2302156905643631 3.5287162233144072 2.9092829190194598 69.932051543146372 2.8760344386100742 7.9874821598641566 625.85721370135434 1.6736957798711944 5.0030577611178169 7.9569549118168661 0.59818144049495448 11.457669741939755 13.38060006033629 4.4510839451104385
leaf_count=273 423 390 52 5073 24 868 3702 885 209 30 255 253 34 38 81 1865 85 167 24559 27 87 124 13 328 455 118
internal_value=-9.06758e-06 -0.000407969 0.00260414 -0.000956091 0.00409671 0.00499337 0.00100285 -0.000201356 0.00575846 -0.00321638 7.1132e-05 0.0108262 0.00483153 0.0080733 -0.00131164 0.0029776 0.0129131 0.00795849 -0.00171293 0.0103843 0.0201756 0.022071 -0.014685 0.00280878 0.000511155 0.00771903
internal_weight=1151.64 1077.14 165.833 911.306 59.9092 58.779 138.801 123.011 74.4985 15.2752 13.9452 27.0322 16.4712 59.2233 851.396 72.8413 30.8564 20.0234 778.555 15.7897 10.561 10.833 4.76036 28.367 24.8383 9.18481
internal_count=40418 38323 5430 32893 1315 1291 5004 4587 2095 625 595 426 287 1470 31578 1946 649 440 29632 417 139 209 222 821 783 373
is_linear=0
shrinkage=0.03


Tree=86
num_leaves=24
num_cat=0
split_feature=3 5 17 17 10 19 24 15 26 18 3 7 17 8 8 9 26 4 18 14 13 9 15
split_gain=2.33185 2.93845 2.89708 2.04812 1.88819 2.08149 2.22057 2.18487 1.86881 2.30458 2.27243 1.92432 1.83625 3.48131 1.85336 1.81138 1.79879 1.55835 2.18407 1.53179 1.38229 1.2499 1.10264
threshold=0.96922996002524731 0.99500000000000011 1.0000000180025095e-35 -1.8100411545057578 0.38072164948453613 29.500000000000004 11.894495719612333 0.45669344042838023 -0.37655404548335086 0.69504830917874405 0.015154639175257735 0.88329896907216499 0.16365849995610335 0.80206185567010324 0.74358300021039359 0.98484536082474239 -1.536348809767897 0.2893298969072165 0.74388789505068587 0.395476616406849 -1.1328514763279751 0.917946560067326 0.52976612331679673
decision_type=2 2 10 8 2 8 10 8 8 10 2 8 8 2 2 10 8 2 8 8 8 8 10
left_child=4 3 -3 17 8 6 7 -6 9 10 -1 -11 14 -14 -10 16 -5 -2 -19 -17 22 -22 -7
right_child=1 2 -4 15 5 20 -8 -9 12 11 -12 -13 13 -15 -16 19 -18 18 -20 -21 21 -23 -24
leaf_value=0.014761590164448677 0.0069682357590723741 -0.051189752850422203 0.010136201196427294 0.024332021151135245 0.0071789302926982268 -0.027435547400501331 -0.052907408218524764 -0.0012883131671198309 0.0011034318652118275 -0.0014356367406611955 -0.0047511788259952384 0.01264204516476913 0.0015667283980331627 0.0096558653050187286 -0.0075464339119842849 0.0030503710783482837 0.0068981325023807728 -0.058482031962541016 -0.0048362698071542816 -0.035965790176243281 -0.0014780592488614441 -0.0055081331257995463 -0.00010008445038311455
leaf_weight=5.6372178085148326 2.059869010001421 1.6271027522161596 1.2080035237595437 5.8015409572981298 48.28598060971126 3.5652828374877572 0.65791692025959392 63.492030999623239 89.021039640996605 19.447180129121989 113.95714726112783 15.870681072119622 210.44243445829488 61.987243546405807 29.742218600586057 2.1853691413998599 65.037282777950168 1.1789241032674911 1.6237956564873455 1.5465317443013189 319.01262521813624 88.469455643557012 2.1164585826918483
leaf_count=68 32 31 18 75 1498 115 15 3383 2505 527 3392 310 5845 1116 690 27 1136 28 28 18 15298 4142 129
internal_value=8.41164e-05 0.00495149 -0.0250595 0.00602263 -0.000289523 -0.00157308 0.00204592 0.00236938 0.000945843 -0.00184296 -0.00383142 0.00489041 0.00205021 0.00340729 -0.00106278 0.00725275 0.00832593 -0.012842 -0.0274016 -0.0131183 -0.00255794 -0.00235304 -0.017253
internal_weight=1153.97 82.2684 2.83511 79.4333 1071.7 525.6 112.436 111.778 546.105 154.912 119.594 35.3179 391.193 272.43 118.763 74.5707 70.8388 4.86259 2.80272 3.7319 413.164 407.482 5.68174
internal_count=40426 1393 49 1344 39033 24580 4896 4881 14453 4297 3460 837 10156 6961 3195 1256 1211 88 56 45 19684 19440 244
is_linear=0
shrinkage=0.03


Tree=87
num_leaves=30
num_cat=0
split_feature=10 2 6 23 12 7 8 17 17 7 4 4 21 0 3 24 21 1 21 12 0 12 10 8 23 3 13 6 0
split_gain=2.24605 2.19171 2.0118 1.89123 1.62931 1.75822 1.60402 1.52133 1.88246 1.52129 1.51766 1.37375 1.73827 2.41697 1.79328 1.33471 1.3307 1.87554 1.31849 1.29444 1.23486 1.18396 1.15465 1.07991 1.02606 0.901202 0.66406 0.586536 0.43834
threshold=0.36223055295220247 0.1335161845900886 0.23116161616161621 -0.17178762451885349 -0.17364229742757045 0.86298969072164955 0.86298969072164955 3.2728385611719211 3.0570822879246538 0.8256364401430677 0.020101010101010106 0.13065656565656569 0.40919851037089433 1.7799472545222128 0.94422680412371141 -1.8451122019287729 0.68844077774666956 0.50154736029050861 0.53684068171171007 -0.35946586697442423 0.88602799460307913 -0.35946586697442423 0.55835051546391767 0.45180412371134027 0.54532646742170288 0.84268041237113411 0.0946330670887673 0.63132653061224497 0.75334262472029101
decision_type=2 2 2 2 10 10 2 10 10 8 2 2 2 2 2 8 2 2 2 8 2 10 2 2 2 2 10 2 2
left_child=1 7 4 6 5 20 21 8 10 24 -1 12 14 -14 -4 22 17 -13 -17 -10 -2 -3 -6 -7 -9 -11 28 -18 -5
right_child=2 3 11 26 15 23 -8 9 19 25 -12 16 13 -15 -16 18 27 -19 -20 -21 -22 -23 -24 -25 -26 -27 -28 -29 -30
leaf_value=0.007687019209114976 -0.0019198577239535912 -0.020740087326096345 -0.0030017110325445428 0.021885443032126493 0.0041544710096325307 -0.0064871289829634181 -0.024801360624253383 0.018898040977671952 -0.059661373180044178 0.015730210803785911 0.00051431327520643313 -0.00082845440168644144 -0.010971936994113606 -0.059712803957998863 0.034194843776480209 7.4961622963795881e-05 -0.0032438048590062488 -0.033739583032208809 0.005204797769906986 -0.010513799418499071 -0.047050636178683956 0.019101120936542072 -0.012674546101164195 -0.036506173656912617 -0.017863087277238406 0.044365493078815661 0.0068443902014259234 -0.0085173578024787429 0.039129604761298099
leaf_weight=27.966760574840009 43.017438821960241 0.85927941091358695 10.805511794053016 3.9666524678468686 5.797357626259326 2.018526019062846 1.6582968598231671 1.1752189965918654 0.73185331467539072 2.7892705593258142 523.79297098028474 219.25692939199507 24.436557584675032 0.95128995180129905 1.3076671110466112 91.678865963127464 41.537032381631434 1.5695716077461828 88.742570648901165 1.4144397084601217 0.55265925033017893 3.0684939776547253 9.9956628184299898 2.3160363594070077 1.632664058357477 1.5326753379777072 1.7962713222950695 34.955294205341488 1.9934045411646364
leaf_count=377 1538 22 367 86 183 65 20 27 17 49 13707 12716 1296 21 21 1759 2918 32 1898 48 21 62 459 58 45 18 33 2508 17
internal_value=-9.73348e-05 0.00123182 -0.00141602 0.0132487 0.000655088 -0.0043051 -6.04851e-05 0.000946034 0.000768795 0.0147154 0.000877873 -0.00292607 -0.00833684 -0.0127983 0.00101381 0.00186609 -0.0022436 -0.00106238 0.00259814 -0.0272724 -0.00249231 0.0103851 -0.00649689 -0.0225269 -0.00247698 0.025885 0.0228339 -0.0056537 0.0276529
internal_weight=1153.32 574.378 578.939 13.3424 244.119 47.9047 5.58607 561.036 553.906 7.12983 551.76 334.82 37.501 25.3878 12.1132 196.214 297.319 220.827 180.421 2.14629 43.5701 3.92777 15.793 4.33456 2.80788 4.32195 7.75633 76.4923 5.96006
internal_count=40388 14528 25860 240 5981 1682 104 14288 14149 139 14084 19879 1705 1317 388 4299 18174 12748 3657 65 1559 84 642 123 72 67 136 5426 103
is_linear=0
shrinkage=0.03


Tree=88
num_leaves=29
num_cat=0
split_feature=11 11 22 16 17 21 21 4 15 19 9 5 9 22 6 7 22 17 18 12 24 18 11 19 15 7 22 9
split_gain=2.9261 2.25511 2.13146 2.01109 2.83177 2.15236 3.18507 2.28244 1.83812 2.02709 2.04064 1.82159 1.57948 1.46096 2.74051 3.31565 1.57975 2.05812 1.44388 1.31739 1.31683 1.30478 3.46083 1.55452 1.29892 0.956043 0.685175 0.559122
threshold=0.33794028136690996 -0.62408183717811194 -0.033687162564287158 0.56954738882871869 0.56783659954192434 0.32253186868244682 0.37166330364810679 0.045618556701030939 0.41619850187265922 113.50000000000001 inf 0.84268041237113411 0.96984848484848496 0.021893780622372839 0.7309793814432991 0.44387170675830473 0.0077744750124943219 0.050084768235241876 0.83935483870967753 0.70203838616734582 2.1504823619922933 0.080540540540540564 -0.14470251177528934 28.500000000000004 0.94285527690700122 0.76144329896907226 -0.025808558723582089 0.94871660004207881
decision_type=10 8 2 8 10 2 2 2 8 8 8 2 10 2 2 8 2 10 8 10 10 8 10 8 8 10 2 8
left_child=1 8 11 13 5 7 -7 -5 9 10 -1 20 -13 16 15 -15 17 -2 -18 -16 -3 22 -4 -23 25 -6 -10 -28
right_child=3 2 21 4 24 6 -8 -9 26 -11 -12 12 -14 14 19 -17 18 -19 -20 -21 -22 23 -24 -25 -26 -27 27 -29
leaf_value=0.011592318673645571 0.00137589386139878 -0.0043183390164852542 0.011199859837135461 0.02873292683609923 0.010440050724580145 -0.026014987446109555 -0.0019835446445696718 0.0018713467425842988 0.0096146036770206993 0.034233297250999224 -0.020758719775906681 0.013796787998290488 -0.010177232592977422 -0.026613235130308222 -0.0032275614591089036 0.01416359145584874 0.020554364414311594 0.015879054086950117 -0.0068889445369780837 -0.044211677040576935 0.007193265140610511 0.00094044133590114889 -0.002000477932328546 -0.0022504523524973048 -0.010270786084748173 0.028023836650507027 -0.037495473994268572 -0.0053994588342829199
leaf_weight=14.916873933747413 25.397673269733787 21.858738461975008 26.904277925379574 3.7408390929922453 7.824796106666323 5.47672658227384 52.983562596607953 11.914046549703924 0.77994571533054147 3.0842592772096458 1.9887745324522246 21.215819478500638 2.7996666040271512 2.2632164908573005 1.2130303503945463 8.668742448091507 14.958686304278674 13.480216872878371 1.9504249105229963 1.6883267378434537 15.136286314576862 174.03212294750847 53.264135682024062 652.96557023562491 1.8531878460198647 4.318899305537343 1.1253075036220239 0.86316974833607685
leaf_count=168 390 1039 602 28 138 101 1135 194 15 24 24 363 38 43 56 133 180 205 80 44 467 6384 1931 26341 36 51 37 12
internal_value=-3.61691e-05 -0.000640266 -0.000859685 0.003759 0.000747889 -0.00158931 -0.00423488 0.0082901 0.0086942 0.011867 0.00778655 0.00456812 0.011002 0.00756988 -0.00115734 0.00572167 0.00973394 0.00640461 0.0173888 -0.0270766 0.000391563 -0.00122473 0.00242952 -0.00157897 0.0131236 0.0166937 -0.0142159 -0.023563
internal_weight=1148.67 990.935 968.177 157.732 88.1121 74.1152 58.4603 15.6549 22.7583 19.9899 16.9056 61.0105 24.0155 69.6203 13.8333 10.932 55.787 38.8779 16.9091 2.90136 36.995 907.166 80.1684 826.998 13.9969 12.1437 2.76842 1.98848
internal_count=40259 37445 37165 2814 1683 1458 1236 222 280 216 192 1907 401 1131 276 176 855 595 260 100 1506 35258 2533 32725 225 189 64 49
is_linear=0
shrinkage=0.03


Tree=89
num_leaves=28
num_cat=0
split_feature=13 10 23 11 26 22 23 14 24 21 2 24 10 11 5 2 2 26 8 4 11 12 9 22 11 16 22
split_gain=2.1479 2.18195 2.42816 2.0141 2.52584 2.2019 1.9778 2.4146 1.77168 1.58204 2.23128 1.89486 2.39529 1.75324 1.68469 1.55137 1.98628 1.51893 1.50918 1.46171 2.11923 1.70996 1.29313 1.25611 0.929965 0.882431 0.654875
threshold=0.77027688723733789 0.10050505050505053 -2.3036425470190189 0.3637841842348522 1.1447466659230547 0.0013886159921210417 1.0703515240808785 0.032612548741581003 -1.029316448290402 0.63240878371585862 0.1335161845900886 11.894495719612333 0.14070707070707075 -0.3456179386566624 0.9076898800757417 -0.0063993499654495739 -0.060633330654046143 -1.4854760265187197 0.96984848484848496 0.16747422680412374 0.21431787890812617 -0.4410004189968591 0.94422680412371141 0.0059310396824652006 -0.21121141047121658 1.1040212482082923 0.02838908818362295
decision_type=8 2 2 10 10 2 2 8 10 2 2 10 2 8 2 2 2 8 2 2 10 8 10 2 8 10 2
left_child=9 2 -2 15 17 -6 8 -8 -4 10 11 13 -13 -1 22 16 -3 -5 -17 20 23 25 -12 -11 -23 -21 -22
right_child=1 3 6 4 5 -7 7 -9 -10 19 14 12 -14 -15 -16 18 -18 -19 -20 21 26 24 -24 -25 -26 -27 -28
leaf_value=0.0068161879373351674 0.029364711977194438 0.001030070286823204 0.0091558507776186154 -0.010223093550354541 0.0059150363115302905 -0.023357229496425165 -0.038589485351017423 -0.00091820658636527705 0.0021577835115296666 0.00077609264570867894 0.0023281890589490037 0.048131844665135669 0.0060612222928637235 -0.0010697007025784451 0.028169416738256063 0.00057979734026887813 -0.0063336243371033898 0.0079606953642021808 0.012021306643761137 -0.02013989501236662 -0.037890683877852042 0.0067501593761642789 0.030380849711541234 -0.015271935087888468 -0.0022008154414079758 0.018718515544853143 -0.0054602822458598536
leaf_weight=27.150929185561836 3.5154186543077222 60.156839372357354 65.9609219818376 4.4180102506652474 4.2920157345943135 5.015148650854826 1.6272670589387441 25.971937478519976 64.296354065649211 9.9248114558868163 12.233339826110752 1.5323516279458989 5.9370353640988469 387.61353828106076 3.8381419740617266 149.86464888229966 72.943244273774326 64.405286718159914 11.14743715059012 6.2545096813701093 2.8903028918430205 11.308790458366273 1.6822622623294581 7.8707326464354983 136.99400466354564 0.57425103010609735 0.69518700754269946
leaf_count=353 34 2299 862 74 56 104 35 379 857 469 402 6 133 14333 39 6438 3262 1082 139 181 102 437 25 418 7728 32 23
internal_value=0.000397881 0.00179139 0.00470498 0.000528314 0.00480981 -0.00985827 0.00415582 -0.00313933 0.00570153 -0.000808279 0.000154287 -0.000283786 0.014692 -0.000553482 0.0105729 -0.000609058 -0.00300548 0.00679341 0.00137193 -0.00320764 -0.0105612 -0.00219413 0.00571949 -0.00632174 -0.00151826 -0.0168722 -0.0316028
internal_weight=1150.11 533.615 161.372 372.243 78.1305 9.30716 157.856 27.5992 130.257 616.5 439.988 422.234 7.46939 414.764 17.7537 294.112 133.1 68.8233 161.012 176.513 21.381 155.132 13.9156 17.7955 148.303 6.82876 3.58549
internal_count=40302 15621 2167 13454 1316 160 2133 414 1719 24681 15291 14825 139 14686 466 12138 5561 1156 6577 9390 1012 8378 427 887 8165 213 125
is_linear=0
shrinkage=0.03


Tree=90
num_leaves=20
num_cat=0
split_feature=7 22 22 6 1 25 26 14 11 18 8 22 22 4 7 25 14 25 24
split_gain=1.80199 2.8207 2.04258 1.6529 2.44482 2.20985 1.63235 2.50416 1.47334 1.85434 1.65724 1.4506 4.52239 2.33919 1.05226 1.14604 1.21294 1.12848 0.890172
threshold=0.8666631601094047 0.099526812123520256 0.064141060596837871 0.015154639175257735 -0.61812202602002808 5.6131332165174737 2.2493483811476618 0.87077798861480094 -0.38434845016290881 0.057983193277310933 0.76144329896907226 0.0066804047754294152 0.0077744750124943219 0.025309278350515465 0.81221649484536096 6.3482844157750984 0.10557275541795667 5.7057792834350058 -0.97163768141221185
decision_type=10 2 2 2 2 8 10 10 8 8 2 2 2 2 10 8 10 10 10
left_child=2 6 3 4 -1 -6 11 18 9 -5 -10 13 -13 -2 15 17 -17 -4 -8
right_child=1 -3 14 8 5 -7 7 -9 10 -11 -12 12 -14 -15 -16 16 -18 -19 -20
leaf_value=0.039889718691594273 0.019627627119626227 -0.045557147954795131 0.014026471565143224 -0.017409434481678046 0.015119594887314635 -0.0036534910040184393 -0.0039870046123557969 0.028338078780211152 -0.0019687364599671707 0.006093971521118526 0.00092419261356741791 -0.029123643999136192 0.0020539975153135233 0.0042921134376108193 -0.015337465808421661 -0.033298493477455469 0.0083883323705839161 0.042475381315006236 -0.03724780128070776
leaf_weight=1.8812529966235185 9.866327594034372 1.0862030070275057 8.6429752386175043 3.2523377770557991 9.8138266662135738 13.279547929763792 1.040664514526725 0.93191064707934845 595.8766991654411 42.49752460885793 254.26461413525976 4.3893229877576223 90.932913624448702 96.578845041804016 1.2797951009124506 0.84043368604034308 2.4873260604217649 1.4680285230278975 2.3813304132781914
leaf_count=10 116 26 215 77 118 210 32 12 26474 591 8399 94 1714 1910 25 20 87 25 64
internal_value=0.000128776 0.00266013 -0.000431852 -0.000609068 0.00700339 0.00432437 0.00291422 -0.0152598 -0.00082128 0.00442312 -0.0011035 0.0033064 0.000618354 0.00571355 0.0106557 0.013131 -0.00213978 0.018157 -0.0271328
internal_weight=1142.79 207.208 935.584 920.866 24.9746 23.0934 206.121 4.35391 895.891 45.7499 850.141 201.767 95.3222 106.445 14.7186 13.4388 3.32776 10.111 3.42199
internal_count=40219 3968 36251 35879 338 328 3942 108 35541 668 34873 3834 1808 2026 372 347 107 240 96
is_linear=0
shrinkage=0.03


Tree=91
num_leaves=23
num_cat=0
split_feature=8 13 1 9 22 13 16 10 11 0 18 2 0 0 1 11 22 13 11 18 9 0
split_gain=3.50644 2.49994 2.31436 2.28274 2.34681 2.7884 2.16888 2.15513 2.03467 3.853 3.57865 1.70884 1.65519 2.46292 1.5978 2.39433 1.69907 1.29363 1.36865 1.33292 1.22857 1.19617
threshold=0.85283505154639183 -0.67725042587741979 0.12476370461703223 0.010050505050505053 0.0049470818759360206 -1.1328514763279751 1.3119907800907089 0.67005154639175268 -0.12328200592086523 0.029823359655192897 0.025320512820512824 0.1335161845900886 0.99238187149619306 0.2672058346363933 0.11427584148846727 -0.44060281941542273 -0.033687162564287158 0.40752857948757876 0.41465600703583944 0.79118217054263573 0.75128865979381454 0.62757693182238616
decision_type=2 8 2 8 2 8 10 2 8 2 8 2 2 2 2 8 2 10 8 10 8 2
left_child=2 12 11 -4 5 -5 8 -6 9 -3 -10 14 13 20 16 -16 -1 18 -13 -19 -2 -15
right_child=1 6 3 4 7 -7 -8 -9 10 -11 -12 17 -14 21 15 -17 -18 19 -20 -21 -22 -23
leaf_value=0.0039788481515002231 0.014422815086738257 -0.00030301964103556612 0.03846828267838763 -0.044461835234268242 0.0097476536298403953 -0.00081281015112632876 -0.034270602099153905 -0.0013957793785698833 -0.0332915564896882 0.018779496583601046 0.0017378203782473325 0.0060495296226342355 -0.0099218207224307919 0.032633973111847799 -0.069963177239645305 -0.0096284409127737874 -0.0019528120277403321 0.025115827719828711 -0.017687384596142275 -0.018963666143311235 -0.0089322964785939919 0.012835463346718208
leaf_weight=46.54273410141468 4.1900077625177845 19.894829514436424 1.5895794462412585 1.3437810018658636 47.985366626176983 66.564767876639962 1.4538587629795063 23.158220267854631 2.6601731809787443 18.266356425359845 197.40814836672507 15.110223942436278 2.5522529417648903 6.8765987539663893 0.62756572104990482 10.432900421321389 656.41664209822193 4.723202930763363 2.5559797773603394 0.71025536488741625 3.9269696343690166 4.5727279409766197
leaf_count=1489 87 352 18 33 755 1598 23 729 53 284 5119 567 36 88 8 360 28286 128 120 22 67 47
internal_value=0.000103426 0.00315053 -0.000805406 0.00272123 0.00231258 -0.00167654 0.00225998 0.00612031 0.00248291 0.00883108 0.00127206 -0.00147828 0.0128008 0.0157648 -0.00173809 -0.0130518 -0.00156008 0.00655244 0.00261523 0.0193538 0.00312368 0.0247267
internal_weight=1139.56 261.802 877.761 140.642 139.052 67.9085 239.683 71.1436 238.23 38.1612 200.068 737.12 22.1186 19.5663 714.02 11.0605 702.959 23.0997 17.6662 5.43346 8.11698 11.4493
internal_count=40269 6156 34113 3133 3115 1631 5831 1484 5808 636 5172 30980 325 289 30143 368 29775 837 687 150 154 135
is_linear=0
shrinkage=0.03


Tree=92
num_leaves=28
num_cat=0
split_feature=5 0 10 15 25 23 0 2 2 23 10 2 4 25 19 19 9 26 3 0 19 22 23 10 21 8 9
split_gain=2.56053 1.89777 2.11906 2.19603 1.71887 2.47111 1.71068 1.70864 1.68141 6.27948 2.10747 1.99031 1.84451 1.77064 2.64939 1.70908 1.67603 1.618 1.77911 1.62507 1.55457 1.43903 1.53029 1.37968 1.1805 1.82916 0.898369
threshold=0.9076898800757417 -0.41490318891724931 0.045618556701030939 0.67428795401097474 5.0768431468133892 -0.83772188367451494 -0.55186477278862744 0.018317791402882321 -0.12099014370137783 -0.42167353726736051 0.055773195876288664 -0.13045248715994637 0.3908762886597939 1.9791414730434334 50.500000000000007 74.500000000000014 0.12685567010309282 1.227286074720582 0.98994949494949502 1.2967227473139962 23.500000000000004 0.064141060596837871 0.58943528507020793 0.7817525773195878 0.24572475431839716 0.086237113402061874 0.81537976015148339
decision_type=2 2 2 8 8 2 2 2 2 2 2 2 2 10 8 10 8 10 2 2 10 2 2 2 2 2 8
left_child=1 2 4 6 16 -6 -4 17 9 10 -2 12 -11 24 20 -16 -1 19 -19 -3 -15 23 -23 -9 -10 -26 -12
right_child=8 7 3 -5 5 -7 -8 21 13 11 26 -13 -14 14 15 -17 -18 18 -20 -21 -22 22 -24 -25 25 -27 -28
leaf_value=-0.023414705905823684 -0.057850676359189022 -0.0023218629574871677 0.023385230331569442 -0.037220015006513375 -0.013665292867522588 0.029335057922965677 -0.004063515508098677 0.0017287751718473511 -0.028698312778961496 -0.004304318859027597 -0.035430116592626196 -0.020456321466007447 0.022607434621046276 0.0044556548103069169 0.0094239859262140006 -0.00015052752551148287 0.0097217292222803332 0.0017666241355629769 0.029686369761828129 -0.014858455201307241 -0.0047992812828125961 0.028225848614043206 -0.014960892249808757 -0.0024674841873058846 0.0091629108378686319 -0.0032248246219971637 0.0045835516222343985
leaf_weight=1.6292184963822371 2.2420867420732984 449.76846957439557 2.5711340382695171 1.4674047231674201 1.4316841689869759 7.5231928592547757 9.9569170502945763 243.65771646541543 1.352900618687271 4.0601712288334948 1.0191160123795273 2.266357142478225 5.2636982416734099 34.803041028790176 92.660764432046562 20.489441871643066 8.7616416960954666 53.380431206896901 2.1363099468871942 9.5024279132485372 30.781473196111619 3.2011232534423462 0.95986358728259791 99.238003101432696 13.951156380586324 46.431483077351004 1.0009951274842022
leaf_count=26 32 19665 34 38 22 84 189 9536 22 53 23 36 50 471 1407 343 127 2231 20 138 485 80 38 4330 196 776 18
internal_value=0.000128957 -0.000628032 0.00639477 -0.00249726 0.0128276 0.0224603 0.0015698 -0.000899715 0.00277268 -0.00669074 -0.0378269 0.00475928 0.0108884 0.00339653 0.00490946 0.00769022 0.00452615 -0.00199649 0.00284099 -0.00258125 0.000111938 0.00072713 0.0182635 0.000514329 -0.00098365 -0.00036269 -0.0156027
internal_weight=1151.51 895.186 33.3412 13.9955 19.3457 8.95488 12.5281 861.844 256.323 15.8524 4.2622 11.5902 9.32387 240.47 178.735 113.15 10.3909 514.788 55.5167 459.271 65.5845 347.057 4.16099 342.896 61.7355 60.3826 2.02011
internal_count=40470 36558 520 261 259 106 223 36038 3912 212 73 139 103 3700 2706 1750 153 22054 2251 19803 956 13984 118 13866 994 972 41
is_linear=0
shrinkage=0.03


Tree=93
num_leaves=27
num_cat=0
split_feature=22 17 10 0 6 2 26 1 21 21 26 19 7 24 18 0 6 17 10 21 1 10 6 16 18 12
split_gain=1.82424 2.03453 1.64076 2.77939 2.0728 1.59871 2.26407 1.82186 1.92694 1.61487 1.84563 1.68511 2.5473 1.72603 1.51733 1.44072 1.72801 1.67902 1.21149 1.20069 1.27049 1.15482 0.550059 0.385628 0.436355 0.122032
threshold=-0.033687162564287158 -2.3401963093210241 0.15075757575757578 0.32202913654338333 0.8256364401430677 0.11968146503105588 0.37778655748121126 0.50154736029050861 0.70441423129952629 0.30146669341657456 -2.1420498224247759 36.500000000000007 0.95438144329896912 10.692216455556443 0.11237373737373739 0.844301140512839 0.11670103092783506 -0.020229436700874914 0.20101010101010106 0.23972442327171575 0.037295108719423285 0.21106060606060609 0.050252525252525264 0.6257421713296778 0.47913043478260875 0.63246497479961206
decision_type=2 8 2 2 2 2 10 2 2 2 8 8 10 10 8 2 2 10 2 2 2 2 2 10 8 8
left_child=1 22 3 4 -3 9 19 8 -8 10 18 13 -13 -11 -12 16 -4 -17 -2 21 -21 -7 -1 -24 -25 -5
right_child=5 2 15 25 -6 6 7 -9 -10 11 14 12 -14 -15 -16 17 -18 -19 -20 20 -22 -23 23 24 -26 -27
leaf_value=-0.04827684150426019 -0.054282063792879767 0.01216044904771817 0.012660167662626875 0.028847882668938514 -0.0065196509039691956 -0.05701725043806289 0.020825253189071094 -0.019065625700960997 -0.0098856753953781174 0.001210022967844707 0.010187675797769261 -0.0026033548085756223 0.0038886654995039741 -0.022711352037052313 0.0014409535497659257 -0.03898715295238548 -0.0013357772203340973 0.006885182502011253 -0.0098578886185813671 0.0063881375323714224 -0.0041874760794559764 -0.0069218238405442242 0.0065616561303807712 -0.0045669709107366138 -0.043831812539220416 0.039342031972974208
leaf_weight=0.61723906919360194 0.73414028249681029 19.334211644716568 11.352352661080657 2.1114377193152896 7.3894322481937698 0.60054187569767137 13.287915653083475 1.4086871594190586 2.1340689817443481 236.74169997731224 22.069149482063949 592.04686130792834 59.898832997772843 2.7461682865396133 93.359541301149875 1.6479726019315424 26.407904995139688 1.2727134414017189 2.2328973701223731 23.100801472552121 18.340384895913303 1.3343777465634046 0.51039382256567467 0.48086394648998942 0.54165821615606558 1.8899879939854143
leaf_count=9 17 268 176 23 135 13 338 21 111 8346 356 23665 930 61 2993 31 1330 17 78 763 491 43 27 23 23 17
internal_value=-0.00018184 0.00438816 0.00525395 0.0104866 0.00699516 -0.000495989 0.00425307 0.0135924 0.0165755 -0.000779132 0.00251274 -0.00121634 -0.00200689 0.00093572 0.00311326 0.00130186 0.002872 -0.0189979 -0.0208499 0.000629231 0.00170775 -0.02247 -0.0243644 -0.0147359 -0.0253666 0.0338046
internal_weight=1143.59 73.5562 71.406 30.7251 26.7236 1070.04 60.2068 16.8307 15.422 1009.83 118.396 891.434 651.946 239.488 115.429 40.6809 37.7603 2.92069 2.96704 43.3761 41.4412 1.93492 2.15016 1.53292 1.02252 4.00143
internal_count=40305 2079 1997 443 403 38226 1780 470 449 36446 3444 33002 24595 8407 3349 1554 1506 48 95 1310 1254 56 82 73 46 40
is_linear=0
shrinkage=0.03


Tree=94
num_leaves=23
num_cat=0
split_feature=7 13 1 0 14 26 21 2 26 4 16 0 6 16 22 22 22 2 9 23 0 4
split_gain=2.59794 2.559 2.41244 2.98128 2.3994 2.5866 4.87244 2.41583 1.99261 1.73206 2.08029 3.09035 1.62331 1.59775 1.54487 1.50527 1.3754 1.52961 1.3318 2.25749 1.99801 1.01671
threshold=0.95897328003366311 -1.3953410674785218 0.078649448239313094 0.36275849149454759 0.5988505747126438 0.90916431895884753 0.31004976857061767 -0.10056546887493234 -2.2891784330232405 0.015154639175257735 1.0403773517079331 -0.46381791935589578 0.010050505050505053 0.92727839673936474 0.064141060596837871 0.0055051860586424447 0.017288236255975843 -0.058656027207020144 0.040202020202020211 -0.14677802926744651 -0.63435480669041366 0.27136363636363642
decision_type=10 8 2 2 10 8 2 2 8 2 8 2 2 10 2 2 2 2 8 2 2 2
left_child=2 -2 3 18 12 7 -7 -6 21 16 13 -12 -4 -11 -14 -10 17 -3 19 -1 -20 -5
right_child=1 9 4 8 5 6 -8 -9 15 10 11 -13 14 -15 -16 -17 -18 -19 20 -21 -22 -23
leaf_value=0.0013497482686063334 -0.029319964585504201 0.0056553446782994276 0.025874975492078154 -0.047114164181753855 0.017810509380887143 0.029154333905622287 0.0059470779806172274 -0.00029401090091209833 0.0054631461583470528 0.0034081390646825364 -0.03637270745643275 0.00031184444076246459 -0.0011907665823759671 0.013357974577950732 0.018368815088160628 -0.0003214741190300486 -0.0014152144651376341 0.035373574648330207 0.015266997296923957 -0.018486622417529238 -0.001800838097173108 -0.0092416990928224797
leaf_weight=9.5735221672803181 1.904468306340277 2.3984686136245728 2.1092197932302943 0.97966019622981582 7.4872119775973252 10.356847453862427 38.076900753658265 58.167807495919988 96.244187408825383 38.598122558556497 2.3385282494127777 17.781984284520149 131.09807277563959 23.289259443059564 3.7378819128498426 69.883191903587431 2.4015303906053305 4.4522818811237794 6.2364897429943076 11.209160732105373 604.45458245021291 1.829044514801353
leaf_count=347 29 25 22 33 128 138 926 1410 2867 597 32 272 3546 267 60 2241 27 37 61 391 26673 77
internal_value=0.000296507 0.00509798 -0.000128934 -0.000933695 0.00243701 0.00565036 0.0109096 0.0017706 0.00260614 0.00581623 0.00442801 -0.00395186 -0.000240028 0.00715243 -0.000648542 0.00302979 0.0181208 0.0249691 -0.0018807 -0.00934902 -0.00162654 -0.0224514
internal_weight=1144.61 93.1646 1051.44 800.41 251.034 114.089 48.4337 65.655 168.936 91.2602 82.0079 20.1205 136.945 61.8874 134.836 166.127 9.25228 6.85075 631.474 20.7827 610.691 2.8087
internal_count=40206 1286 38920 32690 6230 2602 1064 1538 5218 1257 1168 304 3628 864 3606 5108 89 62 27472 738 26734 110
is_linear=0
shrinkage=0.03


Tree=95
num_leaves=27
num_cat=0
split_feature=10 17 11 19 12 22 15 8 0 12 11 21 22 17 5 6 26 26 22 15 23 23 8 13 17 25
split_gain=2.95237 3.05609 3.97414 2.75461 2.3812 2.26673 2.00715 1.91301 2.06536 3.18615 2.36082 1.69112 3.18113 1.79022 1.61377 2.17736 2.34075 1.5653 1.59716 1.20932 1.20362 1.90215 1.20155 1.18798 1.04287 0.839516
threshold=0.040202020202020211 0.050084768235241876 -0.28720960482723429 74.500000000000014 -0.15494163162807453 0.021893780622372839 0.022599591419816142 0.9794866400168315 0.080706693341428007 -0.20795042260517102 -0.12328200592086523 0.30577494566530822 0.0056291879523440412 -0.1926031943523043 0.8325257731958764 0.14070707070707075 -1.3698426526572649 0.012628167045946328 -0.0017434048580948743 0.067798774259448427 -2.125902984801662 -1.7961775456973517 0.20809278350515467 0.77027688723733789 -0.53161437485850283 5.1488190147206518
decision_type=2 8 8 8 10 2 8 2 2 10 8 2 2 10 2 2 10 8 2 8 2 2 2 8 8 10
left_child=1 2 3 4 -1 19 14 11 9 -9 -10 12 -8 -13 17 23 -17 18 -2 -4 -3 -22 -23 -16 -5 -19
right_child=6 20 5 24 -6 -7 7 8 10 -11 -12 13 -14 -15 15 16 -18 25 -20 -21 21 22 -24 -25 -26 -27
leaf_value=-0.020913744906213234 0.02411257865558606 0.028108256013695126 -0.017968884064372987 -0.05935923510167266 0.012012363257558899 0.026039776779543028 -0.00078311226214764309 0.0030788267084474702 0.024341072736417006 -0.035868151545268047 0.0040810851130681459 -0.00263782479351731 0.011299100378144213 0.00016477393131885022 -0.0036813662821417962 -0.015455792343702455 0.016288259563532245 0.019989287456517537 -0.018048797251382188 0.0055566473184169591 -0.028086311052912129 0.0038575467020697421 0.011137604576847562 0.021058098157425806 -0.023689560227160358 0.046616750875439858
leaf_weight=5.3611678145825854 1.410378394648433 2.4710778333246699 2.7602799758315095 1.5506724994629619 3.131389742717146 3.8496813625097266 65.17120771901682 5.6839762097224593 5.6645818464457989 2.8324865410104376 60.061549670062959 467.37272327346727 28.055335148703307 365.58198224380612 2.4936807900667208 7.716916251927616 2.8674294147640431 5.6593332625925541 1.8953849710524098 6.8388545289635667 1.3784042801707972 41.330077675171196 40.299057004973292 5.8334702365100384 1.4070731364190572 1.3128518015146253
leaf_count=72 21 20 39 27 32 37 2526 67 46 59 716 20458 825 13811 27 137 42 98 34 101 22 508 491 47 23 11
internal_value=0.000118641 0.0047815 -0.00446761 -0.0174569 -0.00877318 0.00659142 -0.000381232 -0.000607486 0.00402602 -0.00987453 0.00582718 -0.000978907 0.00285288 -0.00140777 0.00737326 0.00217307 -0.00685594 0.0169416 -6.0972e-05 -0.00120824 0.00747568 0.00686147 0.0074516 0.0136495 -0.0423903 0.0250032
internal_weight=1139.99 110.378 24.8991 11.4503 8.49256 13.4488 1029.61 1000.42 74.2426 8.51646 65.7261 926.181 93.2265 832.955 29.1894 18.9115 10.5843 10.2779 3.30576 9.59913 85.4786 83.0075 81.6291 8.32715 2.95775 6.97219
internal_count=40297 1372 331 154 104 177 38925 38508 888 126 762 37620 3351 34269 417 253 179 164 55 140 1041 1021 999 74 50 109
is_linear=0
shrinkage=0.03


Tree=96
num_leaves=27
num_cat=0
split_feature=2 7 4 13 4 14 0 11 11 14 25 4 8 24 4 5 24 15 5 14 5 13 5 7 5 22
split_gain=2.32758 3.20325 2.16412 1.90444 2.0988 1.71372 2.17225 1.69988 1.7992 1.52853 2.76381 3.31508 2.49577 2.23379 3.08752 1.88841 1.78333 1.76988 3.06403 1.60692 3.60235 1.74552 1.29807 1.10272 1.01369 0.981129
threshold=0.078008508070186236 0.91376288659793825 0.020101010101010106 2.165841500362089 0.54040816326530627 0.95530586766541836 0.17944254958287467 0.20286496345869234 0.25693924427532627 0.079156223893066008 5.7754020336626981 0.98994949494949502 0.99500000000000011 1.3465490929713952 0.06030303030303031 0.87314432989690738 4.9904162326536463 0.022599591419816142 0.8325257731958764 0.8456959706959708 0.93407216494845369 0.019637582617842323 0.61927835051546409 0.010050505050505053 0.97469072164948456 0.017902040338434042
decision_type=2 10 2 10 2 10 2 8 10 8 10 2 2 10 2 2 10 8 2 10 2 10 2 8 2 2
left_child=9 3 -3 5 -5 24 -7 22 -9 10 11 12 -1 14 -12 17 -15 18 -11 21 -21 -17 -4 -19 -2 -13
right_child=1 2 7 4 -6 6 -8 8 -10 15 13 25 -14 16 -16 19 -18 23 -20 20 -22 -23 -24 -25 -26 -27
leaf_value=0.0047199716010120144 0.00064059721135951736 0.039514527461098889 -0.0022684680872062405 -0.0066267778767111684 0.04376136373311177 -0.013628022994633476 0.020990358507320672 -0.019957346922856837 0.0089815412585409257 0.015680274019079492 0.028369775405497257 0.014939618421420185 -0.019932168902989642 -0.040240972142256665 -0.0054352424231691671 0.0040840647495520689 -0.0089747670726371149 -0.028277015027035276 -0.031062266765444196 0.0053445850344374683 -0.011124220596233005 -0.0032805566189137172 0.030352974818047742 -0.0020302528892435457 -0.012648340516957929 0.04124571059049132
leaf_weight=86.222950314637274 123.7577591361478 2.5058250883594182 1.4032896086573572 1.2019440615549677 1.9525439599528907 2.0958985779434425 7.3595717288553715 2.2314912956208088 14.482515598647295 10.032379007898269 2.8229240309447112 2.4745262125506988 3.8615784887224427 2.5713633969426146 17.540447611361742 144.95168627845123 4.5416649654507637 1.4440937303006638 1.4437903277575959 22.121518830768764 26.007210278883576 36.197608071379364 5.0433960929512978 603.10957462387159 5.3911835867911568 2.634546659886837
leaf_count=2366 4697 20 40 26 25 50 116 56 173 145 31 36 46 63 469 2265 85 50 20 387 419 859 77 27583 81 21
internal_value=1.26986e-05 0.00327873 0.0130308 0.00151304 0.0245621 0.000988471 0.0133169 0.0101655 0.0051179 -0.000552208 0.00257722 0.00499648 0.00366323 -0.00580445 -0.000748936 -0.00100635 -0.0202775 -0.0018714 0.0097997 0.00131789 -0.00355463 0.00261245 0.0232521 -0.00209295 8.58648e-05 0.0285046
internal_weight=1135.4 167.425 25.6665 141.759 3.15449 138.604 9.45547 23.1607 16.714 967.978 122.67 95.1936 90.0845 27.4764 20.3634 845.308 7.11303 616.03 11.4762 229.278 48.1287 181.149 6.44669 604.554 129.149 5.10907
internal_count=40206 5361 366 4995 51 4944 166 346 229 34845 3117 2469 2412 648 500 31728 148 27798 165 3930 806 3124 117 27633 4778 57
is_linear=0
shrinkage=0.03


Tree=97
num_leaves=28
num_cat=0
split_feature=4 7 23 6 8 22 23 2 24 12 24 11 10 15 11 4 18 6 4 1 19 22 10 23 11 26 26
split_gain=2.19249 2.95817 3.03012 2.62867 4.99379 2.79561 2.02457 2.32598 1.88422 2.004 1.70916 2.60452 1.6365 1.72574 1.42966 2.26087 1.75552 1.47518 3.85063 1.30476 1.22387 1.03871 0.872211 1.34666 0.822943 0.514627 0.385874
threshold=0.020101010101010106 0.58881443298969083 0.89126958619723007 0.59091836734693881 0.6294329896907217 0.0069655505414031576 0.071712452766672971 -0.044067910461948821 1.2434775417445292 -0.11523710587133469 3.5825385539445955 -0.38434845016290881 0.015154639175257735 0.55357902197023401 1.2068651604100877 0.70051546391752584 0.74734042553191504 0.23116161616161621 0.96922996002524731 0.091452784988146504 59.500000000000007 0.00792153900887726 0.025309278350515465 -0.04326092872290678 0.40140975931477391 0.61531649478608708 0.32534501962649892
decision_type=2 10 2 2 2 2 2 2 10 8 10 8 2 8 10 2 10 2 2 2 8 2 2 2 8 8 10
left_child=1 2 8 6 5 -5 7 -3 21 -10 14 22 -13 -14 17 16 -16 18 -2 -19 -4 -1 -12 -24 -6 -8 -22
right_child=10 3 20 4 24 -7 25 -9 9 -11 11 12 13 -15 15 -17 -18 19 -20 -21 26 -23 23 -25 -26 -27 -28
leaf_value=0.0023640555087467959 0.0020592267588040959 -0.027024170100584666 -0.0079549504239921388 0.0037956529216079363 0.03809395280735188 -0.039661264385528493 0.038961735329705233 0.019123598938542662 0.024723849555533191 -0.024291674223074988 0.033076188742645937 -0.03615576889715235 0.0037698645369945855 -0.0010363528002031953 -0.018190404321647358 -0.046760822906370063 0.021092574444661876 -0.0023871403956503136 -0.012973149261289828 0.0012954367068973383 -0.062321305952126024 0.025405498511219038 0.026307930441809003 -0.012474152800009373 0.010722164384958117 0.023285841531816551 -0.033890907165829487
leaf_weight=3.835919729433952 231.83402496157214 1.2698407927528004 1.2663129102438677 2.7302910406142455 2.3782607261091471 2.6019834205508232 4.4751447401940823 4.3514460036531126 0.98688733670860529 3.1369070457294583 2.8726163841784 1.0453012883663166 139.53904140135273 129.76472592353821 3.0029831146821371 1.5480806352570651 1.5535212126560507 466.63794076489285 16.422611005604267 106.31921704113483 0.78436683211475633 3.2549755638465285 1.9806427452713253 1.3585357107222078 1.6917885858565567 3.2562943212687969 0.95009887684136629
leaf_count=75 5612 18 27 40 21 43 36 61 17 69 24 18 3331 5200 50 27 29 22206 305 3050 20 46 22 27 23 39 21
internal_value=-5.11613e-05 0.00713519 -0.00360132 0.0138425 0.00169131 -0.01741 0.0223987 0.00869888 0.00356332 -0.0125615 -0.000291843 0.00174986 0.00130856 0.00145398 -0.000974355 -0.0154388 -0.00479704 -0.000866832 0.00106481 -0.00170379 -0.0303774 0.0129409 0.0209561 0.0105295 0.0267164 0.0323594 -0.0467478
internal_weight=1140.85 36.9705 14.2155 22.755 9.40232 5.33227 13.3527 5.62129 11.2147 4.12379 1103.88 276.561 270.349 269.304 827.318 6.10458 4.5565 821.214 248.257 572.957 3.00078 7.0909 6.21179 3.33918 4.07005 7.73144 1.73447
internal_count=40457 556 275 281 127 83 154 79 207 86 39901 8622 8549 8531 31279 106 79 31173 5917 25256 68 121 73 49 44 75 41
is_linear=0
shrinkage=0.03


Tree=98
num_leaves=25
num_cat=0
split_feature=10 22 17 11 25 11 2 7 10 8 24 5 20 15 11 11 10 22 4 26 9 20 9 2
split_gain=2.36682 2.18685 2.11963 3.72676 2.56238 2.12166 1.64396 1.83478 2.30768 1.74921 2.50749 2.42104 1.66714 1.61912 1.4348 1.41957 1.3534 2.12971 1.30455 1.21434 1.18224 1.12291 1.08149 0.699256
threshold=0.035463917525773207 -0.037806830725846625 0.27837703577211986 -0.77149897555061908 7.164993435219726 -0.02139485915547645 0.018317791402882321 0.92820324005891031 0.050252525252525264 0.97989898989898994 -0.71240643048690411 0.086237113402061874 0.61265021234293682 0.78737607402511578 -0.41066627903130376 0.49202198198647734 0.35202540872643967 0.026092397959893331 0.29948453608247427 1.6092124478197876 0.4721134020618557 0.38751125565658867 0.28141414141414151 0.0037049211287004179
decision_type=2 2 8 8 10 10 2 8 2 2 8 2 10 10 8 10 2 2 2 8 10 10 10 2
left_child=1 20 3 -3 13 -5 9 8 21 16 19 -12 14 -4 -9 -10 17 -2 -18 -11 -1 -8 -14 -22
right_child=6 2 4 5 -6 -7 7 12 15 10 11 -13 22 -15 -16 -17 18 -19 -20 -21 23 -23 -24 -25
leaf_value=0.0020507122994456134 -0.0014303712647439199 -0.050871456144842564 0.0058350771946238051 -0.0055858074700282983 0.028614945027705466 0.01583620414537024 -0.0072115190092734514 0.022526474118755847 -0.00092273091381859899 -0.040000102962572434 -0.020706154803049426 0.0078493936986322888 -0.0021155369163055309 -0.014882045422665939 0.0024842326288835874 0.0062417346321415532 -0.0065918764823965706 0.005375742375092302 -0.0019249033546681999 0.0016893902168455175 0.019858186811228102 -0.045857247524028623 0.021931272875920262 0.042884690959761003
leaf_weight=2.2118611950427285 243.22719931881875 1.4326955936849117 59.854765873402357 20.023298703134067 4.2905041463673106 5.2525193197652689 1.2636853829026216 3.2791624367237091 223.8921669900883 1.636229835450649 2.8551831552758804 41.688757618889213 2.2277256273664516 3.5993558373302212 163.57020019018091 28.0036770417355 74.602665957994759 49.859558517113328 194.30354276672006 1.0213426351547243 3.2358156349509954 1.4567435020580886 6.8871339107863605 1.8745096847414968
leaf_count=29 8034 21 698 277 34 69 28 44 9717 39 50 457 57 70 4831 459 3622 1161 10469 20 36 28 151 15
internal_value=0.00021344 0.00457965 0.00335525 -0.00380214 0.00617708 -0.00113414 -0.000213934 0.00120495 -0.000423052 -0.00121681 0.00433011 0.00601904 0.00356064 0.00465992 0.00287813 -0.000126245 -0.00168269 -0.000272524 -0.00321966 -0.0239782 0.0203738 -0.0279057 0.0160541 0.0283045
internal_weight=1141.55 101.775 94.4531 26.7085 67.7446 25.2758 1039.77 430.58 254.616 609.194 47.2015 44.5439 175.964 63.4541 166.849 251.896 561.993 293.087 268.906 2.65757 7.32219 2.72043 9.11486 5.11033
internal_count=40416 1249 1169 367 802 346 39167 15315 10232 23852 566 507 5083 768 4875 10176 23286 9195 14091 59 80 56 208 51
is_linear=0
shrinkage=0.03


Tree=99
num_leaves=28
num_cat=0
split_feature=8 1 14 7 22 2 8 23 10 19 23 22 10 2 26 26 26 10 9 23 13 1 21 9 1 3 10
split_gain=1.68108 1.98025 1.95758 2.25346 1.89368 2.5661 1.81061 1.72115 1.68509 1.66072 2.2471 1.62681 1.50182 1.26636 2.08706 2.01173 1.86517 1.70706 2.09325 1.17225 0.950968 1.95779 1.81499 1.30444 1.43775 1.28705 0.918806
threshold=0.76409636019356209 0.078649448239313094 0.80982519590114543 0.98994949494949502 0.0049470818759360206 0.088117795439686841 0.75128865979381454 3.3850109784248352 0.025309278350515465 15.500000000000002 0.60237569685616654 -0.037806830725846625 0.010050505050505053 0.10692675697813529 -0.024359453989353286 1.227286074720582 2.1682220702591151 0.20101010101010106 0.55835051546391767 -0.45211607563672462 -0.67725042587741979 0.35773486417840283 0.45331117351118227 0.50252525252525271 0.29384155827355851 0.32161616161616169 0.06592783505154641
decision_type=2 2 8 10 2 2 2 2 2 8 2 2 2 2 10 10 10 2 10 2 8 2 2 8 2 2 2
left_child=1 7 4 8 5 -3 -6 9 -4 10 -1 -9 -11 20 17 19 -17 -15 -19 -16 21 22 -2 25 -25 -22 -13
right_child=13 2 3 -5 6 -7 -8 11 -10 12 -12 26 -14 14 15 16 -18 18 -20 -21 23 -23 -24 24 -26 -27 -28
leaf_value=0.0056558492900620977 0.010312903970031914 -0.0072407377407775093 0.019568902177413736 -0.02659034659514127 0.0037936208694972309 0.0071391928440568539 -0.041530153980859082 0.016692117343969401 0.0050590844679525909 -0.022133700220927692 -0.0061496506504638447 -0.059652474605358323 -0.002186564251001197 -0.023322888241295338 0.0037552493186933417 -0.02535388231925173 0.024188732261057097 -0.0067346118176321171 0.017650408098105794 0.027213200724256474 -0.0086839314478998585 0.040307074696576427 -0.0068387426548594281 0.0026954819337509641 -0.0077354205411217297 -0.0005226970453233947 -0.021166637550919014
leaf_weight=54.045800226740539 16.140178574714817 50.392616979312152 8.4305111896246654 1.835714105516671 63.160579979419708 14.348907742649315 0.80334736686199804 0.92228630976751436 49.492582372389734 3.4191285641863933 19.837067866232246 0.66587340552359719 525.47711376403458 2.4130294350907233 2.4849953204393378 1.7788064656779163 1.1111190803349016 7.0761364698410016 5.7367977946996689 8.3919678861275298 22.11944227013737 1.4480376318097103 8.4648899184539896 167.91540357330814 12.799257658421991 81.35686928476207 3.4556923257187009
leaf_count=1871 219 1517 77 22 1637 430 29 26 1183 53 782 15 22857 37 48 46 16 210 118 117 703 8 229 4755 186 2964 162
internal_value=-0.000286538 -0.00103995 0.00164676 0.00613384 -0.000436624 -0.00405366 0.00322438 -0.001873 0.00717094 -0.00172697 0.00248615 -0.0193248 -0.00231552 0.00148194 0.00747784 0.0159427 -0.00630573 -0.00017582 0.00418341 0.0218539 0.000921615 0.00640726 0.00441222 0.00041872 0.00195671 -0.00226727 -0.0273843
internal_weight=1135.52 796.287 188.464 59.7588 128.705 64.7415 63.9639 607.823 57.9231 602.779 73.8829 5.04385 528.896 339.237 28.9929 13.7669 2.88993 15.226 12.8129 10.877 310.244 26.0531 24.6051 284.191 180.715 103.476 4.12157
internal_count=40317 30661 4895 1282 3613 1947 1666 25766 1260 25563 2653 203 22910 9656 592 227 62 365 328 165 9064 456 448 8608 4941 3667 177
is_linear=0
shrinkage=0.03


Tree=100
num_leaves=31
num_cat=0
split_feature=12 2 10 18 3 20 10 22 21 4 23 11 17 15 19 2 8 7 10 17 20 23 18 4 24 7 23 3 4 11
split_gain=1.68334 3.59106 2.24238 1.76401 1.75099 1.54789 1.41719 1.6242 1.53115 1.41307 1.7596 1.36557 1.93579 3.79793 1.89857 2.48775 1.73152 1.55957 1.36404 1.34288 1.26375 1.25169 1.18512 1.45058 1.23868 1.09902 2.14131 1.6022 1.09743 0.245435
threshold=0.70203838616734582 0.074181029213842856 0.096391752577319606 0.29217479674796754 0.60102040816326541 0.36490402906904801 0.36223055295220247 0.064141060596837871 0.68481676001752489 0.64142857142857157 -0.04326092872290678 0.0052895889560975471 1.5998278008141871 0.11561079925153704 3.5000000000000004 0.14286196680457855 0.015154639175257735 0.050252525252525264 0.28141414141414151 -0.45399234308802755 0.59643698552127467 -0.15968139201039397 0.18301435406698566 0.24121212121212124 2.0750905076147119 0.096391752577319606 0.4572849082177346 0.95438144329896912 0.020101010101010106 0.40140975931477391
decision_type=10 2 2 8 2 10 2 2 2 2 2 10 8 8 10 2 2 10 2 8 8 2 8 2 10 10 2 2 2 8
left_child=6 2 3 -2 9 19 11 25 29 18 -11 12 17 -14 15 -13 -16 -1 -3 -4 -10 -5 23 -6 -24 26 -8 -27 -7 -9
right_child=1 4 5 21 22 28 7 8 20 10 -12 14 13 -15 16 -17 -18 -19 -20 -21 -22 -23 24 -25 -26 27 -28 -29 -30 -31
leaf_value=-0.0061687678984477714 -0.045579329559912105 0.0086256790739345744 -0.0013543228865638701 0.0023536652224506655 0.018750295568593162 0.018831224449227912 -0.0022044418523163903 0.04294348514891138 0.011262282745986845 0.026453166560850411 -0.017247875353186941 -0.0025293736691752297 0.0090055043564505124 -0.00090596507974612247 0.026879627101480764 0.032002591951010274 0.0049612780557902175 -0.00063558438599280696 -0.021653379588889222 0.012342448147917432 -0.03294326378744232 -0.034040944498242846 0.034409854362532029 -0.021373607002332859 0.015526809274312036 -0.0023149942861260273 0.0047772475197310014 -0.010257840833444594 -0.0058099392323255937 0.021872218481443668
leaf_weight=64.456182286143303 1.5475535318255413 2.5409434391185659 11.10162542760372 2.9708177968859673 2.1139424704015286 1.7575528426095868 126.05225581396371 1.2680028248578299 2.9223092314787213 3.3255785470828414 1.1046765167266128 53.176487375050783 49.514073051512241 117.04523382848129 3.3762821415439239 1.9463356863707293 82.666245772503316 158.78358266595751 2.8307476066984236 15.350155971478673 0.72678963001817454 1.1916181016713379 5.2617358490824682 1.3155809799209235 7.704484379850328 304.51083213975653 57.604496696498245 24.711196720600128 21.841192186344415 0.81874184310436282
leaf_count=1792 22 32 299 38 24 23 5892 27 126 57 29 1397 617 3919 48 26 2032 4202 81 364 32 22 93 38 70 15332 2535 599 642 13
internal_value=-0.00025764 0.00388316 -0.000421154 -0.0182326 0.0130447 0.00161086 -0.000580982 -0.0016964 0.0141791 0.00301378 0.0155564 0.000508495 -0.000407069 0.00204048 0.00303664 -0.00131008 0.00582135 -0.00223318 -0.00733063 0.00659401 0.00245788 -0.00806535 0.0190415 0.00335858 0.0231896 -0.00187395 -1.46138e-05 -0.00291118 -0.00397475 0.0346761
internal_weight=1131.54 81.9582 55.7605 5.70999 26.1977 50.0505 1049.58 518.615 5.73584 9.80195 4.43026 530.964 389.799 166.559 141.165 55.1228 86.0425 223.24 5.37169 26.4518 3.6491 4.16244 16.3957 3.42952 12.9662 512.879 183.657 329.222 23.5987 2.08674
internal_count=40423 1834 1410 82 424 1328 38589 24556 198 199 86 14033 10530 4536 3503 1423 2080 5994 113 663 158 60 225 62 163 24358 8427 15931 665 40
is_linear=0
shrinkage=0.03


Tree=101
num_leaves=24
num_cat=0
split_feature=4 8 12 11 1 12 26 0 1 26 23 10 4 17 20 7 21 3 6 20 8 16 20
split_gain=2.57397 2.31925 2.4866 3.0444 1.79975 2.15178 2.04914 2.06313 1.83306 1.76871 1.7687 1.62955 2.9524 2.12974 1.49563 1.48307 1.20232 1.20002 1.18236 1.0233 1.01168 0.868692 0.54586
threshold=0.020101010101010106 0.015154639175257735 0.32309115652038045 0.08859600449005535 -0.058546969605030551 -0.8373175429035683 -1.6809357707357637 0.88602799460307913 0.021225776555352266 1.227286074720582 -0.66607678279189309 0.64974226804123725 0.17762886597938146 -3.1162724355312243 0.30784269244207446 0.13065656565656569 0.26526251499382164 0.8666631601094047 0.7309793814432991 0.4311251657087522 0.48226804123711348 0.40121354548968241 0.56674705215440957
decision_type=2 2 10 10 2 8 8 2 2 10 2 2 2 8 8 10 2 2 2 10 2 8 8
left_child=1 -1 3 10 5 18 7 14 17 20 -3 13 -13 -7 -6 -5 -10 -8 19 -2 -4 -9 -20
right_child=4 2 9 15 6 11 8 21 16 -11 -12 12 -14 -15 -16 -17 -18 -19 22 -21 -22 -23 -24
leaf_value=0.030410907313999591 -0.021389298131951166 -0.012102767299979221 0.0069760792045556646 0.0083865544440911328 -0.021987845631330907 -0.044453990913160601 -0.0027375128074066044 -0.058806370497050224 0.0065087281037959121 -0.010328991571494316 0.011014619993225724 -0.022862562839014146 0.00020963000101789915 0.0035842244728641896 -0.0037379897581082833 -0.027662606818629479 0.00042187073195434053 0.002109554982051105 -0.019122154689599623 0.014485705157101254 0.033052739681222146 -0.017590346125953393 -0.049452982511098552
leaf_weight=3.7322955690324298 1.5559122138656678 3.7210354311391738 1.8303760746493916 1.3583393990993489 4.5879777157679191 0.83373753819614649 311.78492233180441 0.93041593628004071 31.540681585669518 1.4602107144892214 14.92962510045618 5.8568279752507797 33.789143043104559 221.27363240299746 33.933692782185972 4.212007355876267 394.6255481117405 53.919610786717385 1.0640789587050679 1.3249424286186693 4.9879043959081173 0.91072042146697652 1.0720189278945325
leaf_count=30 34 81 29 27 239 29 15113 20 793 19 227 219 1431 6228 1462 78 12204 1883 20 17 55 24 25
internal_value=0.000145913 0.00801337 0.0054412 0.000589819 -0.00011346 0.00203082 -0.000800804 -0.00739438 -0.00046472 0.0196353 0.00640242 0.00240384 -0.00319878 0.0034039 -0.00591157 -0.018872 0.000872361 -0.00202286 -0.0174307 -0.00488992 0.0260524 -0.0384188 -0.0343439
internal_weight=1135.24 36.2318 32.4995 24.221 1099 266.77 832.234 40.3628 791.871 8.27849 18.6507 261.753 39.646 222.107 38.5217 5.57035 426.166 365.705 5.01695 2.88085 6.81828 1.84114 2.1361
internal_count=40287 546 516 413 39741 8003 31738 1745 29993 103 308 7907 1650 6257 1701 105 12997 16996 96 51 84 44 45
is_linear=0
shrinkage=0.03


Tree=102
num_leaves=32
num_cat=0
split_feature=12 2 10 12 25 8 8 13 23 14 3 23 13 7 6 3 1 19 19 1 17 23 13 1 19 3 14 2 10 17 24
split_gain=1.7827 2.08677 1.98303 3.05888 2.46506 2.66589 2.14823 2.03878 3.06009 1.94874 1.74986 1.8082 3.13857 1.70542 2.15149 1.67672 1.59603 1.55459 1.55365 1.67461 2.91455 1.81739 1.62169 1.93822 1.50334 1.63752 1.4932 1.21933 1.13898 0.752726 0.63045
threshold=0.65505654180495443 0.074181029213842856 0.035463917525773207 -0.23713424181392981 2.4666329288187545 0.14070707070707075 0.34182026450067693 -0.20903148329010099 0.41714127257887373 0.1266714209306472 0.60102040816326541 -0.05416194361433848 0.74232077979355215 0.60912371134020626 0.040202020202020211 0.17762886597938146 0.25253936004383754 11.500000000000002 36.500000000000007 -0.07476537137569432 -1.0001204968751154 -2.5838395537804515 0.79823086590835779 0.15029307474137477 11.500000000000002 0.98484536082474239 0.44092721834496512 -0.11569277407114757 0.3401030927835052 -0.83920687555013951 3.1550328377142973
decision_type=10 2 2 8 10 2 2 10 2 10 2 2 10 8 2 2 2 8 8 2 8 2 10 2 10 2 10 2 2 10 8
left_child=2 9 3 4 6 -6 -1 17 -9 13 15 30 -13 29 -15 16 -3 -5 19 20 -4 -21 27 -24 25 -11 -26 -20 -17 -2 -12
right_child=1 10 18 7 5 -7 -8 8 -10 24 11 12 -14 14 -16 28 -18 -19 22 21 -22 -23 23 -25 26 -27 -28 -29 -30 -31 -32
leaf_value=0.014985993422985882 -0.047179079966322084 0.017527823057261801 -0.015368736106318589 -0.0041150939904015327 -0.016511098408522468 0.00049561530715085307 -0.013394291999150629 -0.023530914516216504 0.02082020955634472 0.011104246210788205 0.017503758300880249 0.014913816892335225 -0.033702606075618056 0.033630395221660753 -0.01020954378193038 -0.050207638206155536 -0.019163829334576204 0.01468783436433815 -0.0074466625482800756 -0.041211411097223975 0.0084711650792095704 0.00016878611693786047 0.00063731307251345078 0.015886785669827985 -0.010871206149252299 -0.025582351647073974 0.0037502799601337729 -0.0016018400945012759 -0.0070892142846055535 -0.013166954143477457 0.034707845045020343
leaf_weight=11.766826666891573 1.3923500925302508 5.4158192086033541 5.1314357132650912 4.5159742757678041 12.584589065052567 24.339899184182286 3.0156134329736224 3.6676989467814556 2.2646402027457952 21.159402854274962 3.3616368281655058 8.3336740592494554 1.3951939493417747 1.1643934920430181 7.476796415168792 0.66150002926588092 1.3287386968731878 31.993869812227786 33.855459959013388 0.95999053539708157 45.890277176862583 192.39058597944677 32.411245345603675 9.7601699256338161 9.5376048120670038 1.1547561483457673 18.438610389828682 627.85278360266238 3.311421544291079 1.0107168774120481 4.4609985388815403
leaf_count=117 34 84 167 48 178 338 38 50 28 471 78 114 21 8 173 15 24 362 1286 38 1313 7621 1228 172 373 13 449 25386 103 46 35
internal_value=-6.05084e-05 0.0040001 -0.000409553 0.00374307 -0.00115607 -0.00530061 0.00919642 0.00971163 -0.0066001 0.000891976 0.0107437 0.0165763 0.00794185 -0.0105189 -0.00430215 0.00119208 0.0102992 0.0123621 -0.000821855 0.00123906 0.0060735 -3.66676e-05 -0.00153736 0.00416666 0.00339792 0.00920572 -0.00123445 -0.00190088 -0.0142685 -0.0328738 0.0273147
internal_weight=1132 89.6036 1042.4 94.1491 51.7069 36.9245 14.7824 42.4422 5.93234 61.3346 28.269 17.5515 9.72887 11.0443 8.64119 10.7175 6.74456 36.5098 948.252 244.372 51.0217 193.351 703.88 42.1714 50.2904 22.3142 27.9762 661.708 3.97292 2.40307 7.82264
internal_count=40411 2041 38370 1159 671 516 155 488 78 1567 474 248 135 261 181 226 108 410 37211 9139 1480 7659 28072 1400 1306 484 822 26672 118 80 113
is_linear=0
shrinkage=0.03


Tree=103
num_leaves=22
num_cat=0
split_feature=22 10 0 21 11 2 22 26 3 17 21 0 22 22 8 12 21 3 8 11 9
split_gain=1.68085 1.67851 2.13487 1.63706 1.59561 1.56909 1.7564 1.72241 2.91498 1.38205 1.26623 2.33598 2.80797 1.96778 2.40499 2.18254 1.32431 1.17363 1.19276 1.68559 0.860446
threshold=-0.033687162564287158 0.14070707070707075 0.32202913654338333 0.73394875138255855 -0.77149897555061908 0.11968146503105588 -0.030556457300119726 0.23956429899349166 0.9794866400168315 -2.2697467816704546 0.41654001643754596 1.7799472545222128 0.035707166114840511 0.0027411893413466469 0.69229960025247228 1.9025234913770639 0.48691909233579617 0.98994949494949502 0.99500000000000011 0.57497665423749045 0.90360824742268053
decision_type=2 2 2 2 8 2 2 10 2 8 2 2 2 2 2 10 2 2 2 10 10
left_child=1 2 3 4 -1 10 -7 9 -9 -8 13 16 -13 14 -2 -15 -12 18 19 -3 -5
right_child=5 17 -4 20 -6 6 7 8 -10 -11 11 12 -14 15 -16 -17 -18 -19 -20 -21 -22
leaf_value=-0.02602860715426893 -0.0049870505283166168 0.00053397628022353299 0.031764618115516563 0.013537192798806512 0.0059884711322105728 -0.051453003805766097 0.022794078041390713 0.014813164866087797 -0.037244108508085461 -0.00033425616161984712 -0.0041988496776985389 -0.010149269295383118 -0.059497572481036452 0.0036827734901606316 0.0030371786849028651 -0.031687358080085812 -0.00086316463080731928 -0.028428832139500055 -0.035056751640614316 0.029364944793122769 0.046155046243605793
leaf_weight=1.5008511655032635 83.979208567645401 40.288194192107767 3.4485937915742388 1.6942838216200464 21.035521738696854 0.51041277870535751 2.4717165804468095 17.760696797631685 1.0239006290212262 39.250498648034409 131.34415188012645 6.3703619111329308 1.2396913468837736 136.17694723070599 56.054362616036087 1.5884265871718515 580.74126398260705 1.2421126989647735 0.80354765243828197 1.9116520965471853 1.2760851271450517
leaf_count=23 3166 1629 36 36 312 18 43 477 21 1224 4240 97 32 3760 1374 33 23887 20 13 24 13
internal_value=-0.000401341 0.00399516 0.00961075 0.00661547 0.00385623 -0.000705379 0.00396472 0.00443221 0.0119757 0.00103592 -0.000991052 -0.00165512 -0.0181882 0.000729356 -0.00177501 0.00327496 -0.00147843 0.000320189 0.00115058 0.00184002 0.02755
internal_weight=1131.71 73.2008 28.9553 25.5067 22.5364 1058.51 61.0172 60.5068 18.7846 41.7222 997.494 719.695 7.61005 277.799 140.034 137.765 712.085 44.2455 43.0034 42.1998 2.97037
internal_count=40478 2106 420 384 335 38372 1783 1765 498 1267 36589 28256 129 8333 4540 3793 28127 1686 1666 1653 49
is_linear=0
shrinkage=0.03


Tree=104
num_leaves=25
num_cat=0
split_feature=4 7 25 6 22 17 5 4 16 0 20 17 11 21 26 5 4 12 26 11 0 17 11 6
split_gain=1.70034 1.96929 2.96761 2.00018 2.3587 1.65918 2.75661 1.60029 2.6641 2.12015 2.6521 2.12135 2.02492 1.91281 1.5797 1.9596 1.37583 1.58424 1.25058 1.14134 1.10307 0.830747 0.654199 0.622938
threshold=0.020101010101010106 0.9497474747474749 6.8538425637663218 0.60912371134020626 0.00091222060202046662 2.6096722930125429 0.96984848484848496 0.86298969072164955 0.58874325319878429 -0.55186477278862744 0.59423063437648027 -1.04118816689227 -0.53988427421780638 0.59061756013487077 0.55705954265336322 0.21824742268041239 0.015154639175257735 -0.34833784456579231 1.5065716285160293 -0.32798965727832291 0.19017963864828405 0.021217227749364437 -0.02139485915547645 0.22840206185567014
decision_type=2 10 10 2 2 10 2 2 8 2 8 8 8 2 8 2 2 8 8 8 2 8 10 2
left_child=1 2 16 21 -5 7 14 9 13 10 -2 -11 -10 -9 15 -7 17 -1 -6 -16 -4 -3 -18 -23
right_child=5 3 20 4 18 6 -8 8 12 11 -12 -13 -14 -15 19 -17 22 -19 -20 -21 -22 23 -24 -25
leaf_value=-0.022048652253900874 -0.0041805220548108112 0.012880545099607394 -0.05397522047255509 0.020516547561901154 0.0025756354582669432 -0.027055717116428967 -0.028361507042669289 0.012843368301759157 0.013157589527171403 -0.0041706703064416078 -0.033936781329908551 0.00019935233923689292 -0.00032789412556221445 -0.0022186146219914148 0.031225948832323654 0.0080159554531384018 0.030232076728520425 0.0044965659202394282 -0.037201121460698761 0.011666947856093495 -0.010978027529279221 0.021524039108294975 0.0079410543057458951 0.042835223069085618
leaf_weight=2.3707386953756213 9.8087139548733795 2.9391424423083645 1.0630277995951467 3.1235210299491882 1.4278719462454317 1.7316897269338376 1.7456188891082991 31.314431058242917 10.77494105696678 115.49723829748109 3.7173631452023992 743.84679416520521 143.24854797264561 10.015411319211124 3.979105438105762 8.3358589746057969 2.3485838463529944 13.812486481387177 1.4176496099680664 8.2569656488485652 1.0851650657132266 2.2918678354471922 2.3915182715281835 2.6755500473082066
leaf_count=39 132 28 27 29 16 79 27 537 118 4554 44 28590 4570 393 39 236 31 253 24 281 20 25 41 16
internal_value=0.00036538 0.00669497 0.00132374 0.0156259 0.00251688 0.000151276 0.00794388 -2.41615e-05 0.00243029 -0.000573481 -0.0123584 -0.000387986 0.000615503 0.00919342 0.0107854 0.00198338 0.00477127 0.000607862 -0.0172413 0.0180274 -0.0322551 0.0255226 0.0189856 0.0330027
internal_weight=1129.22 36.9471 23.0715 13.8756 5.96904 1092.27 24.0492 1068.22 195.353 872.87 13.5261 859.344 154.023 41.3298 22.3036 10.0675 20.9233 16.1832 2.84552 12.2361 2.14819 7.90656 4.7401 4.96742
internal_count=40149 549 411 138 69 39600 662 38938 5618 33320 176 33144 4688 930 635 315 364 292 40 320 47 69 72 41
is_linear=0
shrinkage=0.03


Tree=105
num_leaves=21
num_cat=0
split_feature=22 4 12 8 14 12 6 25 21 5 25 26 2 14 19 11 26 0 24 24
split_gain=2.11031 1.45633 2.21969 1.38872 1.50362 1.22016 1.21482 1.47766 2.18816 1.22896 1.72672 1.18051 1.32111 1.69756 1.63008 1.29595 1.50004 1.43884 0.953481 0.724973
threshold=-0.037806830725846625 0.020101010101010106 -0.64823368829199202 0.015154639175257735 0.95030864197530873 0.55420888922673817 0.95438144329896912 3.0504564310817384 0.65289234848143141 0.98994949494949502 4.257118403252556 0.36331380606232683 0.018317791402882321 0.96026315789473693 -3.4999999999999996 -0.62408183717811194 1.1731538800780261 -0.13703642440281941 -1.9725232442570797 1.1735553258972911
decision_type=2 2 8 2 10 10 2 8 2 2 10 10 2 8 8 8 8 2 10 10
left_child=5 2 -2 -4 -5 6 9 -8 -9 10 -1 12 14 -14 -3 16 -13 -17 -7 -20
right_child=1 11 3 4 -6 18 7 8 -10 -11 -12 15 13 -15 -16 17 -18 -19 19 -21
leaf_value=-0.002155798780408683 -0.023537542005301584 0.014926903436501203 0.026876393505472735 0.0034494700531797263 0.027379229158594316 -0.0056455528216729925 0.021001692681797 -0.042636393181363891 0.010985662569036858 0.023470031064918396 0.0091211100705873276 0.034500519024210669 -0.00046674353501670058 0.0069357197593141705 -0.0024201233695640431 -0.0038772654827147436 -0.0052527932137590699 0.0019207554382158264 0.040783560137883604 0.015495226186399249
leaf_weight=22.509537518490106 2.2020828919485211 4.9262411566451192 3.0440628305077544 26.531692983116958 2.5942887933924785 1.1362723805941639 0.9119604099541897 1.8440470495261254 1.0896133882924912 3.0901744943112126 26.734402577392757 2.1890200469642878 269.28417746024206 31.101637571584433 471.49852535431273 47.400491665583104 1.401048079133034 205.62399254436605 1.6609513331204642 2.6451636385172606
leaf_count=679 30 95 25 452 23 37 20 52 43 32 858 23 10010 791 17637 1258 21 8237 29 38
internal_value=-0.000162032 -0.000473556 0.00560139 0.00759599 0.00558092 0.00523609 0.00392218 -0.0123519 -0.0227202 0.00511804 0.0039664 -0.000675611 -0.00125838 0.0002997 -0.00224075 0.00108853 0.0189865 0.00083458 0.0187991 0.0252494
internal_weight=1129.42 1067.8 34.3721 32.17 29.126 61.6221 56.1797 3.84562 2.93366 52.3341 49.2439 1033.43 776.811 300.386 476.425 256.615 3.59007 253.024 5.44239 4.30611
internal_count=40390 38602 530 500 475 1788 1684 115 95 1569 1537 38072 28533 10801 17732 9539 44 9495 104 67
is_linear=0
shrinkage=0.03


Tree=106
num_leaves=27
num_cat=0
split_feature=15 18 19 18 11 23 24 17 21 24 21 13 0 20 5 17 11 5 12 1 12 0 5 13 5 0
split_gain=2.46972 1.79975 1.91924 3.26287 2.70349 2.24677 1.87003 3.00227 2.40837 1.86824 2.04945 1.97484 1.60329 1.78535 1.65781 1.50697 2.11896 1.5466 1.31299 1.81788 1.99077 1.65457 1.63397 2.19958 1.47114 0.948542
threshold=0.46247993579454261 0.17573529411764707 26.500000000000004 0.22967032967032971 -0.41066627903130376 -1.1377614834743845 5.1052652323188434 0.30165503550249606 0.44024216697969537 3.0528050826335376 0.57710280313862483 -0.74323476355172768 -0.49982908107037938 0.47208018507287397 0.87691984010098889 -3.8968433418373061 0.75528110364244061 0.050252525252525264 0.23386083539377309 0.40893547550723797 0.79643862704347057 -0.29742417798140258 0.98484536082474239 0.0066204378457837007 0.96453608247422695 0.38386918378331775
decision_type=8 8 8 8 10 2 10 8 2 10 2 8 2 8 2 10 10 2 10 2 10 2 2 8 2 2
left_child=1 6 3 4 -3 -5 9 8 -8 10 -1 -11 13 14 -2 16 -4 -17 22 21 -21 -20 24 -24 -14 -9
right_child=12 2 15 5 -6 -7 7 25 -10 11 -12 -13 18 -15 -16 17 -18 -19 19 20 -22 -23 23 -25 -26 -27
leaf_value=-6.0009817475463726e-05 0.025367687865019462 0.022218225338154211 0.0038360289692645983 0.013211509576727419 -0.028874146534016508 0.0028174259968584072 -0.044909416818907082 0.0140229281023239 -0.0047144822756233955 0.028745199528336041 0.0093812525950131669 0.0084816035680227563 -0.002552049305835931 0.033872706362134776 -0.017702906011111175 -0.016010224823644302 -0.021818594734185098 -0.0012477918472561223 -0.049174665616777101 0.0007593010589114779 -0.028835679322308336 0.002122153208444332 0.0097225427827239922 -0.043214103311279374 0.012384929934195335 -0.01606458890219889
leaf_weight=58.796449261484668 1.3680499223992222 1.1743019782006738 83.281676650978625 23.486328764352947 4.5188273126259437 92.162357229739428 2.5049217073246819 4.5515807862393558 2.8888063468039036 5.0785587858408689 31.930337877478451 29.309835853520781 361.90562799852341 2.4336556755006313 1.9517634222283957 6.5411133626475921 3.0020196596160522 271.25908933137543 0.56850006524473329 4.5154617419466359 3.7399332975037396 124.1201953238342 1.100125167518853 1.9740113541483881 6.0332423523068419 1.1894770218059418
leaf_count=1279 26 12 2453 522 104 2186 47 95 53 64 869 716 18560 25 32 219 59 7848 11 82 55 4861 23 32 102 24
internal_value=0.000155266 0.00142444 0.000569264 0.0038368 -0.0183355 0.00492829 0.0044712 -0.00731004 -0.0233816 0.00551969 0.00326274 0.0114742 -0.00139269 0.0143543 4.58999e-05 -0.000519739 0.00294344 -0.00159539 -0.00157247 0.000985612 -0.0126481 0.00188827 -0.0024891 -0.0242699 -0.00230712 0.00778916
internal_weight=1131.39 621.676 485.426 121.342 5.69313 115.649 136.25 11.1348 5.39373 125.115 90.7268 34.3884 509.711 5.75347 3.31981 364.084 86.2837 277.8 503.957 132.944 8.2554 124.689 371.013 3.07414 367.939 5.74106
internal_count=40359 16550 13403 2824 116 2708 3147 219 100 2928 2148 780 23809 83 58 10579 2512 8067 23726 5009 137 4872 18717 55 18662 119
is_linear=0
shrinkage=0.03


Tree=107
num_leaves=29
num_cat=0
split_feature=12 17 14 3 2 7 26 19 7 2 12 10 19 20 10 22 26 22 19 25 12 21 12 18 5 24 0 16
split_gain=1.84342 2.25451 2.12292 2.04948 2.13537 1.64543 1.74764 1.55136 1.81475 1.53639 1.51317 1.49285 1.47663 1.36565 1.34054 2.71147 2.37932 2.51166 1.88704 2.40501 2.23021 1.8192 1.6485 1.38852 1.49499 1.29937 1.11864 0.9788
threshold=0.53987631091846133 0.7745070003338953 0.13994288045695638 0.35025773195876292 -0.046464769027692344 0.26131313131313139 -0.46752325231616892 25.500000000000004 0.06592783505154641 0.10027348062321154 0.79643862704347057 0.10050505050505053 37.500000000000007 0.5757883055356926 0.36223055295220247 0.017568136064466253 -1.7813582421608805 0.050476737450185015 37.500000000000007 1.3466803783674728 0.2453387707434527 0.41654001643754596 -1.6211511961107126 0.74734042553191504 0.055773195876288664 1.5225510944222316 0.75334262472029101 0.77220265978963265
decision_type=10 8 10 2 2 10 10 10 8 2 10 2 8 10 2 2 8 2 8 8 10 2 8 10 2 10 2 8
left_child=14 2 5 4 -3 11 -7 8 -4 13 -6 -2 -9 -5 15 18 27 -18 20 -20 -1 23 -23 25 -25 -16 -24 -17
right_child=1 3 7 9 10 6 -8 12 -10 -11 -12 -13 -14 -15 21 16 17 -19 19 -21 -22 22 26 24 -26 -27 -28 -29
leaf_value=0.0043173048784421091 -0.053120574886161613 -0.046256659660311852 -0.024624954584135234 0.010599027986096542 0.01553413372712116 -0.014112220338132269 0.0078740200697025482 -0.017382598406486344 0.0092040869009068702 0.040442567939402777 -0.017296659032201754 -0.012809892084112314 0.0016601490230832489 0.038933053822768376 -0.0037127381203610698 0.042737279395853332 0.0053575798043428106 -0.0057311427929503693 -0.030388815113023954 -0.0014846013673750005 -0.012609729193893545 -0.041637068404273177 -0.0019064141558570516 -0.015128740960588484 0.0094949377579275126 0.0037234754358778325 -0.0092514196444362599 0.015499959748543343
leaf_weight=92.657256052829325 0.94172784499824302 0.86068659741431464 1.4811186948791135 12.799506574869158 3.7478702939115491 5.2323927492834637 8.6047097416594589 4.2297536875121295 39.190332000609487 2.2865643817931405 1.9060334926471112 6.7772681866772473 27.440126128960404 1.7389598684385408 42.739629450719804 1.4905984597280619 108.10953039582819 22.15070450399071 2.6149280942045143 281.04699746752158 7.5782546345144501 0.96071442635729909 358.02899409155361 2.4148836554959443 27.370445756241679 41.86216335487552 19.687716098502278 5.8382445103488863
leaf_count=2484 17 28 44 222 84 141 172 141 885 26 48 177 785 18 2124 30 2374 425 75 8142 181 30 18612 122 830 1529 456 127
internal_value=0.000145506 0.00370719 0.00163307 0.0120516 -0.00223507 -0.00663052 -0.000439906 0.00409544 0.00797215 0.0175833 0.00446628 -0.0177278 -0.000883155 0.0139881 -0.000266067 0.000794298 0.00440771 0.00347195 -0.000500752 -0.00175105 0.00303755 -0.00138755 -0.00238908 0.001928 0.00749854 -3.31945e-05 -0.00228926 0.0210397
internal_weight=1131.79 117.237 93.8974 23.3396 6.51459 21.5561 13.8371 72.3413 40.6715 16.825 5.6539 7.719 31.6699 14.5385 1014.55 521.487 137.589 130.26 383.897 283.662 100.236 493.065 378.677 114.387 29.7853 84.6018 377.717 7.32884
internal_count=40329 2788 2362 426 160 507 313 1855 929 266 132 194 926 240 37541 13838 2956 2799 10882 8217 2665 23703 19098 4605 952 3653 19068 157
is_linear=0
shrinkage=0.03


Tree=108
num_leaves=29
num_cat=0
split_feature=10 17 6 8 4 15 2 13 15 20 1 22 2 26 7 7 1 24 17 20 8 17 15 2 17 0 2 25
split_gain=1.69586 1.6393 2.14692 2.12848 1.79246 1.61043 1.9465 2.86376 1.66316 1.99541 2.68269 1.8167 2.60513 1.95418 1.58234 1.44336 1.32439 3.18884 2.54812 1.80585 1.52557 2.2075 1.37354 1.09334 1.4669 1.19659 0.852365 0.821573
threshold=0.050252525252525264 -0.17163442565651962 0.23116161616161621 0.97989898989898994 0.93969696969696981 0.63999216096158884 0.027501847574716565 0.45580779103689101 0.28162590879048255 0.45399396621778371 -0.10731600891816202 0.0049470818759360206 0.064700362653124274 -0.1139119487216783 0.35202540872643967 0.8871765200925732 -0.21674224304221409 -3.3710582577610944 -1.1679857489021874 0.36780304416595694 0.98974332000841592 -2.3401963093210241 0.022599591419816142 0.12263596368941027 0.16365849995610335 -0.39586180350706029 0.037918287203014496 5.2629230150453283
decision_type=2 10 2 2 2 10 2 8 8 10 2 2 2 10 10 8 2 8 8 10 2 8 8 2 10 2 2 10
left_child=5 16 3 4 -3 8 7 15 11 10 -10 13 -13 -1 -5 -7 17 19 -19 -2 22 -22 -18 25 -25 -4 -11 -8
right_child=1 2 23 14 -6 6 27 -9 9 26 -12 12 -14 -15 -16 -17 20 18 -20 -21 21 -23 -24 24 -26 -27 -28 -29
leaf_value=-0.0064176087231065347 0.0090561216698176704 0.0041215112511094193 0.0096431865346405642 0.027692394734487123 -0.0067697887637602093 -0.022200617375188136 0.030658924729272927 -0.05603851291008944 -0.013536979135524842 0.016547537426233293 0.011151655274285042 0.0078233447832826136 -0.022777718280142894 0.0072982369011439134 0.0071851004991690479 0.0092405975376328529 0.0073834340862026452 -0.013171703800168341 0.010851111235716285 -0.049109189611352536 0.021187467042923045 -0.012319202870767937 -0.0014582261877747831 -0.0097623119644578028 0.011432200033283524 -0.0012412727077769148 0.03757021607408069 -0.0045585583163071635
leaf_weight=29.918486062437296 0.71073875110596452 129.89052628912032 9.4454201124608499 5.5246222130954257 15.190270503051577 2.7424610350280982 1.2911591520532968 1.3550677672028539 5.0163971818983617 5.3971857242286196 18.829950689338148 47.991244926117361 2.6416175700724116 13.598076976835726 8.748961362987755 2.5229744920507073 16.330996962729841 4.6892776088789105 26.047559305792678 1.4822510499507187 1.944315370172262 19.696246745996181 498.55785116436891 3.7345389393158284 13.796109757851807 241.71983159007505 2.558645086362958 1.1075816433876751
leaf_count=415 21 2902 166 46 317 63 19 36 86 67 289 526 32 166 91 44 249 111 490 51 20 286 22011 131 485 11271 22 25
internal_value=0.000334116 -9.29177e-05 0.00130982 0.00406868 0.00298117 0.00349013 -0.00875572 -0.0171447 0.00436704 0.0102986 0.00595807 0.00236347 0.00622683 -0.00213167 0.0151225 -0.00713531 -0.00114732 0.00469251 0.00718614 -0.0302581 -0.00150575 -0.00930877 -0.00117779 -0.000326369 0.00691715 -0.000831947 0.0233086 0.0143978
internal_weight=1132.48 997.51 428.05 159.354 145.081 134.971 9.01924 6.6205 125.952 31.8022 23.8463 94.1494 50.6329 43.5166 14.2736 5.26544 569.459 32.9298 30.7368 2.19299 536.529 21.6406 514.889 268.696 17.5306 251.165 7.95583 2.39874
internal_count=40438 38648 15409 3356 3219 1790 187 143 1603 464 375 1139 558 581 137 107 23239 673 601 72 22566 306 22260 12053 616 11437 89 44
is_linear=0
shrinkage=0.03


Tree=109
num_leaves=24
num_cat=0
split_feature=1 13 20 7 11 22 8 3 15 17 16 24 6 2 17 7 6 13 3 11 25 2 25
split_gain=1.85821 1.89767 1.88938 2.40722 1.96799 1.61576 2.16469 1.93565 1.59077 2.98049 1.63581 1.4651 2.24554 1.36477 1.33689 1.60456 1.34346 1.30899 1.2449 1.21332 0.982025 0.587377 0.467889
threshold=-0.058546969605030551 1.6251441495850083 0.34198572415674761 0.95438144329896912 -0.32798965727832291 -0.011064220053022279 0.91959595959595974 0.030151515151515155 0.011299795709908071 1.493482075534146 0.31409311955311531 14.423148707846989 0.29146464646464648 0.080795352652888106 3.2728385611719211 0.7817525773195878 0.98994949494949502 1.9644320352981277 0.55051020408163276 0.018176970004764929 5.3216722544378721 -0.0042734709803819767 5.3822783595024637
decision_type=2 10 8 10 8 2 2 2 8 10 10 10 2 2 10 8 2 10 2 8 8 2 8
left_child=1 2 3 4 -1 6 -4 -7 9 10 18 14 -13 17 16 -16 -10 -3 -2 -14 -19 -12 -5
right_child=8 13 5 22 -6 7 -8 -9 11 -11 21 12 19 -15 15 -17 -18 20 -20 -21 -22 -23 -24
leaf_value=-0.028969266721495603 -0.024034956862465696 0.026020700451739358 0.0020550277928800581 0.01904545947654836 0.0064648079100235473 0.010314474874185513 0.017377862701438793 -0.0018989511050802551 -0.0011667201520197464 -0.021979352822804676 0.014194665039291851 -0.027080129164491096 0.036188346655550784 0.037586633293742379 -0.0069751092851784305 0.021431795866853034 -0.010082982339790998 0.014505356336041358 0.01836816258721527 0.0042599579248970877 -0.022375126249157384 0.032106703624509757 0.039301881455055115
leaf_weight=1.4713934203609822 1.2810955494642242 2.130782139953225 44.571673322003335 2.0349425757303825 34.178245500894263 12.598878214135764 10.19584450824186 159.90290316077881 814.52096194191836 2.1219221279025069 2.7428700290620318 0.96469838917255302 2.6738587105646729 2.1022541141137481 2.8004003218375138 4.9579164022579789 15.498466004151849 1.1896903812885287 1.2132894732058046 1.7871367055922744 1.4318267265334723 4.1264784969389448 2.070426020771265
leaf_count=41 23 36 1225 25 1276 196 136 4994 31567 33 32 19 37 24 93 95 366 35 18 47 44 37 16
internal_value=-0.000276558 0.0018739 0.0014738 0.00750745 0.00500231 0.000418363 0.00490762 -0.00100693 -0.000965656 0.0101238 0.0173987 -0.00111671 0.0144224 0.01746 -0.00121735 0.0111782 -0.00133321 0.00855671 -0.00340973 0.0233974 -0.00563812 0.0249546 0.0292612
internal_weight=1128.57 273.879 267.024 39.755 35.6496 227.269 54.7675 172.502 854.689 11.4857 9.36373 843.203 5.42569 6.85455 837.778 7.75832 830.019 4.7523 2.49439 4.461 2.62152 6.86935 4.10537
internal_count=40415 8048 7909 1358 1317 6551 1361 5190 32367 143 110 32224 103 139 32121 188 31933 115 41 84 79 69 41
is_linear=0
shrinkage=0.03


Tree=110
num_leaves=27
num_cat=0
split_feature=11 24 25 8 10 22 17 24 5 0 13 18 7 11 10 15 22 10 18 7 7 24 0 24 15 17
split_gain=1.64559 2.49717 1.90039 1.92185 2.11334 1.83592 1.74429 2.80743 4.44119 1.60528 2.24446 2.26591 2.25418 2.15589 1.95961 1.78516 3.61391 1.56812 1.56068 2.24234 1.46665 1.43929 1.37317 1.2266 1.1488 1.10083
threshold=-0.48033177129553722 0.63732049040636463 5.4485792987873625 0.42134020618556706 0.080404040404040422 0.020661162181689393 1.3384114601941641 -0.97163768141221185 0.95438144329896912 0.25993872870983864 -0.43297074126658702 0.033908045977011504 0.13701030927835053 0.26139029356612303 0.44387170675830473 0.011561079925153704 0.035707166114840511 0.70255628024405647 0.16843971631205676 0.32161616161616169 0.19095959595959597 -1.179447944114522 0.62757693182238616 10.062143851815414 0.12429775280898878 1.4686594872275556
decision_type=8 8 10 2 2 2 10 10 2 2 8 8 8 10 2 8 2 2 8 8 10 10 2 10 10 8
left_child=1 6 3 5 -5 -3 7 21 -9 13 14 12 -12 15 20 16 -2 -13 19 -15 -11 -1 -16 -17 -8 -20
right_child=9 2 -4 4 -6 -7 24 8 -10 10 11 17 -14 18 22 23 -18 -19 25 -21 -22 -23 -24 -25 -26 -27
leaf_value=-0.002293316007049866 0.019056400735309835 0.019065043788912901 0.030693939944750011 -0.035017384679983624 0.0075978472271004665 -0.0067152120606265003 0.022589821177053902 -0.0031240270005466171 -0.061975966610620027 0.025634476306595558 -0.063509984295729793 0.0028699937016284731 -0.0098801146661647559 -0.013559342720034015 0.0080795796996314534 -0.0017620025063285396 -0.026506086599199726 -0.0012067896459505491 -0.0017791295649015788 0.017474361124991358 0.0051972947271442128 0.032323857136306332 -0.010257543001180097 0.00729390409229043 -0.0081788377235334914 0.011024796259250427
leaf_weight=8.726275531575082 8.6919987779110652 11.826595902442937 4.2372813224792472 1.7071743644773949 2.7096711117774248 3.1478357715532175 3.5602793209254733 2.9960157955065378 1.8770695403218267 8.3210590323433298 0.78954916819929977 203.81628021551296 6.6161233042366803 2.4707596693187979 12.443038480356337 626.50223356741481 1.9112881310284127 145.55909442715347 24.503505539149046 13.794764457270501 5.0955730443820348 1.2337929047644145 5.2161495918408027 13.756667008623479 1.5753565859049556 8.0217546829953772
leaf_count=150 108 122 30 23 51 43 36 47 28 93 12 5598 193 67 328 26309 27 5435 683 278 86 12 79 315 33 205
internal_value=0.000177996 0.00589301 0.0124934 0.00851636 -0.00887355 0.0136457 -0.00191712 -0.00713429 -0.0257933 -5.11135e-05 0.00149694 0.000823418 -0.0155978 -0.000909287 0.00922965 -0.00136524 0.0108436 0.0011715 0.00517303 0.0127603 0.0178725 0.00199485 0.00266318 -0.00156743 0.0131515 0.00137872
internal_weight=1131.11 43.5973 23.6286 19.3913 4.41685 14.9744 19.9688 14.8332 4.87309 1087.51 387.857 356.781 7.40567 699.653 31.0758 650.862 10.6033 349.375 48.7908 16.2655 13.4166 9.96007 17.6592 640.259 5.13564 32.5253
internal_count=40391 575 269 239 74 165 306 237 75 39816 11824 11238 205 27992 586 26759 135 11033 1233 345 179 162 407 26624 69 888
is_linear=0
shrinkage=0.03


Tree=111
num_leaves=28
num_cat=0
split_feature=22 10 2 10 11 14 22 5 9 3 19 5 4 9 19 3 9 9 7 1 22 13 7 10 11 11 24
split_gain=1.81025 2.26956 1.70078 1.4212 1.77463 1.5309 1.32187 2.68453 1.64772 1.62844 1.25566 1.16242 1.78742 1.74129 1.56385 1.91526 1.12384 1.11987 0.972933 0.972215 2.83001 3.01999 2.65642 1.07644 1.67899 1.50282 0.871495
threshold=-0.033687162564287158 0.62122448979591849 0.1335161845900886 0.035463917525773207 -0.085287611897371093 0.73247625286603346 -0.045574489649466067 0.83589312013465189 0.90360824742268053 0.55835051546391767 53.500000000000007 0.87691984010098889 0.14070707070707075 0.47448713943559312 51.500000000000007 0.92964646464646472 0.4721134020618557 0.8325257731958764 0.97989898989898994 0.12476370461703223 0.0097111418053211652 -1.2481941460263226 0.53804123711340213 0.025309278350515465 0.26575841810481654 0.0052895889560975471 5.3526502632243398
decision_type=2 2 2 2 10 8 2 2 10 2 10 2 2 10 10 2 10 10 8 2 2 8 10 2 10 8 10
left_child=1 3 19 16 5 -5 7 9 26 -3 -6 14 -13 -14 15 -4 -1 -16 -18 23 21 -21 -22 24 -2 -25 -8
right_child=2 6 11 4 10 -7 8 -9 -10 -11 -12 12 13 -15 17 -17 18 -19 -20 20 22 -23 -24 25 -26 -27 -28
leaf_value=0.0035777287456742355 0.004952404498252936 -0.020487100457234408 0.0092147164276320543 0.0061517578243929123 0.014960505371494608 -0.0088789681228648634 -0.0082051574657760491 -0.054025690241638544 0.044539423903879168 0.0085320385231810996 -0.0016871415968033245 -0.0095364487311709496 0.030213584709650472 0.0069066436329475334 -0.015966210873871657 -0.015844568475343001 0.03798374334643876 0.01557373647522294 0.012118862653074648 -0.040388566477405512 -7.8239808953515862e-05 -0.0012121418427991782 0.011314311383433475 -0.0028948349740649795 -0.027834998759910322 -0.00023487178554344734 0.020331555181334844
leaf_weight=2.8319830242544395 38.87057376652956 3.6350671257823688 20.06317690061406 14.366183566395192 18.302628564182676 10.597272344399242 4.1183643471449605 1.2693608724512158 0.80305384099483479 3.3390328781679273 5.2464875662699333 2.7071196623146525 5.3010074682533723 6.3299273336306214 5.7487137140706173 3.1800214615650466 3.0677985120564699 1.229961792938411 2.2829114943742752 1.8054465204477308 35.225437615998089 92.598251498769969 38.611103819683194 310.13615761697292 1.4583907462656487 498.30171644734219 1.2571794418618081
leaf_count=37 514 190 675 461 426 313 213 34 12 149 149 39 54 90 243 81 29 33 26 39 751 2050 609 11763 17 21440 34
internal_value=-4.19419e-05 0.0045917 -0.000352362 0.00729469 0.00534396 -0.000228957 -0.00603417 -0.0138972 0.0044567 -0.00659343 0.0112516 0.00538432 0.012419 0.0175292 0.00204687 0.00578623 0.0188599 -0.0104074 0.0269483 -0.000603714 0.00147967 -0.00196138 0.00587923 -0.00101668 0.00376673 -0.0012553 -0.00153127
internal_weight=1132.68 71.1173 1061.57 56.6953 48.5126 24.9635 14.4221 8.24346 6.1786 6.9741 23.5491 44.5599 14.3381 11.6309 30.2219 23.2432 8.18269 6.97868 5.35071 1017.01 168.24 94.4037 73.8365 848.767 40.329 808.438 5.37554
internal_count=40471 2073 38398 1441 1349 774 632 373 259 339 575 1215 183 144 1032 756 92 276 55 37183 3449 2089 1360 33734 531 33203 247
is_linear=0
shrinkage=0.03


Tree=112
num_leaves=30
num_cat=0
split_feature=19 8 17 26 4 23 17 4 15 3 11 4 1 4 11 2 5 19 11 3 16 22 6 2 4 26 23 23 8
split_gain=1.72919 2.31459 2.21125 2.89986 2.46106 2.36032 2.26616 2.12259 2.11653 1.92533 1.97304 1.93717 1.84058 1.77123 2.77821 1.55797 1.47734 1.46629 2.02454 1.27486 1.24827 1.23647 1.33712 1.07088 1.38143 1.04496 0.891722 1.91681 0.768323
threshold=15.500000000000002 0.9497474747474749 0.87128306059093552 -0.93523573791748771 0.080404040404040422 -0.11121574360648891 -2.8964730078073448 0.98994949494949502 0.011561079925153704 0.87691984010098889 0.46800521500452069 0.18778350515463921 0.065570187698732366 0.18090909090909094 0.21431787890812617 -0.08787974980932739 0.8666631601094047 35.500000000000007 0.38845395883942407 0.94422680412371141 0.55166921852800765 -0.033687162564287158 0.13701030927835053 -0.0098264259958132805 0.025309278350515465 2.9571521149409916 0.40347051049012356 -0.68954676049347163 0.22111111111111112
decision_type=8 2 8 8 2 2 10 2 8 2 10 2 2 2 10 2 2 8 10 2 8 2 2 2 2 10 2 2 2
left_child=9 8 3 4 -3 7 -5 -4 17 10 13 23 20 14 -1 -7 -15 -2 -19 -14 -13 22 -10 24 -11 -23 27 -12 -25
right_child=1 2 5 6 -6 15 -8 -9 21 11 26 12 19 16 -16 -17 -18 18 -20 -21 -22 25 -24 28 -26 -27 -28 -29 -30
leaf_value=-0.0031497580963534893 -0.012434113393064753 -0.022470440705565767 -0.00024246278715007376 0.022887550293035932 0.016127078465151587 0.028069029629517052 -0.0039914583875451191 0.036258114935765848 0.010126811629818201 0.040758728112776005 0.022700925534766912 0.030655619614000588 0.0061071827799330314 -0.00026151968909172226 -0.034757263541850915 0.010460075603373318 0.0088919668783550756 0.014857081506969367 -0.020808875583838718 -0.022977413627340158 0.0063513232520612415 -0.0016984630630461589 -6.3251632154184896e-05 0.048260881320486913 0.002210051414394221 0.0087146090689920117 0.02846907652452527 -0.013426121853946435 0.022292283817750665
leaf_weight=17.929560259915892 2.6095860302448273 1.6717111505568016 25.791143810376528 2.9595492929220191 13.439709714613853 5.8369232555851367 61.174944947473705 1.5182761140167702 16.826639070175588 1.1123552881181238 3.2729246290400624 2.402591022197158 2.4929412789642802 57.486097066663206 2.908856692723929 20.073755001649261 21.920104967430234 16.004884449765093 1.5731827300041903 2.9750676499679685 9.1260127369314432 776.57555148005486 37.234954524319619 1.7180494908243433 3.3757801568135619 8.7712978203780931 2.9915719963610172 2.2171837845817191 2.5433441353961825
leaf_count=505 35 26 380 29 184 67 985 12 264 8 51 37 53 2648 76 280 349 204 20 52 258 31897 1451 22 71 329 32 39 48
internal_value=-4.76369e-05 -0.000480368 0.00321097 3.45602e-05 0.0118572 0.00794073 -0.0027511 0.0017868 -0.00104921 0.00314481 0.001398 0.0105216 0.00461743 0.00022247 -0.00756188 0.0144269 0.0022653 0.00854987 0.0116651 -0.00971734 0.0114164 -0.00128007 0.0031084 0.0219909 0.0117641 -0.00158216 0.0152915 0.00811099 0.0327619
internal_weight=1126.53 992.062 132.466 79.2459 15.1114 53.2201 64.1345 27.3094 859.596 134.472 108.726 25.7461 16.9966 100.245 20.8384 25.9107 79.4062 20.1877 17.5781 5.46801 11.5286 839.408 54.0616 8.74953 4.48814 785.347 8.48168 5.49011 4.26139
internal_count=40412 36163 1963 1224 210 739 1014 392 34200 4249 3700 549 400 3578 581 347 2997 259 224 105 295 33941 1715 149 79 32226 122 90 70
is_linear=0
shrinkage=0.03


Tree=113
num_leaves=27
num_cat=0
split_feature=3 9 26 5 13 1 25 26 4 14 6 11 25 15 5 7 17 24 5 3 4 26 13 25 3 6
split_gain=1.01003 1.78084 2.57685 2.42891 2.18847 2.12832 2.09116 1.96241 1.76495 1.6178 1.52558 1.46068 1.39974 1.56266 1.52491 1.39749 1.62239 1.39239 1.38569 4.34855 1.38461 1.13614 1.13552 1.66521 1.11101 0.988459
threshold=0.74358300021039359 0.8666631601094047 1.0494213157398984 0.99500000000000011 0.61822138809770266 0.50154736029050861 5.9385045238251992 -1.2493471786080141 0.57071428571428584 0.037737341772151906 0.015154639175257735 0.42850983288628269 4.1330179786015728 0.42776886035313005 0.71281296023564078 0.35202540872643967 0.59523821840384583 -10.871729979575148 0.95438144329896912 0.64142857142857157 0.010050505050505053 1.1447466659230547 0.3614883325086436 6.3812825371374542 0.14070707070707075 0.086237113402061874
decision_type=2 10 10 2 10 2 8 10 2 10 2 10 8 8 2 8 8 10 2 2 2 10 10 10 2 2
left_child=10 2 3 9 21 7 -5 8 -3 -2 15 -6 18 14 -14 16 -1 -9 20 -20 -12 -4 24 -24 -17 -15
right_child=1 5 4 6 11 -7 -8 17 -10 -11 12 -13 13 25 -16 22 -18 -19 19 -21 -22 -23 23 -25 -26 -27
leaf_value=-0.042383425479837394 0.0070004884216372121 0.0022613074503578293 0.025342303460523609 -0.0025485397444407094 -0.0026706364638643494 -0.020957901275590586 -0.041212659803350919 -0.022719948687230793 0.020671730788254003 -0.0012703935606213981 -0.036905811198745933 -0.046222068910854279 0.0052906282419835672 0.0026299111339076883 0.00013122362585249562 -0.0027732608192858597 0.0067055883515926493 0.00429511773898111 0.0053009618361161588 -0.041770696903300056 -0.0033008807817835281 0.0076574975956575902 0.020380302453351561 -0.022418979134598727 0.022478952255563532 -0.002273478615297642
leaf_weight=0.96698971837758751 23.650988846085966 7.0449274377897408 3.6257350994274011 2.5692689809948197 2.1903790812939401 2.5071180677041403 2.4686014279723167 1.8135462002828706 13.998984563164411 212.71800371562131 1.1087281452491868 1.0139344129711387 78.023615690413862 44.16993094375357 151.99086153740063 1.9504355229437331 1.6228562425822022 32.282719754148275 34.115376942791045 1.8627598900347937 232.9306045116391 33.271296065766364 1.5112263076007377 1.7839887365698812 7.9982355013489723 227.95738554722629
leaf_count=26 521 118 98 45 71 32 41 34 255 7580 23 17 3030 878 3089 18 23 638 498 33 8991 1021 16 44 95 13173
internal_value=-9.7426e-05 0.00127144 0.000287703 -0.000882132 0.00733002 0.0060753 -0.0214943 0.00730444 0.0145084 -0.000442812 -0.000686591 -0.0164515 -0.000875614 6.10296e-05 0.00188135 0.00853146 -0.0116231 0.00285821 -0.00261746 0.00286384 -0.00346008 0.00939532 0.0124727 -0.0027907 0.0175283 -0.00147759
internal_weight=1127.15 339.156 281.508 241.407 40.1013 57.6473 5.03787 55.1402 21.0439 236.369 787.993 3.20431 772.159 502.142 230.014 15.8337 2.58985 34.0963 270.017 35.9781 234.039 36.897 13.2439 3.29522 9.94867 272.127
internal_count=40408 10471 9394 8187 1207 1077 86 1045 373 8101 29937 88 29715 20170 6119 222 49 672 9545 531 9014 1119 173 60 113 14051
is_linear=0
shrinkage=0.03


Tree=114
num_leaves=28
num_cat=0
split_feature=21 9 2 4 10 26 21 0 16 22 12 16 7 19 4 17 0 20 7 2 20 19 6 16 19 12 8
split_gain=1.45324 1.65812 2.48855 2.00029 2.32888 2.31791 1.63849 1.94467 1.79369 1.5403 2.27566 1.958 1.69947 1.61331 1.481 1.50502 1.4628 1.51804 1.41477 1.38881 1.36578 1.79929 3.31637 1.69879 2.21016 1.45523 1.33604
threshold=0.41654001643754596 0.66163265306122454 -0.10056546887493234 0.97469072164948456 0.080404040404040422 -0.85281022271640161 0.56311679561036876 0.17669478890692683 0.9510621999550577 0.0023857319888068015 1.9025234913770639 0.048647177002686885 0.84268041237113411 16.500000000000004 0.020101010101010106 -1.1258363297329774 0.45319600300077584 0.45118267588943456 0.025309278350515465 0.011053286548902285 0.54919818324603742 15.500000000000002 0.44387170675830473 0.51803859285949749 39.500000000000007 -0.47630015691275446 0.611122448979592
decision_type=2 8 2 2 2 10 2 2 10 2 10 8 8 8 2 10 2 10 10 2 8 8 2 8 8 8 2
left_child=9 20 3 4 -3 -5 7 -4 -8 12 11 -11 16 -13 19 -16 18 -18 -1 -14 23 22 -22 24 -2 -23 -25
right_child=1 2 6 5 -6 -7 8 -9 -10 10 -12 13 14 -15 15 -17 17 -19 -20 -21 21 25 -24 26 -26 -27 -28
leaf_value=0.008506485080646501 -0.0021796917737592551 0.018427414784561391 -0.0057810569055650844 -0.041130060592752295 0.0035766263410117178 0.0041859473514847256 5.497438188052394e-05 0.0011487041486205126 0.006147931963983843 -0.021445553862479868 -0.025646109711561338 0.013365828398806423 -0.0009512811215624501 0.0037039756700569318 -0.004149642645514812 0.0051820922916026675 0.00014369571712684017 0.023069503079366664 -0.0069951278963515176 0.030049910022819773 0.026202421446281345 -0.014485582010599823 -0.0075508949689128135 -0.0047588057577391402 -0.017818691856383417 -0.00021334821966542791 0.00050259820190403531
leaf_weight=5.855538858100771 16.372937683481723 16.013998999260366 79.343756328802556 1.5553683917969463 23.37677437113598 2.928702186793088 200.09535540570505 67.41093053529039 55.558152453973889 2.5961499176919451 2.3047866839915505 17.607418156694624 2.1262494008988133 133.36678261077031 24.457429918460548 42.730906390585005 14.279822553042324 3.1779074491932979 55.728382103610784 3.3490386689081788 6.1724027795717102 6.7182983085513115 4.5517986239865422 100.7127986853011 16.160235223826021 149.67133980477229 76.378162037115544
leaf_count=153 581 190 2248 35 916 46 8175 1746 1506 30 38 385 32 3768 706 1052 354 55 2265 37 124 190 190 4949 685 6306 3679
internal_value=8.87486e-05 -0.000568771 0.000668423 0.00745287 0.00961409 -0.0115326 -7.129e-05 -0.00259791 0.00137908 0.00184813 0.00394252 0.00438658 -0.000303818 0.00483079 0.00300785 0.00178522 -0.00334827 0.00431698 -0.0055212 0.018011 -0.00203435 -1.13027e-05 0.0118761 -0.00364713 -0.00994807 -0.000826465 -0.0024896
internal_weight=1130.6 823.021 446.283 43.8748 39.3908 4.48407 402.408 146.755 255.654 307.58 155.875 153.57 151.705 150.974 72.6636 67.1883 79.0417 17.4577 61.5839 5.47529 376.738 167.114 10.7242 209.624 32.5332 156.39 177.091
internal_count=40441 31566 14862 1187 1106 81 13675 3994 9681 8875 4221 4183 4654 4153 1827 1758 2827 409 2418 69 16704 6810 314 9894 1266 6496 8628
is_linear=0
shrinkage=0.03


Tree=115
num_leaves=28
num_cat=0
split_feature=5 22 17 3 14 25 22 19 24 12 14 0 1 23 19 19 0 23 14 24 23 0 18 20 25 26 14
split_gain=1.34223 1.60364 3.67454 1.91958 1.64244 1.45709 2.60595 2.41281 1.83623 1.59449 1.6978 1.2773 1.20736 2.44543 1.55877 1.9103 1.46887 1.37912 2.56005 1.36461 1.34504 1.72789 1.28321 1.26432 1.0119 0.613653 0.239786
threshold=0.87314432989690738 0.050476737450185015 1.5474271415665239 0.10050505050505053 0.15759905381431108 5.4931447392206385 -0.0059890472179368317 88.500000000000014 11.894495719612333 0.91096060161540804 0.790953232813698 1.7799472545222128 -0.4668339530629127 0.24886603152393658 39.500000000000007 15.500000000000002 0.70376492828747661 -0.81218590431443827 0.96824596774193561 3.5462579041557025 -0.58635706949515509 1.5107708689989272 0.75277777777777788 0.26060695444452692 2.9988632315301174 0.54040359529127169 0.54398864809081537
decision_type=2 2 10 2 10 8 2 10 10 10 10 2 2 2 8 10 2 2 10 8 2 2 10 8 10 8 10
left_child=12 5 3 24 -5 9 7 -7 -8 10 -2 -11 13 14 15 -1 -16 18 19 -14 21 -19 -20 -22 -3 26 -15
right_child=1 2 -4 4 -6 6 8 -9 -10 11 -12 -13 17 25 16 -17 -18 20 22 -21 23 -23 -24 -25 -26 -27 -28
leaf_value=0.0027961870864492543 0.0056222808801536014 -0.044055351230950751 -0.055657950138117217 -0.014959038321571074 0.0091553967458301352 0.0072648278932767076 -0.0036496499878703099 -0.030258765474547346 0.01717670699224506 0.02217945188506305 -0.0012558839818595667 -0.0043789985741456601 -0.001513982566455446 0.023064407420983278 -0.012908058999566801 -0.049596221961674777 0.016691118931582039 -0.0062689071869459385 0.020619445347224045 0.0036922249879752871 0.004982207505280915 0.034118363535159145 0.0022958257390609397 -0.0011271954808119936 -0.0045444040748851963 0.0094533252018482988 0.037973436265584568
leaf_weight=1.3406528159975999 110.72727741394192 1.3954804437234991 1.3014504313468922 3.6457912428304544 8.3963645948097092 44.758961693383753 88.125497300177813 1.5972982635721553 3.9823437230661503 7.3639321085065585 45.60006425017491 2.0930131785571575 106.43771791062318 2.0396739728748794 2.3508093282580367 1.1755270939320324 4.2133581805974245 56.471272382186726 9.1435217405669373 78.899844555417076 32.460091525223106 0.96975727565586467 5.5139619708061209 501.32400624966249 1.0024230913259087 1.9248353624716399 1.8528350722044704
leaf_count=20 1943 28 16 63 133 736 1576 36 58 79 723 32 5332 21 44 25 46 2612 164 3238 1587 11 115 21617 23 27 19
internal_value=0.000315251 0.00195915 -0.00737765 -0.00302625 0.00185469 0.00244223 0.000170515 0.00597188 -0.00274921 0.00433958 0.00361595 0.0163015 -0.000337299 0.00812386 -0.00160475 -0.0216809 0.00609084 -0.000496612 0.00165686 0.000702346 -0.00122507 -0.00558706 0.0137263 -0.000755675 -0.0275381 0.0233093 0.0301611
internal_weight=1126.11 319.99 15.7415 14.4401 12.0422 304.248 138.464 46.3563 92.1078 165.784 156.327 9.45695 806.118 14.8977 9.08035 2.51618 6.56417 791.22 199.995 185.338 591.225 57.441 14.6575 533.784 2.3979 5.81734 3.89251
internal_count=40324 5446 263 247 196 5183 2406 772 1634 2777 2666 111 34878 202 135 45 90 34676 8849 8570 25827 2623 279 23204 51 67 40
is_linear=0
shrinkage=0.03


Tree=116
num_leaves=32
num_cat=0
split_feature=12 7 20 22 20 17 11 26 4 1 17 14 7 15 0 4 1 5 0 7 20 9 12 20 12 0 20 20 0 1 21
split_gain=1.23748 2.10206 1.71063 3.00752 1.99703 1.61093 2.87443 2.49333 1.79009 1.54414 1.82178 2.29218 3.15669 3.00505 1.80809 1.67801 1.52246 1.46692 2.77048 1.80316 1.43266 2.16875 1.77269 1.4027 1.19385 1.16946 1.15893 0.934659 0.811414 0.755543 0.415754
threshold=0.24118916790713554 0.86298969072164955 0.37023138586751064 0.040497042482087235 0.40933591067297331 -1.1028956883802741 0.75528110364244061 0.37778655748121126 0.74113402061855682 0.078649448239313094 -0.92493930904560473 0.32087118565105993 0.99500000000000011 0.033899387129724214 0.40069097509126622 0.83589312013465189 0.18375474018431634 0.64142857142857157 0.81225654813918402 0.98484536082474239 0.58867372248542682 0.74113402061855682 0.14788587192329847 0.51923170139372921 0.44083054486351586 0.49217196511472788 0.54322052128934073 0.26541899850132039 2.3955385060085574 0.14106900255027341 0.40919851037089433
decision_type=10 10 8 2 8 8 8 10 2 2 8 10 10 8 2 2 2 2 2 10 10 10 10 8 10 2 8 10 2 2 2
left_child=9 5 24 4 -4 6 8 16 -2 17 14 13 -13 -12 15 -11 -7 18 19 -1 22 -22 -19 -9 27 -5 -20 -3 -8 -26 -16
right_child=1 2 3 25 -6 7 28 23 -10 10 11 12 -14 -15 30 -17 -18 20 26 -21 21 -23 -24 -25 29 -27 -28 -29 -30 -31 -32
leaf_value=-0.0020391169337342419 -0.0064684894863933128 -0.024482476086575819 -0.014802942375118325 -0.006566644813885603 0.0081253800856557618 0.0010611302176620919 -0.020911124473933507 0.00164156351377171 0.0060317380326055095 0.00022593953072324154 -0.033941429224328794 0.004264636056661106 -0.034987420931641887 -0.0023490800626395176 0.0438940102208654 0.023048193467796067 -0.007877161898850564 0.00028353367494426653 -0.044385037826224882 -0.020724165494058849 0.012478342188151555 -0.0040972045960912477 -0.0080915996664320741 0.012060898566853977 0.030933950504389032 -0.046423270309798294 -0.010553045678484304 0.012063534558453697 -0.05204613108392038 0.010685648193222786 0.021998910473170884
leaf_weight=337.85241074394435 30.775999363046139 0.85456161387264584 3.729634695686399 1.3132846737280481 41.030962463002652 97.64116823556833 2.677122580818831 20.255922853015363 15.505020810291169 10.404821697156878 2.8542358670383683 102.49721573153511 1.8777305297553528 53.531406657304615 1.3913489151746028 4.0196258295327416 20.804901333525777 274.60457220417447 1.9454103363677853 4.7130722356960169 19.388087961822752 11.212884988170115 24.799402846721932 27.302475614007562 5.0076261013746262 1.3371723890304563 1.7142547359690068 2.3948245733045042 1.048329394310713 2.4798734039068222 1.7778773000463841
leaf_count=17957 1213 20 76 25 724 3655 62 711 562 367 42 2490 28 1323 14 92 443 7889 52 98 519 218 827 682 73 30 40 54 18 30 31
internal_value=8.10615e-06 0.00176186 0.00682493 0.00437625 0.0062149 0.000398938 -0.00432134 0.00182086 -0.00228068 -0.000554516 0.00192857 0.000925538 0.00355848 -0.00394828 0.0110937 0.00658576 -0.000508869 -0.00120943 -0.00257356 -0.00229619 0.000221762 0.00640469 -0.000410172 0.00762313 0.0176376 -0.0266746 -0.0285375 0.00245224 -0.0296724 0.0242277 0.0316113
internal_weight=1128.74 274.159 58.1479 47.4111 44.7606 216.011 50.0065 166.004 46.281 854.584 178.354 160.761 104.375 56.3856 17.5937 14.4244 118.446 676.23 346.225 342.565 330.005 30.601 299.404 47.5584 10.7369 2.65046 3.65967 3.24939 3.72545 7.4875 3.16923
internal_count=40365 8378 1032 855 800 7346 1855 5491 1775 31987 4387 3883 2518 1365 504 459 4098 27600 18147 18055 9453 737 8716 1393 177 55 92 74 80 103 45
is_linear=0
shrinkage=0.03


Tree=117
num_leaves=28
num_cat=0
split_feature=18 1 16 25 10 16 21 20 22 22 19 20 1 1 11 10 13 6 25 18 18 10 10 12 22 6 6
split_gain=1.24046 2.4501 1.75555 1.84874 1.75028 1.74624 1.6948 2.66637 1.94474 1.28678 1.20807 1.20805 2.16628 1.43948 1.47795 1.41115 1.39738 1.3445 1.47636 1.29236 1.23648 1.11767 1.08475 1.08156 1.04727 0.783179 0.571224
threshold=0.15470085470085473 0.16167830788838164 0.35682243276178172 2.6579453699693905 0.010050505050505053 0.65469731346390525 0.22618720948568535 0.49706145330196755 -0.0094602803321006731 -0.005424907994135965 39.500000000000007 0.5157093854980771 0.0050204224215672751 0.18375474018431634 inf 0.06592783505154641 0.53221562643350573 0.23116161616161621 5.8882058473977974 0.47559523809523813 0.38673020527859242 0.80512308015989908 0.010050505050505053 0.35015200888619452 0.0062387791768188467 0.06030303030303031 0.64142857142857157
decision_type=8 2 10 8 2 10 2 10 2 2 8 10 2 2 8 2 10 2 8 8 8 2 2 10 2 2 2
left_child=1 4 9 5 -1 -4 7 -6 -8 26 -11 13 16 22 20 -16 19 21 -19 -13 -15 -14 -2 -24 -5 -18 -3
right_child=11 2 3 24 6 -7 8 -9 -10 10 -12 12 17 14 15 -17 25 18 -20 -21 -22 -23 23 -25 -26 -27 -28
leaf_value=-0.029424239335539972 0.017201275021192765 -0.0061312131357297069 -0.02772910154256741 0.010042097500322889 0.023851982780436261 0.013908730686168214 0.0057771881091148725 -0.006706812868415693 -0.0018147869063674296 -0.042537308500118817 -0.0046289436075213544 -0.0081228766557474852 0.013822943435494799 0.0017471588524865984 -0.053411004144243664 -0.0091749625749033125 -0.045225955169569197 0.0061210887522794334 -0.0044618742526221231 0.0012514990764056495 -0.0068706292272273381 0.0023959299173552566 -0.0012415139621069886 0.0022201782142234811 0.023654812053873368 -0.012196629678392929 0.026392706383341968
leaf_weight=1.7271072696894396 3.0406788047403088 0.7833600435405973 1.753373066894713 9.8985931156203169 6.8254068582318705 1.8768427195027468 40.912729821633548 4.1214738059788942 117.80310754827224 1.0619446905329848 2.6312943003140394 16.882755703991279 21.673527795355767 21.488156043924391 1.0811749622225755 1.6237854873761532 0.77591982297599216 30.466405740007758 19.429728874471039 61.265919423196465 49.506849628873169 11.95160491298884 580.92429153597914 94.435121471527964 10.462649049237369 3.8619010178372264 1.2803652696311472
leaf_count=28 33 20 38 178 108 27 1224 82 4026 24 71 533 370 327 14 68 16 1111 763 2148 1018 244 24271 3047 153 159 25
internal_value=-0.000130598 0.00200324 0.00995067 0.0135206 0.000623793 -0.0062021 0.000929671 0.0123467 0.000142223 -0.00492673 -0.015529 -0.000597924 0.00171589 -0.00110957 -0.00509152 -0.0268561 -0.00172318 0.0051247 0.00200005 -0.000773683 -0.00426227 0.00976136 -0.000676974 -0.000757468 0.017037 -0.0177225 0.0140471
internal_weight=1119.55 201.138 29.7484 23.9915 171.39 3.63022 169.663 10.9469 158.716 5.75696 3.69324 918.408 166.308 752.1 73.7 2.70496 82.7865 83.5213 49.8961 78.1487 70.995 33.6251 678.4 675.359 20.3612 4.63782 2.06373
internal_count=40126 6004 536 396 5468 65 5440 190 5250 140 95 34122 5344 28778 1427 82 2856 2488 1874 2681 1345 614 27351 27318 331 175 45
is_linear=0
shrinkage=0.03


Tree=118
num_leaves=23
num_cat=0
split_feature=4 13 19 19 15 2 24 3 10 8 9 21 10 24 6 9 15 24 8 13 21 4
split_gain=1.68506 1.82437 2.06846 3.72055 2.31873 3.50895 1.73546 1.60782 2.08334 1.9432 1.78344 1.5665 3.20615 2.24948 1.79795 1.41258 1.29892 1.80142 1.28147 1.2618 1.11726 0.916032
threshold=0.98994949494949502 1.7467206752746318 58.500000000000007 70.500000000000014 0.13559754851889685 -0.064647220783846687 0.81933555665594504 0.96922996002524731 0.49489742788711871 0.45180412371134027 0.090454545454545468 0.29186229759462812 0.010050505050505053 2.9193787665282369 0.015154639175257735 0.22111111111111112 0.067798774259448427 5.7199048013007561 0.06030303030303031 -0.073629890958232455 0.53684068171171007 0.99500000000000011
decision_type=2 10 10 10 10 2 8 2 2 2 10 2 2 10 2 8 8 8 2 8 2 2
left_child=7 2 4 -4 21 -6 -5 11 9 10 -9 12 -1 -14 19 -11 20 -18 -16 -13 -10 -2
right_child=1 -3 3 6 5 -7 -8 8 16 15 -12 14 13 -15 18 -17 17 -19 -20 -21 -22 -23
leaf_value=-0.029831180861490031 0.033671396794792106 0.03678149900668122 -0.042900906671883898 -0.022208399335281678 -0.028388660058616389 0.010438311705374652 0.017438472173013777 -0.017148107222193634 -0.0034891135813393177 -0.001320419569469068 0.0053869992121437921 -0.012238771926459384 -0.00019129299567971364 0.0093092084832473426 -0.005377751964199204 0.016365986132438039 -0.010637701774008202 0.010395519212297782 -0.00095212363624379314 0.010826894620257056 0.020254595134389954 0.014048331743341295
leaf_weight=2.6028861589729777 3.0677717197686523 1.7317350041121233 2.0679422840476027 1.4274272508919237 2.8732214835472458 7.732736675068729 3.269965392537415 4.0631651021540192 3.4810190564021495 4.9963269457221058 14.230043483898042 2.4396040346473455 51.635484504979104 39.656736009055749 63.332613724283874 21.785320372320712 16.925920109264553 4.6775476029142764 838.3921442150604 17.069052090868357 3.6578098321333528 7.0872253021225333
leaf_count=35 32 16 39 35 70 185 48 96 37 101 275 37 2020 907 1623 321 345 89 33506 242 58 111
internal_value=-0.000190034 0.00691472 0.00503575 -0.00937046 0.00973027 -8.01618e-05 0.00539072 -0.000380926 0.00389391 0.00791844 0.000381652 -0.000691779 0.0029996 0.00393566 -0.00106802 0.0130664 -0.00241754 -0.00608362 -0.00126296 0.00794248 0.00867674 0.0199764
internal_weight=1118.2 29.258 27.5263 6.76533 20.761 10.606 4.69739 1088.95 73.8172 45.0749 18.2932 1015.13 93.8951 91.2922 921.233 26.7816 28.7423 21.6035 901.725 19.5087 7.13883 10.155
internal_count=40228 536 520 122 398 255 83 39692 1322 793 371 38370 2962 2927 35408 422 529 434 35129 279 95 143
is_linear=0
shrinkage=0.03


Tree=119
num_leaves=23
num_cat=0
split_feature=8 15 9 9 18 0 23 23 3 13 9 0 20 2 22 9 8 20 10 20 18 2
split_gain=2.1287 2.21835 2.47309 2.48093 2.87823 1.77922 1.95969 2.9311 2.14256 1.88659 1.77145 1.33478 1.81443 1.39745 2.76679 1.60638 1.2582 1.20943 1.20836 1.1729 0.915447 0.666965
threshold=0.96453608247422695 0.067798774259448427 0.98484536082474239 0.47448713943559312 0.82097069597069605 0.64590959919344781 -1.1985978811818634 -1.4484419768964945 0.59091836734693881 -0.74323476355172768 0.010050505050505053 -0.63435480669041366 0.60922005292264136 0.018317791402882321 0.099526812123520256 0.090454545454545468 0.98994949494949502 0.53955047181845106 0.25886597938144335 0.45399396621778371 0.29217479674796754 0.069590555963350453
decision_type=2 8 10 8 8 2 2 2 2 8 8 2 8 2 2 8 2 10 2 10 10 2
left_child=10 2 3 18 -5 9 7 -7 -8 -3 17 12 19 14 -13 -15 -11 20 -2 -12 21 -1
right_child=1 5 -4 4 -6 6 8 -9 -10 16 11 13 -14 15 -16 -17 -18 -19 -20 -21 -22 -23
leaf_value=-0.0059376729405641281 -0.0081695434680723687 0.027302936057000637 -0.033157840713778822 0.011021298888192565 -0.025440557471678601 -0.0024009675546202039 -0.0086675519449844265 -0.050199583774900615 0.0075382139243891418 0.01002957190005084 0.00026266957480821881 -0.0016125279471145575 -0.014359436556019241 -0.0061881035335432004 -0.032368288270997241 0.001099520300481757 0.0005004187739607196 -0.0082498484308985674 -0.04166935586654813 0.019771977590263612 0.038562441161921784 0.028695378051844665
leaf_weight=1.0758941182866686 2.2784555442631311 4.4642407633364201 2.5586962997913352 11.052132368087765 2.3654803130775699 4.1355124898254871 10.111688447184859 1.6018715370446432 26.809536173008382 40.104848744813353 4.2276227138936493 584.11101031163707 2.6379468031227598 29.411605348344892 2.6444000303745261 365.6296674630139 18.098030335269868 1.3390644825994966 1.6862779445946214 8.0630403589457256 2.0782426213845611 0.93569311872124661
leaf_count=30 27 33 28 104 34 46 138 27 293 623 58 23484 29 1028 96 13833 279 31 23 77 25 14
internal_value=-0.000133107 0.00355399 -0.00562113 -0.0015677 0.0045932 0.00529109 0.000565183 -0.0157463 0.00309991 0.0085081 -0.000593985 -0.000687072 0.00821599 -0.000822446 -0.00175114 0.000556942 0.00706651 0.0164963 -0.0224177 0.0130614 0.0245985 0.0101719
internal_weight=1127.42 125.267 19.941 17.3823 13.4176 105.326 42.6586 5.73738 36.9212 62.6671 1002.15 996.725 14.9286 981.797 586.755 395.041 58.2029 5.42889 3.96473 12.2907 4.08983 2.01159
internal_count=40360 1655 216 188 138 1439 504 73 431 935 38705 38605 164 38441 23580 14861 902 100 50 135 69 44
is_linear=0
shrinkage=0.03


Tree=120
num_leaves=23
num_cat=0
split_feature=11 24 26 16 17 12 19 24 15 20 7 22 11 1 16 25 11 25 9 9 8 7
split_gain=1.64039 3.73808 2.96356 1.81309 3.30177 1.93725 1.39666 2.02275 1.74103 1.53382 1.4213 2.80787 2.47216 1.39823 1.13895 1.63791 1.60639 1.12961 1.12615 1.81213 0.942504 0.268908
threshold=-0.53988427421780638 3.1550328377142973 1.2534214739089309 0.98978577985189498 1.3384114601941641 -0.93894387751149588 17.500000000000004 10.692216455556443 0.3161269001982816 0.33165430007031543 0.98984745413316855 0.037779630002959384 -0.025468800571415425 0.22432432497764662 0.6257421713296778 1.3466803783674728 -0.12656984140688718 5.0360776248460368 0.7817525773195878 0.49242268041237119 0.23116161616161621 0.9384599200504945
decision_type=8 8 10 8 8 8 8 10 8 8 10 2 8 2 8 8 8 10 10 10 2 8
left_child=1 2 3 4 -1 -5 7 8 9 -2 14 12 -12 -10 16 -16 -8 -4 19 20 -3 -20
right_child=6 18 17 5 -6 -7 10 -9 13 -11 11 -13 -14 -15 15 -17 -18 -19 21 -21 -22 -23
leaf_value=-0.0016057778134280635 -0.0055839765557938641 0.0087483137981320975 -0.053571816429844918 -0.036677889903341566 0.031778803739295577 -8.5689788366372102e-05 0.0090470377764610491 -0.033794713292026893 0.00080239752759895849 0.0080475584855660004 -0.0048300257231350622 -0.027674405094011145 0.016332491537187795 -0.018120604147280325 -0.019779773025787029 -0.0011810325581632477 0.00034706530565529336 -0.011369322843760367 0.025081283878476631 -0.015169227966168356 0.038394186283187443 0.039113253287476876
leaf_weight=6.6024099988862917 8.4477482298389059 1.973699396476148 1.1405628286302083 1.5432962570339439 4.4722303496673712 8.3324423497542721 20.950786960311234 1.3609797451645125 76.963156125042588 61.59933296404779 7.3014064617455006 1.979710149578749 15.545571082271641 3.6824702629819503 4.288501995149999 677.2449884172529 216.35155416373163 1.1426945012062786 2.4610206037759781 1.5481861205771563 1.8887881338596342 2.4556306079030037
leaf_count=92 230 24 23 29 49 108 496 32 3444 1091 111 36 189 86 170 26736 7317 17 24 26 17 21
internal_value=0.000146613 0.00667982 4.63063e-06 0.00354176 0.0118758 -0.00580401 -5.34937e-05 0.00261477 0.0029436 0.00640358 -0.000483434 0.00659954 0.0095694 -6.16715e-05 -0.000674814 -0.00129806 0.00111516 -0.0324509 0.0216971 0.0122536 0.0232454 0.0320896
internal_weight=1129.28 33.561 23.2336 20.9504 11.0746 9.87574 1095.72 152.054 150.693 70.0471 943.663 24.8267 22.847 80.6456 918.836 681.533 237.302 2.28326 10.3273 5.41067 3.86249 4.91665
internal_count=40368 430 318 278 141 137 39938 4883 4851 1321 35055 336 300 3530 34719 26906 7813 40 112 67 41 45
is_linear=0
shrinkage=0.03


Tree=121
num_leaves=28
num_cat=0
split_feature=5 14 25 5 12 20 16 21 2 9 5 25 14 0 8 11 26 17 16 14 21 17 14 2 17 1 20
split_gain=1.11808 1.98152 2.10727 1.94293 2.81332 1.81572 1.40537 2.74242 2.30328 2.25366 1.70782 3.2732 2.00845 1.3587 2.09376 2.21533 1.75447 2.48754 1.43773 1.14613 1.94029 2.46062 1.66407 1.78957 1.42431 1.13093 0.750277
threshold=0.9076898800757417 0.83239700374531844 1.7650531907031504 0.92964646464646472 -0.21305646646192275 0.38870814952578242 0.58874325319878429 0.39092098544713588 -0.085150190233420464 0.21824742268041239 0.96984848484848496 5.3609709254912108 0.80109890109890125 -0.41490318891724931 0.26902061855670106 -0.031693503042843567 0.82396026306191306 1.0157636044983269 0.99995404314270064 0.011834733893557424 0.39687683064154294 0.24111481560330364 0.015504807692307694 0.11434021720353145 -0.48100470906493237 -0.4668339530629127 0.531439073045057
decision_type=2 10 8 2 8 8 10 2 2 10 2 10 8 2 2 10 8 8 10 8 2 8 8 2 10 2 8
left_child=13 6 -3 4 -4 -5 10 8 -8 -9 11 -2 -12 14 15 18 17 -16 -1 20 24 -22 23 -21 -15 -24 -18
right_child=1 2 3 5 -6 -7 7 9 -10 -11 12 -13 -14 19 16 -17 26 -19 -20 22 21 -23 25 -25 -26 -27 -28
leaf_value=-0.009334610602577802 0.014884807567179812 -0.036095867435731552 -0.015504153836596535 -0.021488144567531269 0.022801664287697879 -0.0027384687922687354 -0.034046642614592212 0.010327056308431769 -0.0050732379452938688 0.00010597740254298635 0.0039875379754329551 -0.0013080103909114853 -0.015725131763404818 -0.012249288923154501 -0.011976891876877373 0.024494877749400467 0.013756560578834979 0.021195014709161637 0.010298579710932133 0.0045468076849089819 -0.020997071825219222 0.023366319071322153 0.0076694426813243323 0.035671843296408795 -0.052115176112028483 -0.00093857901552944518 0.038783864213840225
leaf_weight=13.362968354485931 33.505308680702001 1.7863402273505915 2.5417254734784365 5.6755936108529594 5.373891149647533 25.684267944656312 2.8931351536884931 26.901265044696629 16.859993618912995 69.766024979762733 28.225925657898188 16.902685572393239 5.5695851957425466 1.8316581947728994 3.6377738844603291 2.7563767693936851 1.7004511896520842 4.6165568698197594 4.4830973884090772 6.762030447367577 2.3170139649882913 2.1875839848071337 13.97089565079659 2.2045609652996063 1.4412118000909675 818.03922444838099 2.9452647734433413
leaf_count=230 511 35 42 101 83 400 51 431 265 1146 395 295 87 40 72 37 23 57 73 229 67 38 180 29 27 35441 33
internal_value=-3.23759e-05 0.00177546 -0.00422891 -0.00277953 0.0105016 -0.00613184 0.00300437 0.00086899 -0.00931682 0.00295037 0.00595677 0.00945507 0.00073884 -0.000527614 0.00539806 -0.000536415 0.0148759 0.00657579 -0.00440257 -0.000761515 -0.0122251 0.00054728 -0.000655499 0.0121993 -0.0298043 -0.000794035 0.0296232
internal_weight=1123.94 241.686 41.0618 39.2755 7.91562 31.3599 200.624 116.42 19.7531 96.6673 84.2035 50.408 33.7955 882.257 33.5025 20.6024 12.9 8.25433 17.8461 848.754 7.77747 4.5046 840.977 8.96659 3.27287 832.01 4.64572
internal_count=40418 3842 661 626 125 501 3181 1893 316 1577 1288 806 482 36576 525 340 185 129 303 36051 172 105 35879 258 67 35621 56
is_linear=0
shrinkage=0.03


Tree=122
num_leaves=27
num_cat=0
split_feature=13 21 18 24 14 11 4 14 7 2 26 17 2 13 9 19 1 4 18 11 1 5 2 9 11 2
split_gain=1.88846 1.87434 2.16727 2.24488 1.87469 2.1866 1.52176 1.36294 1.32548 1.85701 1.79258 1.71941 1.66956 1.65216 1.12194 1.02933 1.58965 1.5711 1.4827 1.27053 1.51942 0.93233 2.17653 1.26605 0.928879 0.378012
threshold=-0.70771617665468123 0.45331117351118227 0.90550595238095244 2.9193787665282369 0.96824596774193561 -0.48033177129553722 0.72306964022722509 0.046693313953488379 0.88329896907216499 0.04652918332807638 -1.8253864856977497 1.3893251465059635 -0.18005717475922056 1.1834026002617895 0.74113402061855682 11.500000000000002 -0.10113674923236105 0.70051546391752584 0.35805860805860812 1.2068651604100877 -0.18760643146053682 0.93407216494845369 -0.034738343633415304 0.32161616161616169 -0.62408183717811194 -0.07995200022300912
decision_type=8 2 8 10 8 8 2 10 10 2 8 10 2 10 8 8 2 2 10 10 2 2 2 10 8 2
left_child=1 2 21 6 5 -3 -4 -7 15 12 -11 -12 -10 -14 -6 16 18 -18 -2 24 -21 23 -23 -1 -17 -5
right_child=8 4 3 25 14 7 -8 -9 9 10 11 -13 13 -15 -16 19 17 -19 -20 20 -22 22 -24 -25 -26 -27
leaf_value=0.0071707450399990588 0.0017877600868469903 0.021216397988707409 -8.2734333782978698e-05 0.032705154139130312 0.030239373625660291 0.017832762330919374 -0.051281817591788438 -0.0068026096938315316 0.027509561493253509 0.036395820948045207 0.0037013510171974343 0.022405255069565838 -0.0015094096091084516 0.01333539701018191 0.0024988199811973467 0.0069502062338424736 0.0032144491340493683 -0.0060200203288014141 0.020885391378810517 -0.044166715486588688 -0.0069031271816582312 0.015178982247737137 -0.024350869384601265 0.020334876546757533 -0.0014335813442988943 0.0025336004457318013
leaf_weight=12.303832279983913 7.5653256461955589 3.1293531358242035 0.8487165318801998 0.66704742517322302 2.6606036489829412 2.1723578078672316 1.3592033106833694 29.038534980732948 1.9287695363163937 1.7591565777547655 44.173269964754581 4.9156634276732794 113.20411207340658 7.1752138156443825 2.5889338874258101 12.0823836796917 51.289321457967162 24.503160980064422 7.0854883687570691 1.3019205816090105 4.0432080277241758 3.3742262627929449 1.9946387317031611 14.122171242255716 762.06716274190694 0.84989229496568419
leaf_count=280 242 35 23 20 34 40 34 922 19 28 774 82 2360 101 38 168 1955 870 149 22 82 33 27 211 31699 22
internal_value=-0.000243926 0.00435048 0.00935376 -0.0122967 -0.00013844 -0.00269087 -0.0316011 -0.00508792 -0.000574753 0.00182226 0.00664063 0.00557432 -0.000180916 -0.000624584 0.0165585 -0.00105186 0.00197765 0.000229012 0.0110238 -0.00140337 -0.0159795 0.0118902 0.000492866 0.0142057 -0.00130273 0.015801
internal_weight=1118.2 75.1095 35.5197 3.72486 39.5898 34.3402 2.20792 31.2109 1043.09 173.156 50.8481 49.0889 122.308 120.379 5.24954 869.938 90.4433 75.7925 14.6508 779.495 5.34513 31.7949 5.36886 26.426 774.15 1.51694
internal_count=40270 1719 650 99 1069 997 57 962 38551 3364 884 856 2480 2461 72 35187 3216 2825 391 31971 104 551 60 491 31867 42
is_linear=0
shrinkage=0.03


Tree=123
num_leaves=21
num_cat=0
split_feature=4 26 15 19 23 14 19 8 11 8 15 8 14 23 24 9 23 13 21 3
split_gain=1.84418 1.56185 1.44467 1.33927 1.52623 2.49862 1.48726 1.30857 1.09704 1.07212 4.71219 5.13639 1.83495 1.53788 1.40688 0.984704 2.16316 1.69142 0.922033 0.892051
threshold=0.020101010101010106 1.8225476612695302 0.46247993579454261 102.50000000000001 -1.1673132164682216 0.91715686274509811 100.50000000000001 0.015154639175257735 0.49202198198647734 0.94871660004207881 0.54598308668076123 0.98974332000841592 0.023952954675846246 -0.21382141942049748 -2.8703980680802412 0.10050505050505053 -0.63143214506006051 -0.32591233914595413 0.60695996251397077 0.015154639175257735
decision_type=2 10 8 10 2 10 10 2 10 2 8 2 8 2 10 10 2 8 2 2
left_child=1 7 3 4 5 -2 -6 -1 19 12 11 -11 14 -12 -4 17 -17 -9 -14 -5
right_child=2 -3 9 8 6 -7 -8 15 -10 10 13 -13 18 -15 -16 16 -18 -19 -20 -21
leaf_value=0.025147954916909014 0.0015183924035954129 -0.024754516096123533 -0.0013019082302435233 -0.017615943287874376 -0.0002041491636239646 0.014041578076103707 -0.024210981481221399 0.021842793207908589 -0.022945017498153954 -0.0075735305418576414 -0.0013670061893157463 -0.074289397338013444 -0.00069021108008618577 0.0085024210184583681 -0.026179095693691656 -0.0083284362227606795 0.019176892367553267 -0.0031224061845802854 -0.0035268908876167054 0.014256901569530703
leaf_weight=3.5067812241613856 77.242676910944283 1.3809845848008979 3.4666799870319664 0.84683204442262372 478.87564555299468 17.607311310712248 2.3338442579843095 2.9398208297789097 0.85679991357028562 4.0451754927635184 24.006317962892354 1.3973519951105116 247.37853596662171 34.819585131946951 4.9923113952390832 3.4902920098975292 9.7951976340264064 14.436206592246895 176.8508935617283 11.837789994664488
leaf_count=30 2233 26 122 13 13143 303 77 46 28 80 502 16 11663 576 169 54 122 264 10345 336
internal_value=-0.000200102 0.00652372 -0.000420088 0.000584201 0.000364984 0.00384311 -0.000320581 0.0077879 0.00990983 -0.0016116 0.00200393 -0.0247026 -0.00214862 0.0044748 -0.0159839 0.00580242 0.0119508 0.00110141 -0.00187275 0.0121291
internal_weight=1122.11 35.5493 1086.56 589.601 576.059 94.85 481.209 34.1683 13.5414 496.957 64.2684 5.44253 432.688 58.8259 8.45899 30.6615 13.2855 17.376 424.229 12.6846
internal_count=40148 542 39606 16133 15756 2536 13220 516 377 23473 1174 96 22299 1078 291 486 176 310 22008 349
is_linear=0
shrinkage=0.03


Tree=124
num_leaves=28
num_cat=0
split_feature=15 25 25 21 14 11 22 7 15 25 20 22 6 20 3 20 7 7 0 22 15 4 6 20 3 0 9
split_gain=1.79937 2.13102 3.64509 1.88035 1.7352 1.55475 2.58197 1.40859 1.35425 1.40194 1.20579 1.20307 2.15512 1.17877 2.68432 2.05616 1.65196 2.59207 2.16404 1.06637 1.33091 1.29461 0.980372 0.942309 0.774361 0.746677 0.6505
threshold=0.10404971932638334 5.3022015458995524 5.244980555787401 0.72340286648151297 0.32515060240963861 0.030301013487544996 0.064141060596837871 0.85640648011782039 0.76437541308658308 2.2051388565210934 0.18736427542700693 -0.073331322984696176 0.27136363636363642 0.60922005292264136 0.36223055295220247 0.6869138401684497 0.30151515151515157 0.41325627408101639 0.70376492828747661 0.099526812123520256 0.17341619887730556 0.20101010101010106 0.7817525773195878 0.30959131963334791 0.95438144329896912 -0.22897359489476929 0.45180412371134027
decision_type=8 10 10 2 10 10 2 10 10 8 8 2 2 10 2 10 8 8 2 2 10 2 2 10 2 2 10
left_child=1 2 3 4 -1 11 8 -5 9 -7 -10 12 23 16 15 -15 18 -18 -3 21 -21 -13 26 -2 -14 -24 -8
right_child=5 13 -4 7 -6 6 22 -9 10 -11 -12 19 24 14 -16 -17 17 -19 -20 20 -22 -23 25 -25 -26 -27 -28
leaf_value=-0.005547642363284421 0.038207688696725917 0.020137648877542869 -0.038550582924955092 0.021137704511173382 0.0019321035005212114 -0.0075040676179715347 0.041679605378642889 -0.011612100152660473 0.028128638561125373 0.001727635626843459 -0.0026654850859505279 0.0010597382809965376 -0.011387285795152116 -0.023620005026744908 0.02435894629429133 0.0086981250053578384 -0.028592739679815724 0.0064020204113517283 -0.019246458081061207 0.0076205799376323031 -0.037627196116256423 -0.002994422133077778 0.020214587815115662 0.010784566564969201 0.014087256699368741 -0.028106924628618208 0.016565997869042275
leaf_weight=38.106352431699634 2.1155579779297096 13.394808795303105 2.1580974068492642 6.3582788817584506 104.35950157092884 15.537227718159555 1.9502960937097662 1.4518758421763776 1.1551218237727869 314.16627221228555 123.34754051803611 90.48194061871618 3.9422436929307878 4.9486289937049133 2.3869116231799126 2.7598932273685932 1.9730859934352327 55.162931125145406 1.3855215460062016 0.90725552290677969 1.6474197693169115 327.37052028183825 0.62995341140776873 2.415138007607311 1.4760091453790662 0.52988934051245429 1.7713621710427103
leaf_count=677 35 171 32 102 1691 674 37 31 46 12052 5107 3308 230 74 23 36 45 742 25 26 87 14873 15 58 20 29 52
internal_value=-7.89109e-05 0.00225916 0.000161231 0.000717167 -6.85572e-05 -0.000695196 0.000519195 0.0150496 0.000285957 0.00129259 -0.00237978 -0.00199066 0.0083203 0.00615855 -0.00344097 -0.0120491 0.00750611 0.00519354 0.0164457 -0.00223467 -0.0215581 -0.00211653 0.0222212 0.0235895 -0.00444766 -0.00186173 0.0297265
internal_weight=1123.89 234.446 152.434 150.276 142.466 889.444 459.088 7.81015 454.206 329.703 124.503 430.356 9.94895 82.0118 10.0954 7.70852 71.9163 57.136 14.7803 420.407 2.55468 417.852 4.8815 4.5307 5.41825 1.15984 3.72166
internal_count=40298 3649 2533 2501 2368 36649 18012 133 17879 12726 5153 18637 343 1116 133 110 983 787 196 18294 113 18181 133 93 250 44 89
is_linear=0
shrinkage=0.03


Tree=125
num_leaves=23
num_cat=0
split_feature=21 15 23 22 23 1 18 18 1 5 11 22 1 22 22 21 5 24 22 16 0 15
split_gain=1.71489 2.16021 2.09701 1.75614 1.86979 1.3829 1.69856 2.59332 2.76292 2.03432 1.94074 1.40678 1.32726 1.31973 0.995171 1.6482 1.6769 1.50898 1.13194 1.908 1.22245 0.527809
threshold=0.38501083171968392 0.011299795709908071 -2.5838395537804515 0.0056291879523440412 -2.125902984801662 -0.060206186943170807 0.76533166458072599 0.51250781738586626 -0.20487900950529331 0.72306964022722509 0.19512650113523836 0.0025011884748412177 -0.61812202602002808 -0.033687162564287158 -0.035702161687317054 0.46285676820304095 0.8256364401430677 -1.0822386683273253 -0.013278924165026495 0.84123912185958793 -0.31947005360830172 0.35673234811165849
decision_type=2 8 2 2 2 2 10 10 2 2 8 2 2 2 2 2 2 8 2 10 2 8
left_child=1 -1 21 13 -5 6 7 11 -9 12 -11 -2 -8 -4 15 17 -17 -7 19 -16 -20 -3
right_child=5 2 3 4 -6 14 9 8 -10 10 -12 -13 -14 -15 18 16 -18 -19 20 -21 -22 -23
leaf_value=0.033602228304511983 0.004172949117953695 -0.057671978790600292 0.014874540604379307 0.036080454371423591 0.0049059535229378564 0.018349627892162337 0.045320298970969217 0.021783289604478194 0.0034760341094390032 -0.0051203056518430504 -0.029163301786415352 -0.0018809467227109934 -0.00015972492955397644 -0.00034839120532999387 -0.0012230532837114027 -0.00014363112160494719 0.012705126838362083 -0.027480941977699375 0.0032294659928113413 -0.010241534621582985 -0.0016280173938644045 -0.018322055705793396
leaf_weight=1.9470754638314236 63.627318633487448 0.58997727464884397 5.3079501176252952 1.7686946028843511 82.456655697664246 0.85088384663686156 0.59515035897493263 11.948387240525337 19.573337851557881 8.1184785244986397 4.812830955721437 75.583586271386594 19.480614770203832 149.05923731043003 52.706463618203998 23.246747202705592 15.066551791969685 2.6927042561583217 51.529030066914856 35.222819138783962 490.27575994841754 0.639120338484645
leaf_count=19 2013 16 87 31 2023 21 4 158 549 191 109 2516 667 4914 2206 1015 270 79 809 1188 21320 25
internal_value=-0.000106183 0.00213037 0.00187486 0.0020762 0.0055606 -0.000723926 0.00144101 0.00264541 0.0104154 -0.00478886 -0.0140687 0.000886029 0.00118854 0.000175053 -0.0013807 0.00309863 0.00490909 -0.0164761 -0.00167843 -0.00483569 -0.00116604 -0.0372104
internal_weight=1117.1 241.769 239.822 238.593 84.2254 875.331 203.74 170.733 31.5217 33.0071 12.9313 139.211 20.0758 154.367 671.591 41.8569 38.3133 3.54359 629.734 87.9293 541.805 1.2291
internal_count=40230 7115 7096 7055 2054 33115 6207 5236 707 971 300 4529 671 5001 26908 1385 1285 100 25523 3394 22129 41
is_linear=0
shrinkage=0.03


Tree=126
num_leaves=26
num_cat=0
split_feature=2 3 5 9 20 21 5 7 9 1 21 26 5 10 9 10 26 0 0 8 21 19 1 8 24
split_gain=1.81938 1.54368 1.9822 1.94739 2.48167 1.41462 1.40328 1.56237 1.29315 1.76795 2.4144 1.55699 2.31521 1.6065 1.2759 1.17501 1.11141 1.52486 1.45126 1.86524 1.15872 1.10541 1.06641 1.06029 0.954108
threshold=0.1335161845900886 0.96922996002524731 0.94422680412371141 0.020101010101010106 0.54132150897966957 0.27144733377617924 0.88329896907216499 0.87314432989690738 0.70255628024405647 0.11090404803509339 0.72994313960029145 -0.27734282747493572 0.91959595959595974 0.29146464646464648 0.30963917525773205 0.72306964022722509 -1.5614593459660215 0.88602799460307913 -0.41490318891724931 0.06592783505154641 0.44277285065865418 36.500000000000007 -0.11772883861923984 0.70255628024405647 3.4335645666154329
decision_type=2 2 2 10 10 2 2 10 10 2 2 10 2 2 10 2 8 2 2 2 2 8 2 2 8
left_child=1 16 6 23 -5 24 14 -8 11 15 -11 13 -13 -7 -3 -10 17 22 19 -18 -19 -20 -1 -4 -2
right_child=5 2 3 4 -6 8 7 -9 9 10 -12 12 -14 -15 -16 -17 18 20 21 -21 -22 -23 -24 -25 -26
leaf_value=0.0053584039848504454 0.0053663702230420177 -0.0020282326635493279 -0.010048475816909258 -0.020743355903002737 0.0099613596821987258 0.021071893745074011 0.022216132932157691 -0.00047218150056360279 0.0097559974265394173 -0.034732141550819239 0.014106132956711493 0.008282976890125273 0.037355658275098319 -0.0027968901153365756 0.0084249910439354089 -0.020368067071983575 -0.0025378884300002952 -0.051103057117816271 0.0012667266083999718 0.0082388298438147295 -0.01198453657252202 -0.0011895633450385457 -0.0051414798626203094 0.019146353329585506 0.03693156514977116
leaf_weight=10.542262953706084 1.4587013334967185 17.910565247293562 1.6204441925510789 8.2431681342422944 3.3245184849947682 3.1086124908179071 9.0378931704908592 3.914850201457738 6.5795370379928482 2.9261486688628793 1.322894651442766 10.319348706863822 3.2390577830374232 13.821587736951185 25.429641377180815 1.4161855829879639 23.154754559509456 1.0204127682372921 220.13117145141587 38.46921001188457 2.0517760412767529 657.1561577282846 49.969831269234419 3.6221449673175812 2.1062527671456341
leaf_count=252 36 418 26 137 36 54 100 52 152 71 32 357 26 450 508 53 299 23 8320 528 61 26055 2255 40 26
internal_value=3.698e-05 -0.000213668 0.00399503 -0.00504491 -0.0119189 0.00586001 0.00669455 0.0153588 0.0043454 -0.00388946 -0.0195269 0.00765266 0.0152283 0.00158574 0.00410514 0.00442049 -0.000520572 -0.00435902 -0.000260627 0.00418956 -0.0249776 -0.000573225 -0.00331222 0.0101225 0.0240158
internal_weight=1121.9 1075.6 73.1032 16.8103 11.5677 46.2983 56.2929 12.9527 42.7334 12.2448 4.24904 30.4886 13.5584 16.9302 43.3402 7.99572 1002.5 63.5843 938.911 61.624 3.07219 877.287 60.5121 5.24259 3.56495
internal_count=40367 39110 1317 239 173 1257 1078 152 1195 308 103 887 383 504 926 205 37793 2591 35202 827 84 34375 2507 66 62
is_linear=0
shrinkage=0.03


Tree=127
num_leaves=25
num_cat=0
split_feature=0 12 7 22 6 24 14 17 11 22 5 12 9 9 17 13 22 18 11 25 24 25 12 16
split_gain=2.03391 1.56852 1.90981 1.68981 3.88159 3.06897 2.60943 3.56272 1.95211 1.23598 1.51122 1.84579 1.88482 1.25806 1.18859 1.18858 1.95696 1.72326 1.60263 1.27107 1.93205 1.54397 1.13829 0.959591
threshold=-0.37880104267278597 0.4245001821912528 0.9794866400168315 0.0062387791768188467 0.20101010101010106 -3.8096256015616059 0.1266714209306472 1.6889766279907195 -0.10115974235259272 -0.033687162564287158 0.71067010309278367 -0.20310442521925628 0.71281296023564078 0.045618556701030939 -0.071427203337876694 1.7467206752746318 -0.0071680681713290452 0.15075757575757578 0.42850983288628269 2.3303843794051624 3.0829295434373454 2.6881086344285401 0.027857292006279715 1.1167710453293622
decision_type=2 10 8 2 2 8 8 10 10 2 2 8 8 8 10 10 2 8 8 8 10 8 10 10
left_child=1 3 -3 4 14 -6 7 -5 -8 10 13 12 -12 -2 -1 19 18 -18 -17 20 -11 -21 -13 -15
right_child=9 2 -4 6 5 -7 8 -9 -10 15 11 22 -14 23 -16 16 17 -19 -20 21 -22 -23 -24 -25
leaf_value=0.029062316650154761 -0.04546863658537572 -0.041375464829407037 0.0057699982429981556 0.0025448251701290911 0.01523456549988062 -0.0091786168993080765 0.0093940886561731073 -0.049062553403236946 0.026617055028614351 -0.0065588406492998403 0.011035399018774417 0.018316165416634261 -0.018493930256149201 -0.0013596019217820955 0.0062938119363888821 -0.0046469053667538701 0.023778126713657304 0.0035574603603389173 -0.061408542322423987 0.0051444531443976876 0.0083035592100047968 -0.00055409000433720153 0.0052407164408389316 0.024753764590940613
leaf_weight=4.5186151647940278 0.56166614312678831 1.4616173552349203 1.6421208726242182 10.158120637759565 5.7319709174335003 24.200877340510491 30.591998827643689 1.3658024836331595 7.3448899518698481 58.073527986416593 3.7608814029954374 13.567811167798938 4.0299489102326334 26.750339724123481 3.7978742504492384 3.4189632232300964 6.2765603791922304 9.5868748500943184 0.51512799877673421 45.085845190566033 9.1063583553768677 840.76077457750216 10.731684410478918 1.3294359929859627
leaf_count=39 23 28 21 137 95 382 420 19 92 2077 80 310 83 1164 43 98 110 270 14 1335 247 32960 233 39
internal_value=0.000222793 0.0045273 -0.0164318 0.00526897 0.000533814 -0.00450363 0.00893079 -0.00357162 0.0127286 -0.000155425 0.00399669 0.00846751 -0.00423918 -0.0010125 0.0186647 -0.000414634 0.0068609 0.011558 -0.0120792 -0.000565771 -0.00454421 -0.000264058 0.0125415 -0.000123266
internal_weight=1124.37 90.8139 3.10374 87.7101 38.2493 29.9328 49.4608 11.5239 37.9369 1033.56 60.7318 32.0903 7.79083 28.6414 8.31649 972.824 19.7975 15.8634 3.93409 953.027 67.1799 885.847 24.2995 28.0798
internal_count=40319 1276 49 1227 559 477 668 156 512 39043 1932 706 163 1226 82 37111 492 380 112 36619 2324 34295 543 1203
is_linear=0
shrinkage=0.03


Tree=128
num_leaves=30
num_cat=0
split_feature=22 0 17 22 20 17 20 21 18 6 11 10 12 21 7 8 8 18 7 7 7 10 6 14 20 25 13 10 11
split_gain=1.52073 2.01616 2.24849 3.23902 2.52472 2.42118 2.02153 1.75491 1.94596 1.71707 3.05294 2.16794 2.03019 1.90072 1.66582 1.62259 1.57637 1.55372 1.50101 1.46172 1.31992 1.25847 2.2505 1.26919 1.04525 0.965159 0.999152 0.837381 0.451063
threshold=-0.033687162564287158 -0.37880104267278597 0.30165503550249606 -0.011669966171789716 0.54132150897966957 -1.5040980369731083 0.55142529002772556 0.27144733377617924 0.17573529411764707 0.85283505154639183 -0.082837682588248626 0.15075757575757578 -0.23713424181392981 0.50421732549869824 0.7309793814432991 0.035463917525773207 0.98994949494949502 0.62033462033462039 0.8325257731958764 0.48469228366135592 0.98484536082474239 0.18090909090909094 0.15731958762886603 0.050316455696202543 0.20055444129689745 3.0226693939880236 -0.14720361406877711 0.040202020202020211 0.32883917272078739
decision_type=2 2 10 2 10 10 8 2 8 2 8 2 8 2 8 2 2 10 10 8 10 2 2 8 8 8 10 2 8
left_child=9 2 4 14 5 -2 -6 8 19 11 13 12 17 -11 -4 -15 -10 -1 -5 -3 24 22 -9 -23 -13 28 -27 -14 -12
right_child=1 7 3 18 6 -7 -8 21 16 10 25 20 27 15 -16 -17 -18 -19 -20 -21 -22 23 -24 -25 -26 26 -28 -29 -30
leaf_value=0.011485042607310281 0.0026225541105976808 0.019148635145548668 0.013891273878042457 0.019200870304606786 0.038285098148516078 -0.013867126583590218 0.0059773707254527596 -0.0087660654213854231 0.0019234223041386315 -0.044721036346987306 0.015013597804805243 0.035086782976577253 0.036967887186921879 0.02238619879635995 -0.026704499159020952 -0.019227441753206394 -0.016325327106411693 -0.016281531195272789 0.0035848376063041172 0.0039298888583067281 -0.032034587800438857 0.0040138058851950358 -0.0015454429672548094 -0.00093037523686620568 0.0022053991694374847 -0.010345465759659004 0.022253001649199466 0.01798049587513147 0.043719212763928463
leaf_weight=6.2404394261538965 18.403234831057485 10.342466544825585 1.3300646729767347 18.303910647518936 2.0170753598213169 14.195587340742351 12.830489793792367 49.946032090578228 54.466039660852402 1.9562523718923328 1.2451353454962353 0.89104831591248412 2.7696473188698318 1.0984350740909574 2.87860765773803 3.6305635124444962 4.6217393316328517 2.556839638389647 7.9438830800354472 12.59963474050164 0.99442926701158185 50.632206627633423 174.83951707789674 606.05802768375725 36.988849925808609 2.4701924603432421 1.287152351811528 8.5241207755170745 0.81521038897335563
leaf_count=101 272 175 20 221 16 265 163 848 2138 33 35 21 23 13 48 139 53 41 98 191 17 1493 4204 27908 1389 98 55 124 11
internal_value=-0.000155935 -0.000446451 0.00419575 0.0105571 0.000112295 -0.00455809 0.0103664 -0.00082179 0.00337522 0.00407735 -0.006021 0.00621859 0.0142202 -0.01985 -0.013875 -0.00956157 0.000496038 0.00341497 0.0144747 0.0107906 0.0020832 -0.00121236 -0.00314982 -0.000549168 0.00297887 0.00987024 0.00082178 0.0226369 0.0263715
internal_weight=1112.88 1041.41 77.9029 30.4565 47.4464 32.5988 14.8476 963.506 82.0299 71.4683 12.5029 58.9654 20.091 6.68525 4.20867 4.729 59.0878 8.79728 26.2478 22.9421 38.8743 881.476 224.786 656.69 37.8799 5.81769 3.75734 11.2938 2.06035
internal_count=40213 38113 1103 387 716 537 179 37010 2557 2100 384 1716 289 185 68 152 2191 142 319 366 1427 34453 5052 29401 1410 199 153 147 46
is_linear=0
shrinkage=0.03


Tree=129
num_leaves=27
num_cat=0
split_feature=22 26 5 8 5 4 9 8 17 23 14 25 12 3 7 7 19 8 17 2 20 20 3 8 24 25
split_gain=1.98058 2.04385 2.03107 1.68937 1.70063 1.63523 1.73089 1.61774 2.05184 2.11785 2.24511 1.88982 1.61121 1.90209 1.55822 1.44161 1.55797 2.0463 1.66691 1.44387 2.17758 1.40139 1.2858 1.20258 1.00241 0.73585
threshold=-0.026884080279522306 1.0000000180025095e-35 0.85283505154639183 0.33166666666666672 0.9794866400168315 0.045618556701030939 0.98484536082474239 0.96453608247422695 2.4205492845230361 -1.9607044855889353 0.6256868131868133 4.1867801076481141 0.58903974547532689 0.52020408163265319 0.98484536082474239 0.076082474226804128 9.5000000000000018 0.025309278350515465 1.6889766279907195 0.018317791402882321 0.76410418271739011 0.54919818324603742 0.22111111111111112 0.7309793814432991 -4.7686512181598308 4.8317847046608131
decision_type=2 10 2 2 2 2 10 2 10 2 10 8 8 2 10 8 10 2 10 2 10 10 2 2 8 8
left_child=1 2 22 5 14 -3 -7 15 9 10 -9 -11 13 -4 -5 16 17 -2 -18 21 -21 -17 24 -24 -1 -14
right_child=7 3 12 4 -6 6 -8 8 -10 11 -12 -13 25 -15 -16 19 18 -19 -20 20 -22 -23 23 -25 -26 -27
leaf_value=0.020606853594342021 -0.041034192121226401 0.01355493789095963 -0.0013173786966037542 0.006393003196758831 -0.034944856197842003 -0.012506800828379371 -0.062731842854269387 -0.0023419195558624425 -0.031784092329054166 0.0088942465322319128 -0.054018374921175061 0.00078892212689317843 0.032289351006582201 0.017696410921520658 -0.041900173079180182 -0.0029454369774456987 0.005731839227505523 5.6173764939519032e-06 0.027753719854094461 0.00027964815748577493 -0.045863379524934064 0.0017598391465659335 0.00097502006510296398 0.014603685942497262 -0.012211324243185353 0.014539016846760049
leaf_weight=0.95145120844244957 1.1496650632470871 2.06047274544835 9.2854331871494669 19.892316014971591 1.0098466686904419 9.6623417576774919 0.65971215907484371 2.1756400475278492 1.5266229799017299 42.473580839112401 1.1601184597238896 66.305523889139295 4.5690922467038044 9.6627755919471365 0.62005348689854045 446.3757875955198 26.075733922421936 22.364030862692744 3.5098520871251813 348.09958920907229 0.92290055565535922 65.302275397349149 17.638045231346045 8.701861013658343 7.0025129239074877 3.8927017315290877
leaf_count=33 37 30 185 676 16 329 14 37 23 537 17 888 57 142 12 18678 895 893 72 13240 30 2242 772 304 268 62
internal_value=-0.000230039 0.00389994 0.00715135 -0.00201736 0.00306206 -0.010846 -0.0157168 -0.000614355 0.00276127 0.00323166 -0.0203141 0.0039537 0.0132394 0.00837884 0.00493318 -0.00103415 0.0037632 -0.00200096 0.00834438 -0.00133012 0.000157635 -0.00234493 0.00228534 0.00547749 -0.00828562 0.0241236
internal_weight=1123.05 95.6086 61.7039 33.9047 21.5222 12.3825 10.3221 1027.44 113.641 112.115 3.33576 108.779 27.41 18.9482 20.5124 913.8 53.0993 23.5137 29.5856 860.701 349.022 511.678 34.2939 26.3399 7.95396 8.46179
internal_count=40489 2900 1823 1077 704 373 343 37589 1502 1479 54 1425 446 327 688 36087 1897 930 967 34190 13270 20920 1377 1076 301 119
is_linear=0
shrinkage=0.03


Tree=130
num_leaves=26
num_cat=0
split_feature=0 17 4 20 17 23 11 5 18 4 7 4 18 8 25 23 26 15 20 10 17 11 20 7 0
split_gain=2.91914 1.14858 1.62569 1.23842 2.29401 2.16969 2.62425 1.99049 1.90134 1.45097 1.10685 1.83996 1.96402 1.79839 2.34322 1.76622 1.32154 1.23321 1.24 2.76941 1.31354 0.9399 2.13039 0.939108 0.93736
threshold=-0.39586180350706029 2.4205492845230361 0.086237113402061874 0.50773862362332178 0.27837703577211986 0.15065442504145474 -0.3130870611144409 0.97469072164948456 0.37638888888888894 0.96453608247422695 0.8666631601094047 0.96453608247422695 0.78086890243902451 0.80206185567010324 4.257118403252556 -0.700552786332583 1.8753343368910211 0.20809943865276667 0.32698132124241269 0.11055555555555556 1.5474271415665239 0.61514165662891618 0.35671827594188571 0.95979797979797987 -0.33178698726785072
decision_type=2 10 2 10 10 2 10 2 8 2 10 2 8 2 10 2 10 8 8 2 8 10 10 10 2
left_child=1 3 -3 4 7 9 -7 -1 -6 -5 17 13 15 16 -15 -13 -12 18 19 -2 -20 24 -23 -14 -19
right_child=10 2 -4 5 8 6 -8 -9 -10 -11 11 12 23 14 -16 -17 -18 21 20 -21 -22 22 -24 -25 -26
leaf_value=0.00080413749838584118 -0.028858579247325763 0.042907701909291447 0.0034737314199687975 0.021002587243558715 0.018997084513477789 0.0077816215005690912 -0.02690842006380546 -0.01863746865143991 0.00010087339874219181 -0.0015944946138398124 0.0011572182571294711 0.021709852024539924 -0.01976792293839327 0.013111196403338859 0.0010756285821389181 -0.012478132717394447 -0.016501292438470903 -0.010453834764556091 0.00026753500740339843 0.00013698590516198535 0.0051874880408993244 -0.002724280233324767 -0.029270316624418341 -0.061577232387345679 -0.00088231697077684993
leaf_weight=24.589547866955403 3.8522539725527194 1.7710999129340046 2.0072113126516342 13.792649174109107 10.387915043160321 8.409541121684013 2.5601109806448212 5.8712235726416102 8.8969304636120778 3.1395075069740406 100.49628797266632 1.8323846068233249 1.143936998210848 28.986845155246556 29.249215447343886 5.2755586104467485 3.9647711170837274 9.3500998937524837 144.2378202015534 12.865811590105293 73.840843149460852 12.934847132768484 3.4456230401992789 0.83751853741705407 607.910681249341
leaf_count=404 79 12 31 144 129 106 47 87 129 41 2402 20 37 438 472 85 115 270 3229 399 1627 230 109 17 29600
internal_value=0.00033607 0.00580626 0.0219586 0.00502029 0.00218283 0.0100792 -0.000314383 -0.00294317 0.0102794 0.0168127 -9.21203e-05 0.00210815 -0.0110275 0.002842 0.0070663 -0.00366468 0.000486998 -0.000527358 0.00132978 -0.00654431 0.00193342 -0.00121553 -0.00830822 -0.0374398 -0.0010273
internal_weight=1121.65 81.4257 3.77831 77.6474 49.7456 27.9018 10.9697 30.4608 19.2848 16.9322 1040.22 171.787 9.0894 162.697 58.2361 7.10794 104.461 868.438 234.797 16.7181 218.079 633.641 16.3805 1.98146 617.261
internal_count=40259 1130 43 1087 749 338 153 491 258 185 39129 3586 159 3427 910 105 2517 35543 5334 478 4856 30209 339 54 29870
is_linear=0
shrinkage=0.03


Tree=131
num_leaves=23
num_cat=0
split_feature=7 12 13 20 17 6 5 4 15 26 0 5 8 20 5 6 23 17 10 12 7 20
split_gain=1.46887 2.54766 2.92436 1.69195 2.20813 1.58143 1.56082 1.86551 1.77202 1.40276 1.194 2.693 2.62569 2.82618 2.14164 1.15032 1.28274 0.993677 1.79193 1.31695 0.924803 0.44525
threshold=0.8666631601094047 -0.93894387751149588 0.036269018988169151 0.35541749406343054 -0.18168844477976856 0.87691984010098889 0.9794866400168315 0.7817525773195878 0.011299795709908071 -1.1580488216424838 -0.41490318891724931 0.076082474226804128 0.070353535353535376 0.37991157977526741 0.95979797979797987 0.010050505050505053 1.0290587293445108 -1.0626898061419943 0.2893298969072165 0.65505654180495443 0.18778350515463921 0.39569844748126543
decision_type=10 8 10 8 8 2 2 2 8 8 2 2 2 8 2 2 2 8 2 10 10 10
left_child=10 2 21 4 9 -6 8 -8 -5 -3 11 -1 13 -13 -14 16 20 18 -17 -19 -12 -2
right_child=1 3 -4 6 5 -7 7 -9 -10 -11 15 12 14 -15 -16 17 -18 19 -20 -21 -22 -23
leaf_value=-0.032063024601431567 -0.030132745037795668 -0.035846687513736285 0.011757696573928292 0.026367132676267509 0.018077408187362008 -0.0062411671929963764 -0.012617088521733669 0.0072209288737921954 0.0019196641993319821 0.0010906132377061083 -0.011575895348000754 -0.039018137695058144 0.015786619911568524 9.4965304921323037e-05 -0.0022761581724014377 -0.011553590208569787 0.033481436658541329 -0.0011546399069235574 -0.0019712905238652738 0.0040115766495658622 0.014314330391724955 -0.055403410166548123
leaf_weight=1.8140692012384523 1.4513372182846072 1.0476840632036326 1.495246462523937 2.7191807925701132 17.248107479419566 2.7969235344789913 13.937782359309496 6.1481034178286782 142.75549807213247 7.9229424060322327 2.1208128929138175 1.8782202322036052 20.721472093835477 14.485651641152797 8.2637236760929209 21.938898257445544 1.7274533472955225 707.24168568104506 88.080177185125649 47.383698440622538 2.9955898793414235 1.1054508127272127
leaf_count=36 26 25 19 26 343 63 209 71 2981 163 43 41 296 188 100 653 16 29623 4061 1243 58 21
internal_value=-0.000364199 0.00197511 -0.0215689 0.00246541 0.00914782 0.0146842 0.00129427 -0.00654486 0.00237663 -0.00322331 -0.000869998 0.0037792 0.00521297 -0.00439438 0.0106369 -0.0011216 0.0111293 -0.00121857 -0.0038821 -0.000830248 0.00358251 -0.0410587
internal_weight=1117.28 198.628 4.05203 194.576 29.0157 20.045 165.561 20.0859 145.475 8.97063 918.651 47.1631 45.3491 16.3639 28.9852 871.488 6.84386 864.644 110.019 754.625 5.1164 2.55679
internal_count=40305 3947 66 3881 594 406 3287 280 3007 188 36358 661 625 229 396 35697 117 35580 4714 30866 101 47
is_linear=0
shrinkage=0.03


Tree=132
num_leaves=22
num_cat=0
split_feature=4 23 12 16 21 0 9 5 15 3 0 21 4 16 26 12 4 9 23 14 10
split_gain=1.55576 1.69774 1.99753 1.92903 1.91513 1.91364 1.86537 1.6917 2.15032 1.63358 1.59877 1.51173 1.40185 1.17853 1.19325 1.17643 1.07742 2.51223 0.863002 0.862447 0.517868
threshold=0.025309278350515465 -0.66607678279189309 -0.93894387751149588 0.36378937016188451 0.25875527912157509 -0.25011642150661711 0.11055555555555556 0.36041237113402064 0.022599591419816142 0.98484536082474239 -0.55186477278862744 0.50421732549869824 0.26902061855670106 1.3119907800907089 1.1731538800780261 0.63246497479961206 0.035463917525773207 1.0000000180025095e-35 -1.3853454711598132 0.94011761331038446 0.4721134020618557
decision_type=2 2 8 10 2 2 10 2 8 2 2 2 2 10 8 10 2 10 2 10 2
left_child=1 3 -3 18 -5 11 -7 8 20 15 -6 -4 -11 16 -15 -10 17 -9 -1 -18 -2
right_child=7 2 5 4 10 6 -8 13 9 12 -12 -13 -14 14 -16 -17 19 -19 -20 -21 -22
leaf_value=0.035479651638917808 0.0097144915581057721 -0.028758204163494512 0.02628706851849661 -0.052523708856228396 0.025155739564322564 -0.0021409114925114003 0.013796633265801602 0.016987528045336139 -0.0035109535034019059 0.025958118914135232 -0.013310951491386678 0.0021314095851176504 0.0010786830529890381 -0.0058234197702518344 -0.047372308962277399 0.0039635593366141681 0.00093267872110931998 -0.013869037520672318 -0.00079093125879687481 -0.0025125643944028725 0.034875372268168309
leaf_weight=1.2446141680702569 1.3792455038055771 1.2938927710056303 8.19220880651846 0.94948222860693743 1.154845256358384 15.243159280624246 11.669227252714334 2.979957007803022 258.75256896344945 3.2124079051427525 6.1562571758404383 3.259466595016419 5.5767396260052919 2.0124793406575909 0.90043717995286021 20.449259180575609 689.65478921658359 11.691477432847021 1.1232048179954279 72.243791562039405 1.5791620500385759
leaf_count=18 24 22 85 17 10 286 174 50 13277 45 142 47 121 39 29 655 23605 263 23 1517 19
internal_value=-0.000106878 0.00505014 0.00790379 -0.00559773 -0.0124404 0.00914028 0.00476962 -0.000349143 -0.00230123 -0.00256262 -0.00723484 0.0194117 0.010172 0.000379491 -0.018667 -0.00296351 0.000450934 -0.00760167 0.0182742 0.000605998 0.0231451
internal_weight=1120.72 50.2864 39.658 10.6284 8.26058 38.3641 26.9124 1070.43 290.949 287.991 7.3111 11.4517 8.78915 779.483 2.91292 279.202 776.57 14.6714 2.36782 761.899 2.95841
internal_count=40468 824 614 210 169 592 460 39644 14141 14098 152 132 166 25503 68 13932 25435 313 41 25122 43
is_linear=0
shrinkage=0.03


Tree=133
num_leaves=27
num_cat=0
split_feature=10 1 23 6 19 22 23 14 4 26 19 22 6 5 18 10 20 10 10 3 0 3 7 22 13 19
split_gain=2.42123 1.62946 2.44353 3.31328 3.26001 2.591 2.38213 1.96939 2.16227 4.46986 1.79044 1.65186 1.26402 2.02294 1.93383 2.123 1.64682 1.74774 1.37697 1.65562 1.49922 1.30669 1.25576 1.41953 1.27662 0.815999
threshold=0.050252525252525264 0.11090404803509339 1.0089943987106558 0.77159793814432998 111.50000000000001 0.015840183632333246 0.89126958619723007 0.96449579831932786 0.30963917525773205 0.75254395822054387 32.500000000000007 0.0023857319888068015 0.43366656253254199 0.94871660004207881 0.7386128364389235 0.69036082474226812 0.51923170139372921 0.06030303030303031 0.97989898989898994 0.97989898989898994 1.5107708689989272 0.67178624026930367 0.9384599200504945 0.0013886159921210417 0.26509029630574804 66.500000000000014
decision_type=2 2 2 2 8 2 2 8 2 10 8 2 2 2 10 2 10 2 2 2 2 2 8 2 8 8
left_child=1 2 6 5 -5 -4 10 8 11 -10 -1 -3 16 22 15 -15 18 -18 20 -20 -2 -19 24 -24 -14 -16
right_child=12 7 3 4 -6 -7 -8 -9 9 -11 -12 -13 13 14 25 -17 17 21 19 -21 -22 -23 23 -25 -26 -27
leaf_value=0.010222770501122488 -0.00049769467423151819 0.00081460766359826712 -0.012917662789046646 -0.012213060967414728 0.024986174810487694 -0.052121410978781091 0.02950505739861874 0.032744377508353538 0.0049404755544540198 -0.04205649672084797 -0.00027392872534939356 0.021040707077356148 -0.0035593085172745936 0.0043196305027535234 0.0051353534647848188 -0.018132581814831079 0.037053856430409794 0.00036329222686366932 -0.0066548411860787192 -0.042871915335815095 0.008155904769836431 0.0081161904783550419 -0.001583099496030283 -0.0076560037827497389 0.00056566277108362835 0.029752086385272592
leaf_weight=20.293188174255192 423.80299143935554 5.2696005059406188 6.1475476566702145 4.8404458779841644 3.7729742499068379 2.0144089451059699 3.1014656918123356 2.8487297482788554 18.254891683347527 2.0232284888625136 52.360443731769919 11.708585851825772 123.3110051099211 35.638049393892288 1.8612713059410442 4.241399345919489 1.4363002181053151 45.941092846449465 8.7926581050269288 1.3045348171144713 18.818340789526701 34.078877987340093 65.320793333463371 73.756360847270116 149.25855439086445 3.4737301710993052
leaf_count=253 13831 73 114 77 45 40 34 27 235 31 771 110 7068 596 31 118 12 1446 377 19 210 901 3140 3417 7418 37
internal_value=-0.000154497 0.00365208 0.00146296 -0.00889698 0.00408148 -0.0225933 0.00375709 0.00870283 0.00686454 0.000251401 0.00265795 0.014763 -0.000663952 -0.00182247 0.00420097 0.00193171 0.000326889 0.00425383 -0.000379674 -0.011334 -0.000129781 0.00366509 -0.00248407 -0.00480372 -0.00130048 0.0211638
internal_weight=1123.67 132.636 92.5305 16.7754 8.61342 8.16196 75.7551 40.105 37.2563 20.2781 72.6536 16.9782 991.036 456.861 45.2145 39.8794 534.175 81.4563 452.719 10.0972 442.621 80.02 411.647 139.077 272.57 5.335
internal_count=40431 1810 1334 276 122 154 1058 476 449 266 1024 183 38621 21825 782 714 16796 2359 14437 396 14041 2347 21043 6557 14486 68
is_linear=0
shrinkage=0.03


Tree=134
num_leaves=21
num_cat=0
split_feature=19 3 15 4 24 0 17 12 4 4 4 22 4 13 4 12 9 2 20 17
split_gain=1.67085 1.64767 2.26596 1.83605 1.70346 1.36291 1.25675 1.1755 1.31621 1.16298 1.12977 1.10217 1.78468 1.55312 0.949131 2.78269 1.39218 0.954117 3.48944 0.841182
threshold=17.500000000000004 0.87691984010098889 0.011561079925153704 0.98484536082474239 10.692216455556443 0.58008800549451378 -2.4188045753096774 0.65505654180495443 0.99500000000000011 0.020101010101010106 0.56850515463917539 -0.0026283510648630946 0.24121212121212124 0.1893780005781002 0.90360824742268053 0.61020923465309929 0.95438144329896912 -0.16633921143317473 0.47494410634005385 0.060185388477495716
decision_type=8 2 10 2 10 2 8 10 2 2 2 2 2 8 2 10 10 2 10 10
left_child=1 4 -3 9 5 6 -1 14 11 -4 -7 12 -9 -13 17 16 -16 18 -2 -19
right_child=7 2 3 -5 -6 10 -8 8 -10 -11 -12 13 -14 -15 15 -17 -18 19 -20 -21
leaf_value=-0.025116373410999929 0.00024250945061215636 -0.035869440384043799 0.035596281080810234 -0.026930844693413895 -0.034967517726583665 0.0030298453197598976 0.00090159693361403662 0.018866447274802748 -0.032656378178785812 0.010485393177945992 0.019134330437222159 0.011064590509499759 0.0027373019666797459 -0.0020240140052146917 0.0043675383446139162 -0.053104248291099901 -0.002699785462948758 -0.0018369982494182624 -0.044113623627833998 0.00022534890046530936
leaf_weight=1.6966246389783917 6.1428918242454511 0.9772576922550823 1.7692099586129248 1.1312253475189198 1.1517808912321914 9.2520501478575188 110.11939883651212 9.4834421207197028 0.91534150810912152 26.87567871529609 6.8033175803720942 10.412657442968339 17.693554875440896 37.707441503647715 79.184820728376508 0.82679888512939115 36.71805519098416 469.96528367325664 2.1566003821790218 286.50795966992155
leaf_count=78 181 19 16 17 27 209 3995 166 21 599 120 285 434 886 2593 19 727 19678 56 10200
internal_value=5.50268e-07 0.00284063 0.00908066 0.0105559 0.00135328 0.00168043 0.000506817 -0.000473262 0.00310121 0.0120363 0.00985398 0.0035359 0.00836558 0.000808215 -0.000782303 0.00173739 0.00212861 -0.00116689 -0.0112833 -0.0010559
internal_weight=1117.49 159.777 30.7534 29.7761 129.023 127.871 111.816 957.715 76.2124 28.6449 16.0554 75.2971 27.177 48.1201 881.502 116.73 115.903 764.773 8.29949 756.473
internal_count=40326 5080 651 632 4429 4402 4073 35246 1792 615 329 1771 600 1171 33454 3339 3320 30115 237 29878
is_linear=0
shrinkage=0.03


Tree=135
num_leaves=28
num_cat=0
split_feature=15 23 22 21 7 23 15 10 2 16 6 22 22 7 2 5 6 20 10 1 6 5 22 25 23 18 10
split_gain=1.67596 2.27593 1.97864 1.8969 1.81208 2.19592 1.86736 1.60047 1.58974 1.83925 1.54216 1.47432 1.41159 2.08333 3.25242 1.21639 1.18839 1.79532 1.30275 1.75717 1.18341 1.30424 1.0487 1.02787 0.653629 0.497581 0.275456
threshold=0.11561079925153704 1.8596278823360455 0.0013886159921210417 0.74143421789297748 0.89345360824742281 -0.48721744462736316 0.011561079925153704 0.35025773195876292 -0.037690252006092349 0.96707601099038409 0.80206185567010324 -0.063747877029934716 0.064141060596837871 0.81221649484536096 -0.011085183629724564 0.9497474747474749 0.11670103092783506 0.51229958345158588 0.040202020202020211 -0.13793625114548971 0.010050505050505053 0.18778350515463921 0.058250604034598703 2.7782319171786152 -0.62016100421335796 0.8218253968253969 0.42134020618556706
decision_type=8 2 2 2 8 2 10 2 2 10 2 2 2 10 2 2 2 8 2 2 2 2 2 8 2 8 2
left_child=1 3 7 4 5 -1 -6 10 25 -10 -3 16 20 15 -15 -14 17 -2 -18 -20 21 -13 -22 26 -25 -4 -5
right_child=11 2 8 23 6 -7 -8 -9 9 -11 -12 12 13 14 -16 -17 18 -19 19 -21 22 -23 -24 24 -26 -27 -28
leaf_value=-0.0019583480959526715 -0.00065481480734331794 -0.022770591114606699 0.024982844954906477 0.0063589870689924289 0.0075060536764079179 0.006860008766442177 -0.0033380814639576133 0.020569459761890573 2.7002452736645377e-05 0.032772354953879798 0.0097939273558586906 -0.012164934107077648 0.012080924426154559 -0.03939814444856083 0.016282796210104273 0.044021164521232253 0.026115105927879596 0.037286461681771965 -0.03546778723772568 0.0034789706158321735 -0.0010976674585075484 0.017914283840010453 -0.017425875070821408 0.034914909017068486 0.010997241451875861 0.045046488905728287 -0.023962593441458461
leaf_weight=40.42850311845541 1.9522511949762726 3.0708674881607321 2.563669966533781 0.60339072998613008 16.666309785097837 68.434739582240582 100.30159446131438 2.4055417245253921 4.6658142395317528 2.3071440579369664 2.2810120843350887 1.6873014550656069 8.3951677726581675 1.7944993833079936 1.9924023859202851 1.2303605284541834 1.8560000415891398 2.6406701635569334 1.1896726377308358 8.4331431719474477 832.07711896998808 5.6141355987638235 3.5552306594327083 2.5898916684091091 1.705536372028291 1.9652590900659559 0.48749737348407507
leaf_count=748 36 58 31 19 179 1170 1571 38 78 26 34 34 280 43 41 14 21 29 45 401 35367 89 131 28 26 13 24
internal_value=-0.000118453 0.00204457 0.0119531 0.00121924 0.000799594 0.00358514 -0.00179294 0.00024432 0.01985 0.0108615 -0.00889134 -0.000739472 -0.000908423 0.0087475 -0.0101027 0.0161636 0.00826271 0.0211593 0.00310252 -0.00133603 -0.00106206 0.0109632 -0.00116714 0.0188138 0.0254182 0.0336892 -0.00719116
internal_weight=1122.89 250.477 19.2593 231.217 225.831 108.863 116.968 7.75742 11.5019 6.97296 5.35188 872.418 856.346 13.4124 3.7869 9.62553 16.0717 4.59292 11.4788 9.62282 842.934 7.30144 835.632 5.38632 4.29543 4.52893 1.09089
internal_count=40574 4043 278 3765 3668 1918 1750 130 148 104 92 36531 35999 378 84 294 532 65 467 446 35621 123 35498 97 54 44 43
is_linear=0
shrinkage=0.03


Tree=136
num_leaves=31
num_cat=0
split_feature=10 0 17 20 16 16 6 23 3 6 10 3 20 16 26 18 6 20 1 23 17 16 15 9 11 8 15 11 18 26
split_gain=1.50555 1.73639 1.53617 1.56652 1.73111 2.00597 1.65142 1.53444 1.52171 1.94531 1.88452 1.79184 1.76794 1.50234 1.28475 1.49906 1.29889 1.20628 1.84314 1.79809 1.19233 1.18591 1.0625 0.966421 0.933176 1.16047 1.0788 0.808776 1.01455 0.736991
threshold=0.34182026450067693 -0.013147763028054647 0.26596354903564617 0.6456734157561711 0.9510621999550577 0.91055110365351632 0.12685567010309282 0.44394167613243063 0.74358300021039359 0.035463917525773207 0.025309278350515465 0.94422680412371141 0.42142775761969997 1.1762574972950501 -1.9205372566843606 0.92546296296296304 0.13701030927835053 0.5157093854980771 0.69093689713054784 -2.4241684968216215 -2.632249354420209 0.048647177002686885 0.080927559476075925 0.66163265306122454 0.35374331493891026 0.020101010101010106 0.17341619887730556 0.17802016542806956 0.5270467836257311 1.1220312140429565
decision_type=2 2 8 10 10 10 2 2 2 2 2 2 8 10 10 10 2 8 2 2 8 8 10 10 10 2 8 8 10 8
left_child=2 20 3 4 5 -1 -6 22 9 23 11 -10 -12 -11 15 21 -17 18 -16 -19 27 -3 -5 -4 25 -22 -26 28 -2 -9
right_child=1 14 8 7 6 -7 -8 29 10 13 12 -13 -14 -15 17 16 -18 19 -20 -21 24 -23 -24 -25 26 -27 -28 -29 -30 -31
leaf_value=-0.0025927810036157663 -0.032837409242856913 -0.040214412817589196 0.0040380331031974687 0.037358478200762532 0.0090437382206916203 -0.01471032334293842 -0.00097729154529707955 0.0046943669048142333 0.02948075355838788 0.00098222644208870538 0.010654825862252538 0.0033376201195700617 0.0011492406810768238 -0.014630189645946782 -0.0011400154789563252 0.022721876476834282 -8.790802266470327e-05 -0.027137551048139173 -0.030664378198748298 0.0020918893785078917 0.035742401479214529 -0.003741844765684297 0.0098471727777403144 0.023383565977180359 -0.051204800014506238 -0.0063669647348980705 -0.0068267622846443707 0.045036584025485119 0.027712626019305939 -0.038393415955392536
leaf_weight=70.613864268176258 0.42859849985688903 0.80769486259668966 4.2759697446599585 2.0500307753682128 19.414003005251288 14.887500509619711 62.281721669714898 0.80545093119144417 5.4674341194331628 243.82827747520059 25.759914334397763 4.1508935792371631 55.657693655695766 5.6763139525428405 184.80825159931555 3.5506775295361859 6.1186839318834245 1.910792845301329 1.9228083714842785 217.32287635537796 0.59536766912788053 121.20723125222139 3.2926896451972425 5.0912243481725454 0.89707594737410423 55.114986424101517 1.0944880098104477 0.65521223936229933 0.59450681693851948 0.64206910179927945
leaf_count=2006 30 15 74 25 336 449 1748 25 54 6704 602 56 1299 154 8306 72 366 85 33 8630 18 5746 104 66 20 3336 30 12 24 27
internal_value=-1.50758e-05 -0.001045 0.00115862 -0.00114513 -0.0017188 -0.00470269 0.00140409 0.0129803 0.00230414 0.00113093 0.0056403 0.0181984 0.00415674 0.000627039 -0.000507328 -0.00308222 0.00828805 0.000327898 -0.00144403 0.00183713 -0.00591328 -0.00398328 0.0204034 0.0145526 -0.00663828 -0.00591695 -0.0268163 0.019013 0.00234705 -0.0144179
internal_weight=1120.92 597.029 523.895 173.987 167.197 85.5014 81.6957 6.79024 349.908 258.872 91.0359 9.61833 81.4176 249.505 537.649 131.684 9.66936 405.965 186.731 219.234 59.3802 122.015 5.34272 9.36719 57.7019 55.7104 1.99156 1.67832 1.02311 1.44752
internal_count=40452 26723 13729 4720 4539 2455 2084 181 9009 6998 2011 110 1901 6858 23253 6199 438 17054 8339 8715 3470 5761 129 140 3404 3354 50 66 54 52
is_linear=0
shrinkage=0.03


Tree=137
num_leaves=21
num_cat=0
split_feature=10 23 15 23 22 17 15 17 8 22 26 22 22 14 12 15 18 4 3 12
split_gain=1.8168 1.46819 1.52029 1.8828 1.68202 1.61878 1.41539 2.86843 2.23397 1.57191 1.43859 1.43259 1.36107 1.54923 1.25351 1.2146 1.50351 1.20694 1.20213 0.999943
threshold=0.035463917525773207 -2.2056670309296087 0.63431372549019616 -1.8347489696997439 0.0080670440668693891 1.5998278008141871 0.022599591419816142 1.493482075534146 0.10050505050505053 0.0015020426389913764 -0.37655404548335086 0.099526812123520256 0.064141060596837871 0.9470175438596492 -0.1314039575017972 0.056498978549540356 0.11834733893557424 0.1708585858585859 0.13701030927835053 -0.57430505427996414
decision_type=2 2 10 2 2 8 8 10 2 2 8 2 2 10 10 8 10 2 2 10
left_child=1 -1 3 -3 17 -5 7 9 -9 14 -11 12 18 -14 -2 -13 -17 -4 -8 -6
right_child=6 2 4 5 19 -7 11 8 -10 10 -12 15 13 -15 -16 16 -18 -19 -20 -21
leaf_value=0.027065219115245426 0.0027389278849782677 -0.027788897404807032 0.017297894593758141 0.0015554066628960276 -0.0078241110379700992 0.0099989276360062922 0.0017769380559030639 0.0057182011903072162 -0.04594206250503137 -0.016366288183666027 0.0071105928631448913 -0.059084556229594645 0.013109529146108473 -0.020462232061216869 0.023556142258039859 -0.033790868130630293 0.0073476062526594424 -0.011203190680953207 -0.0011152141984876031 -0.048198675715078139
leaf_weight=2.4016104983165851 3.7777947802096596 1.5972231179475773 2.1355298683047286 48.800721185281873 0.95701827015727792 35.157637542113662 153.37070629140362 1.4174776636064046 1.6079825311899183 2.9090133281424642 12.204226202331482 0.57718351669609491 11.011338124051688 1.3936954215168942 8.3736409256234818 1.4969811039045455 1.7162357550114391 3.5772373396903276 825.69957474828698 1.3047687383368609
leaf_count=24 61 23 33 642 17 406 4715 16 31 45 175 9 268 24 106 64 65 85 33652 31
internal_value=-4.36901e-05 0.0039043 0.00330959 0.00447731 -0.00921835 0.00509114 -0.00041299 0.0059755 -0.0217384 0.00905081 0.00259174 -0.000607419 -0.000537044 0.00933777 0.0170842 -0.0190156 -0.0118181 -0.000548999 -0.00066216 -0.0311152
internal_weight=1121.49 95.9317 93.5301 85.5556 7.97455 83.9584 1025.56 30.2901 3.02546 27.2647 15.1132 995.266 991.475 12.405 12.1514 3.7904 3.21322 5.71277 979.07 2.26179
internal_count=40492 1261 1237 1071 166 1048 39231 434 47 387 220 38797 38659 292 167 138 129 118 38367 48
is_linear=0
shrinkage=0.03


Tree=138
num_leaves=27
num_cat=0
split_feature=22 19 11 21 7 22 13 14 12 21 19 10 0 24 22 14 11 22 16 22 6 4 10 19 14 7
split_gain=2.72256 1.92744 2.46487 2.16348 2.13091 1.86208 2.80321 2.14209 1.56328 1.44276 1.88214 1.40874 1.60324 1.34416 1.3414 1.29808 1.97227 1.29231 1.27968 1.27199 1.35278 0.905384 0.862795 0.846031 0.645438 0.607264
threshold=-0.033687162564287158 17.500000000000004 0.44892691564958837 0.30577494566530822 0.98484536082474239 0.007133965864751078 0.19583890506285109 0.790953232813698 0.53987631091846133 0.31004976857061767 68.500000000000014 0.045618556701030939 -0.46381791935589578 10.692216455556443 0.064141060596837871 0.38061703554661303 0.15601631651696304 0.0097111418053211652 0.98397650629821021 -0.0046495488377700503 0.87691984010098889 0.1708585858585859 0.14716494845360825 18.500000000000004 0.62942155638784858 0.9384599200504945
decision_type=2 8 10 2 10 2 8 10 10 2 8 2 2 10 2 8 10 2 10 2 2 2 2 8 10 8
left_child=8 2 4 5 13 7 -7 -3 11 10 -5 12 18 -2 -11 23 -17 -6 -1 -4 -21 -10 -23 -13 -24 -14
right_child=1 3 19 9 17 6 -8 -9 21 14 -12 15 25 -15 -16 16 -18 -19 -20 20 -22 22 24 -25 -26 -27
leaf_value=-0.014157692966607838 0.0026942001144052365 -0.0016992447622012632 -0.0064942783678800338 -0.048851963219586507 -0.0042541459849960526 0.0187296381050506 0.00070469181846770791 0.0096725312239000893 0.036685021138808817 -0.001310362701044049 -0.0040181948685806294 -0.0063381870078732493 0.039556495539384513 -0.030473021553775466 0.0072105114607564774 -0.0052452540514432199 0.014034117684525419 -0.041881012113103869 0.016170239393663528 0.023971319447438594 -0.0053639456183264466 0.034254041398263393 -0.0064785996411715514 0.010231091968373031 0.020462102335744997 0.018570499131989049
leaf_weight=2.3039570674300194 134.16860078508034 65.75609767017886 2.0000752955675134 1.307622281834482 1.7429998116567724 15.097942903172223 15.988185147289188 19.279057467821985 2.0132317254319778 760.67167159309611 2.3703207122161989 3.2217881698161364 1.8810159768909196 1.1087944572791446 16.99925197660923 24.561729490756992 5.9281453117728224 1.5538830682635305 2.7428313512355089 9.3174054753035254 1.668061598204077 1.2022555992007253 1.9500935385003688 19.930664768908176 1.3574781483039258 3.6470529157668352
leaf_count=30 4547 2219 28 39 27 312 385 578 27 29483 96 110 22 29 395 1006 151 28 37 118 34 12 60 552 29 39
internal_value=0.000267657 -0.000116479 0.00301274 -0.000644923 0.00184158 0.00317588 0.00945907 0.000878949 0.00596413 -0.00121276 -0.019958 0.00454276 0.0145503 0.00242235 -0.0011241 0.00256991 -0.00149677 -0.0219884 0.00232495 0.0155106 0.019517 0.019957 0.0124894 0.00792539 0.00457828 0.0257113
internal_weight=1119.77 1049.03 151.56 897.47 138.574 116.121 31.0861 85.0352 70.7402 781.349 3.67794 64.2172 10.5749 135.277 777.671 53.6423 30.4899 3.29688 5.04679 12.9855 10.9855 6.52306 4.50983 23.1525 3.30757 5.52807
internal_count=40393 38318 4811 33507 4631 3494 697 2797 2075 30013 135 1947 128 4576 29878 1819 1157 55 67 180 152 128 101 662 89 61
is_linear=0
shrinkage=0.03


Tree=139
num_leaves=29
num_cat=0
split_feature=19 3 15 4 15 12 20 4 14 22 9 20 7 5 20 4 9 21 9 2 16 11 4 14 24 11 5 9
split_gain=1.36717 1.86264 2.92979 2.00707 1.94994 1.6789 1.92903 1.65974 1.53635 1.52268 1.47291 2.05587 1.40817 1.34322 1.33856 1.82583 1.2922 1.26478 1.21042 1.18496 1.96837 1.70372 1.47031 1.12 1.03001 0.991866 0.915851 0.911044
threshold=14.500000000000002 0.50757731958762897 0.54167257264351532 0.18090909090909094 0.78237086276139045 -0.4985232160892466 0.55807236492819035 0.025309278350515465 0.96449579831932786 -0.033687162564287158 0.010050505050505053 0.4986847385061009 0.98974332000841592 0.97469072164948456 0.55326607092046143 0.010050505050505053 0.98484536082474239 0.41411418912991843 0.42346141830677919 0.12263596368941027 0.88155998185827433 0.16644246780403196 0.42134020618556706 0.064309346567411094 3.223352405981132 0.08663320784953045 0.9076898800757417 0.85283505154639183
decision_type=8 2 8 2 8 10 10 2 8 2 8 10 8 2 8 2 8 2 10 2 10 10 2 10 8 10 2 10
left_child=1 3 7 5 17 12 -7 -3 16 19 11 26 -1 -9 23 -16 -5 -4 -6 21 24 22 -2 -12 -21 -10 -11 -23
right_child=9 2 4 8 18 6 -8 13 25 10 14 -13 -14 -15 15 -17 -18 -19 -20 20 -22 27 -24 -25 -26 -27 -28 -29
leaf_value=0.017058117562213072 0.0080965875152600227 0.032945208777301893 0.0051349091361665364 -0.0016084753260390999 -0.0027803916335080439 -0.010720493008031459 -0.043572217786798206 0.010623872523695756 0.0045192880908745438 0.0096593645244065739 0.0013767262757340207 -0.011325853741330973 -0.016723072246630999 -0.02826973733266382 -0.04135070563793708 0.00026184190476850823 0.011144069703721841 -0.01759653436890081 0.014954755118235331 -0.016907311878515921 0.022382248541461709 0.0095382455248129681 -0.0024387481715134095 -0.0027963133991158453 -0.06436854978577089 0.040215461804478943 0.042459797829073651 0.027399738315744156
leaf_weight=3.0343634663149706 21.822832932230085 3.0057745808735481 3.0704003954306263 36.546239646151662 7.1614713263697904 8.9702892685309035 1.9601923646405328 35.423128745052963 1.3028828063979738 1.2573067685589188 69.120692109223455 1.6762390164658425 1.7516996962949631 0.8176015131175508 0.95081444457173248 490.19890429684892 8.8909209836274368 7.7974865082651377 6.7071876167319715 1.2269758805632582 0.84827356692403544 8.6334126745350641 26.278613924048841 356.05262519186363 0.61922438628971588 1.5154302492737768 1.9611959531903265 3.6594611974433056
leaf_count=50 624 31 108 1368 353 236 48 848 26 34 2251 38 45 14 18 17238 244 404 264 42 19 193 877 14721 13 17 15 61
internal_value=-0.000109856 0.00280734 0.0064266 -0.000812542 -0.00165948 -0.0101237 -0.0166119 0.0115231 0.00222004 -0.000489078 -0.000797862 0.0156151 0.0046942 0.00974642 -0.000885536 0.000181284 0.00088688 -0.0111744 0.00579671 0.00401977 -0.0154454 0.0048882 0.00234096 -0.0021179 -0.032826 0.0237134 0.0296463 0.0148554
internal_weight=1112.26 127.955 63.9831 63.972 24.7365 15.7165 10.9305 39.2465 48.2555 984.307 921.218 4.89474 4.78606 36.2407 916.323 491.15 45.4372 10.8679 13.8687 63.0888 2.69447 60.3943 48.1014 425.173 1.8462 2.81831 3.2185 12.2929
internal_count=40200 4056 2022 2034 1129 379 284 893 1655 36144 34315 87 95 862 34228 17256 1612 512 617 1829 74 1755 1501 16972 55 43 49 254
is_linear=0
shrinkage=0.03


Tree=140
num_leaves=29
num_cat=0
split_feature=0 12 24 5 6 20 22 16 20 5 9 0 9 15 0 2 21 13 16 24 11 9 1 20 15 5 16 11
split_gain=1.65096 2.26024 1.67587 1.98485 2.06183 1.87426 1.73104 3.72209 2.0234 3.19689 1.76405 1.72896 2.21471 1.40368 1.32568 1.30505 1.26576 2.52904 1.92741 1.73079 1.26381 1.98532 1.15548 1.04148 1.59877 1.36134 1.00305 0.958751
threshold=-0.37880104267278597 0.34481679221168332 3.8858894944033353 0.6802061855670104 0.65989690721649497 0.58867372248542682 0.0052129180462251725 inf 0.37023138586751064 0.95979797979797987 0.95438144329896912 -0.63435480669041366 0.8461498001262362 0.046244319700614815 -0.28548716240906924 -0.028571583235094272 0.41960991302888667 -0.74323476355172768 0.32356037778512209 4.9335334241780737 1.2068651604100877 0.578659793814433 -0.11772883861923984 0.38751125565658867 0.057805399625768521 0.62122448979591849 0.97546493418613689 -0.44060281941542273
decision_type=2 10 8 2 2 10 2 8 10 2 8 2 8 10 2 2 2 8 8 10 8 10 2 8 8 2 10 10
left_child=2 16 3 4 15 -6 7 13 9 -8 -9 26 -13 -4 -3 -1 17 19 -19 -2 22 -22 -16 24 -18 -25 -5 -10
right_child=1 14 6 11 5 -7 8 10 27 -11 -12 12 -14 -15 20 -17 23 18 -20 -21 21 -23 -24 25 -26 -27 -28 -29
leaf_value=0.0093394165749777474 0.015736169762181441 0.024243153661379167 0.028068524460581595 0.029430489785568677 0.0048475599974672663 -0.03577025403467287 0.016566403717802564 -0.0052977709647496884 0.03433541791756959 -0.027848210759531498 -0.043087444824382252 -0.015069183333294508 0.00072126936015649054 0.0020756207937073874 0.0073601654469321737 0.033454872799208085 -0.01789810471290524 0.015416445756568238 -0.00062181094766377751 -0.0061798512706197194 0.00046568301091784876 -0.034296622304632624 0.0015415610898060876 -0.0028122930162500582 -0.0032305844473050124 0.00049038034554946481 0.0041078142417166159 0.01565556091399924
leaf_weight=4.3517896831035614 15.560700670816006 2.5005855783820143 3.5367939323186883 1.8402230832725752 9.2576148430816811 1.1493859207257617 5.0784523338079479 2.9199719829484829 4.8327864073216942 2.0462132357060909 1.7952845618128774 13.34270816342905 19.942340192385018 3.9671768536791205 38.507923132739961 3.7687199898064154 7.0214229458943 6.9765982488170257 202.07552139158361 4.0970268696546546 4.7510795444250098 2.1467134729027748 151.80075509403832 207.80816348805092 140.96518728462979 244.46262654173188 5.9914142498746514 5.0640947492793158
leaf_count=56 328 38 36 19 181 26 65 40 43 29 23 242 278 63 786 46 111 136 7019 71 93 45 4583 11181 7079 7708 77 66
internal_value=1.08381e-05 -0.000328107 0.00393348 0.0010492 0.0092019 0.000361585 0.00981673 0.00120166 0.0160012 0.00381047 -0.0196858 -0.00262447 -0.00560852 0.0143267 0.00253694 0.0205314 -0.00101833 0.000880803 -8.65737e-05 0.0111685 0.0022617 -0.010353 0.00271892 -0.00174193 -0.0039265 -0.00102712 0.010058 0.0247772
internal_weight=1117.56 1028.67 88.885 59.6442 18.5275 10.407 29.2408 12.2192 17.0215 7.12467 4.71526 41.1167 33.285 7.50397 199.707 8.12051 828.967 228.71 209.052 19.6577 197.206 6.89779 190.309 600.257 147.987 452.271 7.83164 9.89688
internal_count=40468 39178 1290 925 309 207 365 162 203 94 63 616 520 99 5545 102 33633 7554 7155 399 5507 138 5369 26079 7190 18889 96 109
is_linear=0
shrinkage=0.03


Tree=141
num_leaves=28
num_cat=0
split_feature=10 3 11 23 1 3 6 2 2 13 24 2 14 10 23 10 5 1 8 5 5 10 21 1 23 4 4
split_gain=1.38916 1.84585 1.68986 1.6141 2.51104 1.92567 1.51646 1.42571 1.39504 1.55961 2.01448 1.6807 1.26452 1.19991 1.15703 1.1131 1.07893 1.22759 1.15354 1.0612 1.29427 1.5011 1.33607 0.958152 1.64508 1.55477 0.835908
threshold=0.77159793814432998 0.43149484536082477 0.31555209984024485 -1.1224971879745633 0.12122532947091438 0.010050505050505053 0.06030303030303031 0.098533652449863549 0.039563136463031119 1.1834026002617895 5.5722514604149982 0.044769962319990524 0.041960093896713617 0.3401030927835052 -1.3672685381994176 0.87314432989690738 0.85640648011782039 0.14533097921012897 0.97469072164948456 0.9794866400168315 0.67178624026930367 0.79190721649484541 0.62900306006037143 0.02202956282813779 -1.0024445803329989 0.025309278350515465 0.25126262626262635
decision_type=2 2 10 2 2 2 2 2 2 10 10 2 8 2 2 2 2 2 2 2 2 2 2 2 2 2 2
left_child=3 2 16 4 5 -1 26 14 23 11 -11 -10 -7 -9 -6 -8 18 -18 -2 20 22 -22 -3 25 -25 -5 -4
right_child=1 19 6 8 7 12 15 13 9 10 -12 -13 -14 -15 -16 -17 17 -19 -20 -21 21 -23 -24 24 -26 -27 -28
leaf_value=-0.05031380190776398 -0.0047923176387749296 0.00046614736881258305 -0.020844932743315683 0.0070753694957081453 0.01980051751111591 0.012003828433353219 -0.019993359180194559 0.013010296946165813 0.011412186835294854 -0.0041470976450969218 -0.043859819491382054 0.00163213445840804 0.0010310100090959228 -0.028375257215274331 0.0033380246733699841 -0.0031334712850986648 0.010526422357763127 -0.025209158269692309 -0.03535006698092958 -0.023025745034643271 -0.015264018897658035 0.0064042255547971556 -0.0070100528178171787 -0.01538216839855632 0.0011297296499909659 -0.0023552090820970848 -0.056298377909598636
leaf_weight=0.63906435295939346 41.152275942265987 69.349463694961742 1.3421883992850809 16.517859823070467 14.186661826912317 10.25413583498448 6.5845557609572989 1.2069102823734277 17.380433504469693 6.8115671030245704 1.3830151706933973 175.50426879897714 120.85917984624393 1.3202093970030544 5.2695557526312777 7.5828597359359264 7.2421467946842295 0.98252585995942343 1.1426820401102293 1.8357276013120998 3.1341034900397053 35.133493800181895 31.188594368286431 5.582716761622577 199.08691911073402 331.41770267719403 1.0802448112517593
leaf_count=12 2564 3030 16 287 225 234 209 14 543 167 23 5639 4533 36 98 248 196 25 31 37 121 1112 1887 207 5546 13268 24
internal_value=-0.000106029 -0.00231892 -0.00641259 0.000400605 0.00320209 0.00163596 -0.01472 0.0125884 -0.00017084 0.00196882 -0.0108495 0.00251339 0.00188917 -0.00861021 0.0153418 -0.0109694 -0.00368458 0.00625742 -0.0056179 -0.000365553 -6.58678e-05 0.0046296 -0.0018531 -0.000949408 0.000679339 -0.0019075 -0.0366548
internal_weight=1115.17 207.751 67.1095 907.42 153.736 131.752 16.5898 21.9833 753.684 201.079 8.19458 192.885 131.113 2.52712 19.4562 14.1674 50.5196 8.22467 42.295 140.641 138.806 38.2676 100.538 552.605 204.67 347.936 2.42243
internal_count=40332 9500 3313 30832 5152 4779 497 373 25680 6372 190 6182 4767 50 323 457 2816 221 2595 6187 6150 1233 4917 19308 5753 13555 40
is_linear=0
shrinkage=0.03


Tree=142
num_leaves=22
num_cat=0
split_feature=8 23 4 23 0 3 15 15 20 0 11 3 0 11 1 14 20 26 25 16 24
split_gain=1.96293 2.53717 1.25181 1.1884 2.86921 2.656 2.31075 2.94389 1.15169 1.1226 1.91822 1.89546 1.43092 1.77558 1.23106 1.15642 1.07215 1.82386 1.22486 1.05425 0.786468
threshold=0.015154639175257735 1.5211769051678541 0.025309278350515465 1.6302519177689219 0.40069097509126622 0.98994949494949502 0.12717187917669076 0.022599591419816142 0.58110611681095392 0.844301140512839 0.054084334528711871 0.60102040816326541 0.27452683368209879 0.073108159377047968 0.078649448239313094 0.92215007215007228 0.57119881034056974 0.012628167045946328 5.912887901106509 0.60479064427071794 4.3891996993869515
decision_type=2 2 2 2 2 2 8 10 10 2 10 2 2 8 2 10 8 10 10 8 8
left_child=1 2 -1 9 6 19 7 -5 -8 12 15 -12 14 -14 -2 -11 17 -4 -18 -6 -3
right_child=3 20 16 4 5 -7 8 -9 -10 10 11 -13 13 -15 -16 -17 18 -19 -20 -21 -22
leaf_value=0.026327543903893736 -0.001887477640354578 -0.038842174499846373 0.019761900839057663 -0.022812946512496417 0.019986621912427265 -0.022773389187680456 -0.0044396772487407584 0.012726850634400636 0.012939108111096935 0.0065977849103791113 -0.012006883718078861 -0.0019003919780796301 0.0061885959026218981 8.2715353685770812e-05 0.0014793373498327258 0.043293206119392177 -0.006136627020241708 -0.010282378038269037 0.028471524946328701 0.0077393718421452434 -0.0024857926888826693
leaf_weight=3.9732322497293415 528.25522440066561 1.2202795268967737 8.9104724833741802 2.3833551518619087 11.934949323534971 1.9572681467980135 55.2761198093649 17.499203390441835 3.659123503137379 4.5687093236483625 26.244663663674146 45.930882344022393 54.521525943651795 200.45919935894199 119.93345440528356 0.93030758854001749 6.3139553135260931 2.2847814699634901 1.0774538456462321 13.459374289028345 0.95427450817078385
leaf_count=35 22932 29 133 42 216 27 2717 273 156 112 635 695 1724 7078 3114 15 139 50 24 326 16
internal_value=-0.000296713 0.00806002 0.0110431 -0.000486866 0.00252812 0.0109 -0.000377122 0.00846664 -0.00336068 -0.000813217 -0.00427404 -0.00557534 -0.000515579 0.00138831 -0.00126452 0.0128058 0.00777575 0.0136303 -0.00109176 0.0134954 -0.0228877
internal_weight=1111.75 24.7344 22.5599 1087.01 106.169 27.3516 78.8178 19.8826 58.9352 980.844 77.6746 72.1755 903.169 254.981 648.189 5.49902 18.5867 11.1953 7.39141 25.3943 2.17455
internal_count=40488 426 381 40062 3757 569 3188 315 2873 36305 1457 1330 34848 8802 26046 127 346 183 163 542 45
is_linear=0
shrinkage=0.03


Tree=143
num_leaves=24
num_cat=0
split_feature=3 2 9 26 9 0 6 3 11 9 21 11 10 11 7 9 21 18 7 11 0 11 13
split_gain=1.23727 1.53779 1.28943 1.43228 1.17828 1.24999 1.23385 1.10513 2.36257 1.36275 1.57862 1.41669 1.35916 3.00027 1.363 1.05999 1.04415 1.00615 0.961356 3.0273 1.27328 0.71567 0.586321
threshold=0.015154639175257735 -0.03391822238235237 0.050252525252525264 -0.024359453989353286 0.98484536082474239 0.46775103227011344 0.64142857142857157 0.69036082474226812 0.23330275127533009 0.18778350515463921 0.40919851037089433 0.21431787890812617 0.45180412371134027 1.2068651604100877 0.90360824742268053 0.010050505050505053 0.4675096623092454 0.29217479674796754 0.8666631601094047 -0.44060281941542273 0.844301140512839 -0.41066627903130376 -0.43297074126658702
decision_type=2 2 10 8 10 2 2 2 8 10 2 8 2 10 8 8 2 10 10 8 2 10 10
left_child=1 2 -1 -4 5 17 -7 15 9 10 -9 -11 14 -14 -10 22 -5 -3 20 -20 -17 -6 -2
right_child=7 4 3 16 21 6 -8 8 12 11 -12 -13 13 -15 -16 18 -18 -19 19 -21 -22 -23 -24
leaf_value=-0.028516413094699346 -0.0031860985553565299 0.011236257392907772 -0.025464577073066718 0.024684301502733177 0.0060995286999822387 -0.0230632196576049 0.01305030543626871 0.0010046205522600364 0.0020935022339948458 0.0012916541735185309 -0.0072896791736563648 -0.013978481371379489 0.0028757858992938881 -0.032877537852984112 0.012598677767134588 -0.0012826768479551145 -0.010967391080060505 0.02813590488502769 -0.018706971452231543 0.0029903086654577988 -0.0079268646640440529 -0.025858688824068842 0.02544994345757224
leaf_weight=1.7908622063696409 0.92835935764014754 11.269381502643233 1.267773021943867 2.101809730753303 1.3005285933613779 1.6161072831600898 1.7995886588469145 35.367138073779643 18.646205074153841 168.3532745889388 49.635367585346103 5.6516052051447323 83.868037132080644 2.1669491836801162 27.522662647534162 563.67751556262374 1.140546081587672 4.4119864087551823 6.1772527992725372 91.714246846968308 27.211896222550422 1.2243791064247478 2.0972297722473732
leaf_count=31 18 161 23 29 13 32 24 1098 480 6019 2168 189 2300 51 405 24348 23 55 86 1943 689 29 39
internal_value=-0.000173238 0.00606189 -0.00697976 0.00157193 0.00986243 0.0124089 -0.0040365 -0.000333995 0.000940376 -0.000725238 -0.00383866 0.000795687 0.00420357 0.00197527 0.00835596 -0.00105464 0.0121433 0.015991 -0.00113247 0.00162114 -0.00158866 -0.00939766 0.0166634
internal_weight=1110.94 27.923 6.30099 4.51013 21.622 19.0971 3.4157 1083.02 391.211 259.007 85.0025 174.005 132.204 86.035 46.1689 691.807 3.24236 15.6814 688.781 97.8915 590.889 2.52491 3.02559
internal_count=40253 420 106 75 314 272 56 39833 12710 9474 3266 6208 3236 2351 885 27123 52 216 27066 2029 25037 42 57
is_linear=0
shrinkage=0.03


Tree=144
num_leaves=31
num_cat=0
split_feature=9 24 11 0 23 24 0 6 5 7 4 1 6 9 15 12 16 24 11 15 4 15 24 1 15 4 12 21 7 5
split_gain=1.90747 2.17504 2.12985 1.68168 1.48941 1.54364 1.50048 1.49522 1.71805 1.5038 1.41162 1.13816 1.83984 1.12387 1.83418 2.21731 1.71388 2.01726 2.41735 1.90173 1.49331 1.44426 1.25896 1.40039 1.18302 2.27277 1.21588 1.02087 0.784635 0.290134
threshold=0.85640648011782039 -1.4990485566886877 -0.48033177129553722 -0.55186477278862744 1.5559269241609466 -3.3710582577610944 -0.43798200637666873 0.38072164948453613 0.9384599200504945 0.94422680412371141 0.045618556701030939 0.19154077333780353 0.611122448979592 0.76409636019356209 0.12429775280898878 -0.52370859208212994 0.28756259928083966 4.0517864356717892 0.066250778676986158 0.011561079925153704 0.95897328003366311 0.046244319700614815 -0.38280347133556597 0.16167830788838164 0.12717187917669076 0.34182026450067693 0.53987631091846133 0.45331117351118227 0.9384599200504945 0.8666631601094047
decision_type=10 8 8 2 2 10 2 2 2 8 2 2 2 10 8 10 8 10 8 10 2 10 8 2 8 2 10 2 8 2
left_child=13 4 11 -4 7 6 -6 8 -2 -9 -5 12 -3 16 15 21 17 18 -1 -19 -17 -15 27 -24 25 -18 -26 -16 -13 -7
right_child=1 2 3 10 5 29 -8 9 -10 -11 -12 28 -14 14 22 20 24 19 -20 -21 -22 -23 23 -25 26 -27 -28 -29 -30 -31
leaf_value=0.016272894863155186 0.012314411302973579 -0.017906700961400651 -0.025112965280620601 0.019539795379895215 0.02920003563768199 -0.034700064454896103 -0.02546402298376561 -0.00079402036168222919 -0.013698950870618995 -0.018310248889126444 0.0027728233651521965 0.012875845051980047 0.017004631176378529 -0.0083304789747593172 -0.024905613398204973 -0.01489121807581059 -0.0015019811364110893 -0.025217110672410097 -0.0049862751894518172 0.01664907594705408 -0.052554227448789376 0.02284171579417877 0.0026299101466510572 -0.014668326482421489 -0.001642628397669565 0.006049692659012269 0.0028649220073827999 -0.0051768846221468589 0.035417317003073885 -0.06372002709342825
leaf_weight=6.4319707760587335 9.0896085258573311 1.8630904797464589 1.9027491258457292 4.653257521800696 0.67026136443018947 0.58846012642606982 1.3873636582866313 11.044314431492241 3.0523033495992413 7.3445793935097745 156.72144336230122 2.4416365176439285 5.0172782093286514 3.1662615984678295 2.8815659000538281 14.733714717440305 82.485027868300676 1.0443735830485845 19.134414550382647 15.021255476865916 1.0125796329230059 2.3162438375875354 43.952069235034287 4.6584043465554705 569.30625366978347 63.466810940764844 59.485994613729417 13.05596488015726 3.2260388918220997 0.65538663044571877
leaf_count=213 234 26 28 52 10 26 60 324 46 211 3739 25 60 54 106 293 1424 14 686 299 19 33 1825 119 26913 1197 1693 614 28 14
internal_value=-7.69573e-05 0.00250067 0.00384103 0.0029257 -0.0044652 -0.0236068 -0.00765747 -0.00239531 0.00577502 -0.00779005 0.0032563 0.0157515 0.00755122 -0.00067599 -0.00394262 -0.0115922 -0.000332764 0.00559693 0.00036209 0.0139275 -0.0173132 0.00483912 -0.0014268 0.000972198 -0.000651405 0.00178185 -0.0012162 -0.00874391 0.0257064 -0.0499908
internal_weight=1111.81 209.658 175.825 163.277 33.8323 3.30147 2.05763 30.5308 12.1419 18.3889 161.375 12.548 6.88037 902.153 85.7768 21.2288 816.376 41.632 25.5664 16.0656 15.7463 5.48251 64.548 48.6105 774.744 145.952 628.792 15.9375 5.66768 1.24385
internal_count=40385 4883 3958 3819 925 110 70 815 280 535 3791 139 86 35502 3063 399 32439 1212 899 313 312 87 2664 1944 31227 2621 28606 720 53 40
is_linear=0
shrinkage=0.03


Tree=145
num_leaves=29
num_cat=0
split_feature=12 20 14 16 8 11 18 9 22 5 14 9 18 17 6 11 22 25 9 19 6 3 25 3 14 15 20 11
split_gain=1.30842 1.48716 1.47103 1.78757 1.56023 1.68885 1.47337 1.34762 1.44085 1.51116 1.23006 1.18911 1.10414 2.21767 2.35941 2.90314 1.8283 2.22995 1.80103 1.70135 1.8609 2.39346 1.55302 1.52387 1.35608 1.57966 0.957811 0.631827
threshold=0.63246497479961206 0.35829813892599321 0.10557275541795667 0.78709628358609118 0.76144329896907226 1.2068651604100877 0.072299651567944254 0.010050505050505053 -0.028127329826828269 0.95979797979797987 0.35375234521575988 0.90954545454545466 0.17712418300653598 -1.0626898061419943 0.24121212121212124 -0.059221053225437352 -0.028127329826828269 5.3410800399705058 0.025309278350515465 29.500000000000004 0.030151515151515155 0.8325257731958764 7.5433065285784204 0.06592783505154641 0.064309346567411094 0.057805399625768521 0.24314544422006271 0.51396630398821241
decision_type=10 10 10 10 2 8 8 8 2 2 10 8 8 8 2 10 2 8 10 8 2 2 8 2 10 8 8 10
left_child=12 2 3 6 10 -6 -2 -3 11 -10 -4 -9 13 14 15 -1 17 -15 -18 20 21 -14 -22 -16 25 -21 -26 -5
right_child=1 7 4 27 5 -7 -8 8 9 -11 -12 -13 19 16 23 -17 18 -19 -20 24 22 -23 -24 -25 26 -27 -28 -29
leaf_value=-0.045517215770632939 -0.015437844814258131 0.026356374772509034 -0.0119016724154376 -0.011896463197686776 0.01755599642478621 -0.0082203823264349867 0.011813521594274828 0.029467033519097477 -0.0003754341178722294 -0.015577130057761516 0.0070427845935124855 -0.010569568479249239 0.002874804588207941 0.001096146043470301 0.019925602814919518 -0.0082878786786502456 0.0081701638310975478 0.023540858917438814 0.00045554606942650082 0.015905985458754112 -0.00053928730765628755 0.028895488944447188 0.0061941142315424238 -0.0033438485198103501 0.0049034634712481337 0.00095063248008965724 -0.0021498405516325132 -0.043742050656995428
leaf_weight=2.5193621274083853 2.5852359025739107 1.6021093670278777 3.9387979675084379 1.2044154503382736 20.53738253749907 2.5744147896766689 5.7726124580949554 2.255111799575388 30.08164281770587 7.3168136142194262 14.224428582936524 0.94844772480428208 8.5455610668286663 7.665299066808072 3.0078222304582622 7.4882330191321689 34.710482706315815 8.2952019236981869 126.46880507585593 6.946532115340232 131.47312615066767 5.0684948479756704 40.271358256228268 16.041812458541244 17.911642297171056 74.825126402080059 531.36412222357467 1.0491436794400213
leaf_count=49 63 16 136 47 344 30 83 50 871 109 388 24 129 227 64 174 982 174 4114 73 4857 56 1455 737 827 2608 21791 20
internal_value=0.00016589 0.00355127 0.00695282 -0.00300955 0.00951405 0.0146848 0.00338417 -0.000630651 -0.00169553 -0.00334957 0.00293457 0.0176138 -0.000145602 0.00181592 -0.00586583 -0.0176602 0.003076 0.0127614 0.00211691 -0.000641016 0.0018859 0.0125623 0.00103959 0.000330257 -0.00138325 0.0022211 -0.00191984 -0.0267222
internal_weight=1116.69 94.0906 51.8864 10.6114 41.275 23.1118 8.35785 42.2041 40.602 37.3985 18.1632 3.20356 1022.6 206.197 29.0572 10.0076 177.14 15.9605 161.179 816.406 185.359 13.6141 171.744 19.0496 631.047 81.7717 549.276 2.25356
internal_count=40498 2181 1111 213 898 374 146 1070 1054 980 524 74 38317 6521 1024 223 5497 401 5096 31796 6497 185 6312 801 25299 2681 22618 67
is_linear=0
shrinkage=0.03


Tree=146
num_leaves=23
num_cat=0
split_feature=22 13 7 16 17 20 22 17 10 7 7 15 6 21 18 18 23 10 1 9 6 2
split_gain=1.0428 1.58738 1.4214 1.86856 1.79731 0.916673 2.22256 2.39992 1.68648 2.55346 1.58496 1.1825 1.1593 0.905192 1.47832 1.64696 1.64556 1.44922 1.5355 1.46093 0.845889 0.21956
threshold=0.074529484210766897 -0.25536499530412143 0.90360824742268053 0.9310156980057821 -0.62824937346631726 0.6456734157561711 0.0026114809564587531 0.20850593583534319 0.19095959595959597 0.97469072164948456 0.83589312013465189 0.079098569969356505 0.086237113402061874 0.40613503663260447 0.19538706256627789 0.11834733893557424 -1.7961775456973517 0.98226804123711353 0.22432432497764662 0.70051546391752584 0.59091836734693881 -0.0091138446900464309
decision_type=2 8 10 10 8 10 2 10 2 8 8 8 2 2 10 10 2 2 2 8 2 2
left_child=5 -2 3 4 -3 13 8 11 9 -7 -9 -8 -10 17 15 -15 -16 19 -19 -1 -4 -5
right_child=1 2 20 21 -6 6 7 10 12 -11 -12 -13 -14 14 16 -17 -18 18 -20 -21 -22 -23
leaf_value=0.0028754589608828199 -0.028373209595404219 -0.026253701796977044 0.0066019384709506612 0.024377256200886259 0.013753842690252491 -0.0037888915746705498 0.031895695332438821 -0.022356322498592464 0.032590723149410861 -0.050142205101112183 0.012392457071101466 0.012239512945656355 -0.00053678574503891751 -0.00078786532725378235 0.0055381255796765547 0.0046754076901895092 -0.0030299597534408935 -0.0078058711471123317 -0.053387719821336631 -0.0016242126480739861 -0.033154315579929226 0.038882110614401583
leaf_weight=156.15294278226793 0.99623157270252705 1.2772865770384667 1.0026509175077087 1.7360560912638905 4.8404237516224331 3.3760163290426162 3.8846845133230099 2.6415519481524816 1.0488058663904656 1.5655640317127106 2.1371204266324639 9.4678820893168449 10.168253650888799 330.86629378166981 21.318892390467227 58.431659951806068 375.5864266064018 3.4339321004226795 0.82491611503064621 111.17334018880501 0.9269772320985793 2.0462906854227185
leaf_count=5091 35 49 16 28 140 75 48 85 12 37 45 311 413 15451 656 1992 12663 170 17 2797 24 27
internal_value=-0.000509223 0.00799515 0.0110579 0.0156489 0.00540086 -0.000609102 0.00421835 0.0114287 -0.00387217 -0.0184743 -0.00681595 0.0179581 0.00256067 -0.000765592 -0.00128139 3.21444e-05 -0.00256974 0.000727569 -0.0166348 0.00100417 -0.0124966 0.0322245
internal_weight=1104.9 12.8259 11.8297 9.90006 6.11771 1092.08 34.2899 18.1312 16.1586 4.94158 4.77867 13.3526 11.2171 1057.79 786.203 389.298 396.905 271.585 4.25885 267.326 1.92963 3.78235
internal_count=40182 319 284 244 189 39863 1026 489 537 112 130 359 425 38837 30762 17443 13319 8075 187 7888 40 55
is_linear=0
shrinkage=0.03


Tree=147
num_leaves=27
num_cat=0
split_feature=10 3 8 18 15 9 23 23 21 6 26 11 21 17 6 19 22 25 12 2 25 22 22 10 7 7
split_gain=1.38987 2.45087 2.00648 3.07471 2.23191 2.13027 1.81481 1.73151 1.70405 1.77048 1.67134 1.58664 1.32642 2.26252 1.80885 1.5287 3.39197 1.85511 1.42046 1.32503 1.29681 1.8524 1.18159 1.10132 1.09487 1.01264
threshold=0.035463917525773207 0.025309278350515465 0.14716494845360825 0.20881782945736438 0.72516420361247957 0.10050505050505053 -0.60849019987316666 -0.9607705029012622 0.28662690818862008 0.49489742788711871 0.64317276856697203 -0.28720960482723429 0.40613503663260447 3.7269907702589795 0.18090909090909094 38.500000000000007 -0.033687162564287158 7.8421189519019094 0.2453387707434527 -0.074187863452936306 2.2051388565210934 -0.0035712134649323207 0.024030556527514003 0.92964646464646472 0.42346141830677919 0.44164948453608249
decision_type=2 2 2 10 10 10 2 2 2 2 10 8 2 10 2 8 2 8 10 2 8 2 2 2 8 8
left_child=1 8 3 5 11 -3 -6 -5 9 -1 24 -4 13 20 15 17 -17 -14 22 -20 21 -2 -16 -22 -10 -11
right_child=12 2 4 7 6 -7 -8 -9 10 25 -12 -13 14 -15 18 16 -18 -19 19 -21 23 -23 -24 -25 -26 -27
leaf_value=0.0045272912950379525 -0.027488526882410338 -0.013096162558988426 0.0049410130137350645 0.011107331143580578 0.019100982537473506 0.014513964842778971 -0.019788027028475833 -0.017368588863051804 0.023744307226205894 -0.050341151822317423 -0.030546459990961679 0.016466134526161171 0.0028603532200135468 -0.055542051368068987 -0.0034142158418594771 0.012001865263804559 -0.00188624443402388 0.016257318257430032 0.010741377938459782 -1.6522324050829155e-05 0.002768023813615763 -0.00090622731881354643 0.00081065363875074028 -0.0057545085198784391 -0.0015143681741403912 -0.01769699254157224
leaf_weight=1.559324774891137 3.1756301494315258 3.2261795727536109 18.805098435841501 2.379648992791771 1.497072755359113 11.409275274723766 3.8765137204900375 9.9889497244730574 2.0627095326781246 1.7129642851650717 1.4079270958900441 25.099223764613271 60.682847923599184 0.62231968529522319 352.59780766745098 17.792263012379408 143.31560366717167 10.986756227910517 11.419214273337273 105.5223425431177 218.22987242066301 9.178629925940184 71.690862645860761 14.556680468376724 6.1476958030834803 1.7079776115715501
leaf_count=17 95 50 218 32 26 138 86 169 23 30 22 306 1298 14 18189 298 3324 216 489 4641 6782 292 2903 566 81 21
internal_value=-1.58978e-05 0.00353907 0.00569429 -0.000878356 0.00929606 0.0084277 -0.00895361 -0.01189 -0.00772256 -0.0219665 -0.000347197 0.0115297 -0.000332712 0.00158739 -0.000942384 0.00126903 -0.000352484 0.00491407 -0.00189349 0.00103397 0.00173242 -0.00773914 -0.00270035 0.00223509 0.0048314 -0.0340429
internal_weight=1110.65 90.8806 76.282 27.0041 49.2779 14.6355 5.37359 12.3686 14.5986 4.98027 9.61833 43.9043 1019.77 245.763 774.008 232.777 161.108 71.6696 541.23 116.942 245.141 12.3543 424.289 232.787 8.21041 3.42094
internal_count=40326 1219 1025 389 636 188 112 201 194 68 126 524 39107 7749 31358 5136 3622 1514 26222 5130 7735 387 21092 7348 104 51
is_linear=0
shrinkage=0.03


Tree=148
num_leaves=30
num_cat=0
split_feature=12 17 19 26 9 17 9 1 25 9 15 16 24 8 26 19 19 9 12 9 11 11 18 24 14 1 26 25 12
split_gain=1.32836 1.68853 2.35434 2.05695 1.82573 1.74801 1.63019 2.90515 1.61802 1.52386 1.32885 1.22177 2.00589 2.31851 1.66237 1.42451 1.20353 1.1915 1.06001 1.39576 1.35731 0.936032 1.85712 1.4431 0.903225 2.52071 2.04216 0.89275 0.280254
threshold=0.31268314418004034 -0.80672056775986578 10.500000000000002 2.4274363565033639 0.050252525252525264 -1.5911114644457538 0.95438144329896912 -0.047390986235906922 7.3449939025670465 0.10050505050505053 0.11299795709908071 0.28756259928083966 4.1380926458802589 0.86298969072164955 -0.83771634502223336 23.500000000000004 8.5000000000000018 0.025309278350515465 0.86419642497680049 0.51010204081632671 0.51396630398821241 -0.53988427421780638 0.73071852340145027 3.9312216048734308 0.064309346567411094 -0.61812202602002808 -0.27734282747493572 3.3903010920054943 0.23746093759162609
decision_type=10 8 10 10 8 10 10 2 10 8 10 8 10 2 8 10 10 10 10 8 10 8 10 10 10 2 8 10 8
left_child=11 3 6 4 10 -5 8 -8 -3 -6 -2 12 15 14 -14 16 -1 -17 20 -20 -4 22 23 -13 26 -26 -23 -24 -15
right_child=1 2 18 5 9 -7 7 -9 -10 -11 -12 21 13 28 -16 17 -18 -19 19 -21 -22 24 27 -25 25 -27 -28 -29 -30
leaf_value=0.00015907033140843523 0.030675647078440949 0.010230779990838209 0.00025737066286052091 -0.0021079722868130174 -0.024318271486759073 -0.056766267894498623 0.011487351774526823 -0.028322497310888189 -0.0097707221002498509 -0.0014045532199847299 -0.0012609778302231226 -0.00041854010181695327 0.02937396665466404 0.049452761733365463 -0.0024541852068133774 0.013595585510260367 0.024239059226035562 -0.014348050115798462 0.0035722580692662677 -0.013713831923637057 0.014073059313080772 -0.0046375643648537326 0.038087294415531887 0.029691793263424578 -0.035020643459550298 -0.0014326922663008674 0.0038515372763266559 0.0093241713214681707 0.030015634751921483
leaf_weight=5.5077353697270208 2.7083229552954426 61.151055346941575 52.882699534064159 0.99317918485030565 2.7276437524706116 1.1209098054096092 3.6420710710808635 3.0159890735521904 3.8703810200095168 61.684624582529068 2.0678665172308683 23.963470690883703 2.1373233050107956 1.411031949566677 4.7795834215357882 1.7009493941441158 2.8268069168552756 7.1297120084054768 7.2155209281481829 10.072559630498288 7.2811132716014972 36.59972871770151 1.9346718750894063 1.5236265351995815 2.0166226383298627 713.15139885502867 84.12685230281204 1.9501145705580709 1.2671825303696098
leaf_count=229 23 1548 1805 28 93 34 47 62 128 1892 59 354 35 20 125 57 68 258 205 270 148 1234 17 15 30 29122 2509 26 27
internal_value=-0.000226682 0.00185871 0.00367424 -0.00193853 -0.00104785 -0.0310883 0.00759246 -0.00654584 0.0090402 -0.00237487 0.0168486 -0.000742015 0.00557129 0.016557 0.00738071 -0.000569571 0.00832622 -0.00896559 4.80338e-05 -0.00649914 0.00192937 -0.000937268 0.00432656 0.00138146 -0.00112223 -0.0015274 0.00127796 0.0236486 0.0402562
internal_weight=1112.46 220.434 149.131 71.3025 69.1885 2.11409 71.6795 6.65806 65.0214 64.4123 4.77619 892.027 26.7603 9.59512 6.91691 17.1652 8.33454 8.83066 77.4519 17.2881 60.1638 865.266 29.3719 25.4871 835.895 715.168 120.727 3.88479 2.67821
internal_count=40468 6342 4213 2129 2067 62 1785 109 1676 1985 82 34126 819 207 160 612 297 315 2428 475 1953 33307 412 369 32895 29152 3743 43 47
is_linear=0
shrinkage=0.03


Tree=149
num_leaves=23
num_cat=0
split_feature=15 0 26 7 21 1 4 10 22 13 10 0 4 1 11 19 3 20 7 0 24 7
split_gain=1.49288 1.47435 1.38746 2.38799 1.21354 1.74289 1.215 1.24938 1.21334 1.14489 1.11327 2.21864 2.45998 1.90985 1.2979 2.25414 1.18291 1.00131 1.07145 0.848894 0.794226 1.09154
threshold=0.48562065275548427 -0.55186477278862744 -1.3872550914846029 0.99500000000000011 0.72340286648151297 0.2008546241517529 0.66163265306122454 0.040202020202020211 -0.0014116408622527675 -0.81490563522752602 0.67005154639175268 0.64590959919344781 0.87314432989690738 -0.22850106631619851 0.187689798057912 11.500000000000002 0.96984848484848496 0.26060695444452692 0.92820324005891031 0.41807332727682472 4.9904162326536463 0.83589312013465189
decision_type=8 2 10 10 2 2 2 2 2 8 2 2 2 2 10 8 2 8 8 2 10 8
left_child=4 -2 3 9 10 6 7 -6 -8 -3 14 13 -13 -12 16 -16 -1 19 -19 -4 21 -7
right_child=1 2 17 -5 5 20 8 -9 -10 -11 11 12 -14 -15 15 -17 -18 18 -20 -21 -22 -23
leaf_value=0.00014115954953004091 0.021031770065664 0.010519211831572653 0.0031121596417213043 -0.070365307125498017 0.036144458088403053 -0.0043701246335849219 0.020492188839966324 -0.0013365531613012487 0.0036629832969419249 -0.0041992974785225196 0.029997407151369226 -0.015281824809392644 0.0069387834830127067 -0.00034933289110642188 0.017171935421984658 0.0028339975954236752 0.0071217893370024146 -0.001885151955451677 0.0016746486179837988 0.01807158638526267 0.034416629071594075 0.022026604248222077
leaf_weight=344.2030290919356 2.7064408492296925 4.9516124655492604 17.66911144042388 0.48427467234432597 0.82228699326515453 2.1671499423682672 6.0060385107062784 30.089885155670345 10.768822418060152 120.64007443888113 1.9104299647733558 18.59686240833253 5.9086126699112347 81.087371969828382 11.166365927085279 84.901884406339377 23.32844349462539 214.14394949865527 118.04359707608819 4.2316590016707769 2.0312305558472872 4.034733465872705
leaf_count=9288 34 177 980 8 9 57 253 1359 460 6258 30 407 86 3142 162 1574 399 10521 4809 134 15 72
internal_value=0.000205414 -0.00104836 -0.00117281 -0.00387538 0.00117095 0.00538869 0.00318802 -0.00033953 0.00968848 -0.003619 0.000757961 -0.00199263 -0.00992413 0.000349183 0.00139579 0.00450055 0.000584243 -0.000210542 -0.000620169 0.00600261 0.0181352 0.0128027
internal_weight=1109.89 482.871 480.164 126.076 627.023 55.9201 47.687 30.9122 16.7749 125.592 571.103 107.503 24.5055 82.9978 463.6 96.0683 367.531 354.088 332.188 21.9008 8.23311 6.20188
internal_count=40234 22921 22887 6443 17313 2225 2081 1368 713 6435 15088 3665 493 3172 11423 1736 9687 16444 15330 1114 144 129
is_linear=0
shrinkage=0.03


Tree=150
num_leaves=31
num_cat=0
split_feature=3 19 9 26 0 24 9 18 25 12 9 26 10 9 3 11 2 2 3 9 16 18 26 12 10 10 10 18 24 3
split_gain=1.42607 2.2746 1.77979 2.25286 2.06481 2.26704 1.56937 1.52811 1.97169 1.7542 1.63512 1.28071 1.821 1.85037 1.62976 1.26931 1.25329 1.14015 1.12542 1.35635 1.86604 1.65603 1.04204 1.00189 1.85223 1.12623 0.969991 0.888401 1.77448 1.11579
threshold=0.87691984010098889 29.500000000000004 0.8666631601094047 -2.4965599465543846 1.7799472545222128 0.41330299845188229 0.27136363636363642 0.57294832826747732 6.8538425637663218 0.26481983375133461 0.23116161616161621 -0.3885848937336111 0.42346141830677919 0.89949494949494968 0.47448713943559312 -0.48033177129553722 0.073034071562482691 0.14286196680457855 0.015154639175257735 0.79190721649484541 0.85709100390632031 0.57676767676767693 -0.71681495063908174 0.65505654180495443 0.41118556701030934 0.85283505154639183 0.44387170675830473 0.58616118769883363 6.277048529958356 0.85640648011782039
decision_type=2 8 10 10 2 10 8 10 10 8 8 8 2 8 2 8 2 2 2 10 10 8 8 10 2 2 2 10 10 2
left_child=11 7 3 6 5 -4 -3 8 16 22 -11 18 13 17 -15 -5 -2 -13 19 20 -1 -21 -9 25 -25 -20 -10 29 -29 -14
right_child=1 2 4 15 -6 -7 -8 9 26 10 -12 12 27 14 -16 -17 -18 -19 23 21 -22 -23 -24 24 -26 -27 -28 28 -30 -31
leaf_value=8.4751081726052956e-05 -0.0042803974574689811 -0.021165487812579761 0.00043865882225595237 0.020246879530132402 -0.026806570666312445 0.018098786553564072 -0.0043003150515077285 0.031007887402503487 0.0062141138441461482 -0.019550507823153158 0.010604964868618467 -0.00023186972831083257 -0.0028274246150650625 0.0066732233526083529 -0.00030594725709357033 0.0005421460207251066 0.018630481612956905 0.01638609533135757 -0.002175408669921163 0.020232144997425764 0.036442035661361519 -0.028482223743572482 0.013839146209248468 -0.0096286456835777585 0.011729441216952061 -0.0084852229748749713 0.033021296959240949 0.002598790188560129 -0.012461485302900041 0.010730988934278542
leaf_weight=2.546298529021441 16.734285918995745 6.8694159793667522 12.776079079136258 3.0370610505342484 1.4916024133563031 13.407337596639989 17.919323329813778 5.4350321143865585 2.3545967433601609 2.0708268648013481 7.4055735524743804 211.86010795971379 200.59543444029987 96.197362151462585 43.835550791583955 94.168868145672604 2.465472691692411 3.7820892147719851 214.25639769644476 1.0671962294727566 2.5358008444309235 1.5262773148715494 7.6738501256331784 5.4462270643562105 11.107249078806488 28.891742386389524 2.5095777669921517 76.06186950718984 7.7595566301606587 5.6156169227324417
leaf_count=43 484 231 233 39 21 201 577 63 67 56 148 6949 10764 2125 1107 2711 58 84 8591 16 23 35 130 131 286 1559 60 3091 222 243
internal_value=0.000140382 0.00246003 0.000657228 -0.000900933 0.00752578 0.00948161 -0.00897396 0.00824415 0.00298392 0.0138488 0.00401525 -0.000358357 0.00036464 0.00180329 0.00448848 0.00115779 -0.00133837 5.95882e-05 -0.00210437 0.00921696 0.0182258 -0.0084366 0.0209574 -0.00243898 0.00470246 -0.00292516 0.0200448 -0.00139962 0.00120462 -0.0024582
internal_weight=1109.4 196.319 149.67 121.995 27.675 26.1834 24.7887 46.6492 24.0639 22.5853 9.4764 913.085 645.708 355.675 140.033 97.2059 19.1998 215.642 267.377 7.67557 5.0821 2.59347 13.1089 259.702 16.5535 243.148 4.86417 290.032 83.8214 206.211
internal_count=40348 5079 4013 3558 455 434 808 1066 669 397 204 35269 24585 10265 3232 2750 542 7033 10684 117 66 51 193 10567 417 10150 127 14320 3313 11007
is_linear=0
shrinkage=0.03


Tree=151
num_leaves=22
num_cat=0
split_feature=10 26 24 22 24 11 7 10 3 12 26 18 11 9 13 21 21 18 16 11 18
split_gain=1.89712 1.74422 1.29327 1.89051 1.18386 1.72858 1.08871 1.07541 2.2335 1.86959 2.31079 1.83761 1.18243 1.00406 2.07535 1.78872 1.40209 2.32984 1.23815 1.18943 0.847599
threshold=0.035463917525773207 -2.2077208081739985 -3.6942023581773173 0.033720314751181264 3.8460442774856176 -0.23928895259789582 0.65153061224489806 0.045618556701030939 0.94422680412371141 -0.42686017087638267 -0.7060445616954647 0.084219858156028379 0.11703856452478335 0.090454545454545468 0.17950919796528456 0.68291780324256612 0.25875527912157509 0.16843971631205676 0.3066588189750446 -0.0087389114477041101 0.20881782945736438
decision_type=2 8 8 2 10 8 10 2 2 8 10 10 8 8 10 2 2 8 8 10 10
left_child=1 -1 3 20 5 -4 -6 8 9 10 -2 -11 -10 14 18 -16 17 -15 -9 -18 -3
right_child=7 2 4 -5 6 -7 -8 13 12 11 -12 -13 -14 16 15 -17 19 -19 -20 -21 -22
leaf_value=-0.027951801333276825 0.019580718178634476 0.025248390261548889 -0.0025671982810514175 -0.012510964616480288 0.020285669949196644 0.0070088750237227437 0.00050484753492922169 0.016915521319621259 0.02392444893147835 -0.0039590227276154995 -0.018390507678604538 -0.025407637277539186 -0.0075378090764041828 0.015879000547026234 -0.015603933560282409 0.014447232061982229 -0.0018739743713846822 0.0010112520845941744 -0.0020445766048212558 0.00040721434956683938 0.0032609002908686223
leaf_weight=1.5251720175147054 3.3761887298896909 6.7349846092984063 38.545365606434643 1.9560641087591637 6.3390829600393754 30.302176148630679 4.1393917985260487 3.2916014455258837 2.8793611340224734 6.0953270364552798 2.5183631693944335 8.7638229113072139 1.7156574316322801 12.458761841990052 16.879902523010973 1.9931270331144322 342.70344661083072 39.753614188171923 53.199133546091616 514.61507493001409 2.0606990251690149
leaf_count=24 49 86 515 27 73 413 58 56 35 100 48 171 24 199 597 50 14422 1509 1984 19721 30
internal_value=-0.000271896 0.00386207 0.00440073 0.0141647 0.00307734 0.00164756 0.0124715 -0.000646739 -0.0067479 -0.0109381 0.00335805 -0.0166093 0.0121773 -0.000489711 -0.00381733 -0.0124303 -0.000213984 0.00455895 -0.00093981 -0.000504665 0.020097
internal_weight=1101.85 91.6029 90.0778 10.7517 79.326 68.8475 10.4785 1010.24 25.3487 20.7537 5.89455 14.8591 4.59502 984.895 75.3638 18.873 909.531 52.2124 56.4907 857.319 8.79568
internal_count=40191 1226 1202 143 1059 928 131 38965 427 368 97 271 59 38538 2687 647 35851 1708 2040 34143 116
is_linear=0
shrinkage=0.03


Tree=152
num_leaves=23
num_cat=0
split_feature=22 4 7 16 2 17 24 2 23 5 20 13 3 23 9 1 20 20 1 26 9 15
split_gain=1.16544 1.32548 1.66119 1.50612 1.46965 2.13062 1.6867 0.924392 2.03273 1.87215 2.25439 1.42268 1.42344 1.37831 1.10882 1.24528 1.81248 0.922853 2.04118 0.840938 0.408762 0.557332
threshold=-0.033687162564287158 0.045618556701030939 0.8974332000841575 1.2140102593780799 0.12263596368941027 0.32779994483739255 1.6957194891764913 0.1335161845900886 -0.30140590685799462 0.87691984010098889 0.52091793633557026 1.2453918676827795 0.65153061224489806 1.3177555619289245 0.010050505050505053 0.13661734874459036 0.39166011386594773 0.56449036268244013 -0.029342288807815978 0.30076290092747021 0.4721134020618557 0.10169816138917263
decision_type=2 2 8 10 2 8 10 2 2 2 10 10 2 2 8 2 10 10 2 8 10 10
left_child=1 2 -1 4 6 -6 -3 14 11 10 -10 12 -9 -11 15 16 -2 19 -19 -16 21 -4
right_child=7 3 20 -5 5 -7 -8 8 9 13 -12 -13 -14 -15 17 -17 -18 18 -20 -21 -22 -23
leaf_value=-0.0075073132100040548 0.029216783463481208 -0.00010362407524560362 0.0044988627965111523 -0.037953140063877282 -0.045849499769651282 0.0058594818840733845 0.01004683402890375 0.0013239036286949834 0.0076426012767992092 0.027933868719831809 -0.02864672033544681 0.029635956700355136 -0.016550070803759451 -0.0040235798363388404 -0.0015007695328352146 0.035275352999858699 -0.016357928495117153 -0.0040661669089607534 0.0051650015626854744 0.00034901442909353396 0.035577023669614176 0.030949080755477646
leaf_weight=1.8770564831793297 1.377970261499285 34.651578780729324 1.3824164448305967 0.81024514604359765 1.3165117343887676 1.5752841774374249 25.632222815882415 10.195620099082594 17.2494854759425 6.3516432344913474 1.6917949616909016 1.0917039746418584 6.6094525326043359 1.5018256213515995 414.99576142290607 1.6570512093603609 1.8261583745479582 30.453358105849475 73.805010181851685 473.63102253712714 2.1231039874255657 1.489430086687207
leaf_count=35 20 1208 20 18 34 56 653 327 513 71 58 15 213 23 16246 15 51 929 2343 17444 20 27
internal_value=0.000310545 0.00403353 0.0165538 0.00268887 0.00321011 -0.0176814 0.00421228 5.74816e-05 0.00427854 0.00950745 0.00440132 -0.00355009 -0.00570595 0.0218226 -0.00013159 0.0141613 0.00324197 -0.000201569 0.00246862 -0.000514849 0.0255958 0.0182168
internal_weight=1113.3 70.8578 6.87201 63.9858 63.1756 2.8918 60.2838 1042.44 44.6915 26.7947 18.9413 17.8968 16.8051 7.85347 997.746 4.86118 3.20413 992.885 104.258 888.627 4.99495 2.87185
internal_count=40339 2071 102 1969 1951 90 1861 38268 1220 665 571 555 540 94 37048 86 71 36962 3272 33690 67 47
is_linear=0
shrinkage=0.03


Tree=153
num_leaves=18
num_cat=0
split_feature=15 17 9 12 17 4 17 18 9 5 17 2 13 5 19 3 17
split_gain=1.02309 3.90903 1.4671 1.39418 1.14138 1.12411 1.12101 1.27435 1.47977 1.1123 1.01995 2.44574 1.84526 1.28799 1.13288 1.96964 0.87562
threshold=0.011299795709908071 1.493482075534146 0.90360824742268053 0.26481983375133461 1.1135941537046892 0.45180412371134027 3.2728385611719211 0.082207207207207214 0.88329896907216499 0.43149484536082477 -1.3005005525075048 -0.11109921216630705 1.3128393754986323 0.77435304018514628 17.500000000000004 0.87691984010098889 -1.253442929617377
decision_type=8 10 10 8 8 2 10 8 10 2 8 2 10 2 8 2 8
left_child=1 2 3 -1 -4 -5 10 -8 9 -9 11 13 -13 -2 15 -12 -16
right_child=6 -3 4 5 -6 -7 7 8 -10 -11 14 12 -14 -15 16 -17 -18
leaf_value=0.03261673836879015 -0.013834908791770606 -0.034754839443293301 -0.025286454463572708 -0.0059813064248180623 0.011229514039148052 0.024395697105420056 -0.030555667940686291 -0.017442532156388725 0.033889553907079567 0.012685535212414438 0.00097774330949634987 -0.0010642768544641414 -0.022223123603091199 -0.048367463659221684 0.011455123513680556 0.0098372488293252229 -0.00024244526296730276
leaf_weight=4.3814797028899193 3.279102256987243 1.6667747981846321 1.2608679570257653 2.269037773832677 1.980407413095236 2.1214529909193516 0.63630323158576807 1.4228825010359285 2.3267963984981179 4.9036225639283657 113.60892409551889 99.320914259646088 3.8534357976168385 1.3816550108604131 5.7995302942581475 28.188047656323761 829.56531506567262
leaf_count=39 166 30 22 37 24 27 21 66 27 113 3966 3846 106 44 204 595 31015
internal_value=0.000144831 0.00829821 0.0142716 0.0206444 -0.00297533 0.00869664 4.29025e-05 0.01042 0.0134331 0.00590949 -4.5945e-05 -0.00281479 -0.00185453 -0.0240719 0.000259612 0.00273894 -0.000161235
internal_weight=1107.97 13.68 12.0132 8.77197 3.24128 4.39049 1094.29 9.2896 8.6533 6.32651 1085 107.835 103.174 4.66076 977.162 141.797 835.365
internal_count=40348 179 149 103 46 64 40169 227 206 179 39942 4162 3952 210 35780 4561 31219
is_linear=0
shrinkage=0.03


Tree=154
num_leaves=25
num_cat=0
split_feature=6 0 20 0 22 19 25 9 7 26 0 23 17 9 7 22 11 9 19 25 9 13 3 15
split_gain=1.1684 1.7079 1.67537 1.33254 1.30622 2.24603 2.7018 2.66941 2.03803 1.9518 1.92922 2.58211 2.18899 1.66913 2.79921 2.03269 1.6372 1.26105 1.68578 1.25556 2.03758 1.27303 1.19087 1.07728
threshold=0.45407685098406753 -0.49982908107037938 0.40794893052140718 -0.46381791935589578 0.0049470818759360206 43.500000000000007 4.2724003259974994 0.8325257731958764 0.6294329896907217 1.5379513486711414 -0.095016215352288755 -1.6921806836711111 0.60902352166246299 0.12685567010309282 0.98974332000841592 0.0055051860586424447 0.51396630398821241 0.93407216494845369 49.500000000000007 1.5556397696818576 0.050252525252525264 -0.70771617665468123 0.99500000000000011 0.15029403902699814
decision_type=2 2 8 2 2 10 10 8 10 10 2 2 8 10 10 2 10 10 8 8 8 8 2 10
left_child=1 2 -1 -3 5 8 7 -7 16 -10 11 23 -13 15 -15 -12 -2 18 -4 20 -5 -21 -8 -6
right_child=4 3 17 19 10 6 22 -9 9 -11 13 12 -14 14 -16 -17 -18 -19 -20 21 -22 -23 -24 -25
leaf_value=-0.013226569066881914 -0.0023286818736817298 -0.021622630810828374 -0.0043456097534194122 0.034169770375452511 0.02828111889232619 -0.0060759492845590185 -0.00035771816941375693 -0.021251700691426449 0.0054601586880700234 -0.020614816849119779 0.030440279505278785 -0.0035253339000980021 0.0060593818498747599 -0.0033362085462105982 -0.044748314419366698 0.0015355271072133446 -0.027039958797887825 0.036071392507882813 0.026151601743931281 0.0056263635819881865 -0.018445823502554495 0.00037478176441510302 -0.052389634663833756 0.0068344907854382643
leaf_weight=1.8798522986471624 131.67977198818699 2.4298664475791147 3.2467887178063406 0.74794210121035476 5.0380593328736705 27.843024277128279 37.976477765943855 16.681779629550874 50.920449652243406 2.7217268464155486 2.3097729776054612 36.227898346725851 52.555159174371511 97.726126102264971 1.4914239346981037 42.102929526008666 2.4580220477655521 2.4899878306314349 3.2783991731703268 45.11170308245346 5.7926956997253001 525.194700345397 0.40005437843501468 3.6243135859258473
leaf_count=29 6544 39 36 17 68 1283 1933 602 1699 123 82 1146 1270 5126 32 1963 54 20 31 826 207 16983 8 121
internal_value=-0.000141427 0.00076824 0.0125359 0.000546913 -0.00119048 -0.00262084 -0.0067337 -0.0117617 -0.000805087 0.00413715 0.000415536 0.00367373 0.00214834 -0.00179498 -0.00395871 0.00303878 -0.00278151 0.017908 0.0109769 0.000640298 -0.0124291 0.000790186 -0.000900122 0.0193079
internal_weight=1101.93 590.172 10.895 579.277 511.757 270.681 82.9013 44.5248 187.78 53.6422 241.076 97.4454 88.7831 143.63 99.2176 44.4127 134.138 9.01518 6.52519 576.847 6.54064 570.306 38.3765 8.66237
internal_count=40242 18188 116 18072 22054 12246 3826 1885 8420 1822 9808 2605 2416 7203 5158 2045 6598 87 67 18033 224 17809 1941 189
is_linear=0
shrinkage=0.03


Tree=155
num_leaves=25
num_cat=0
split_feature=17 15 22 18 16 15 4 25 16 12 24 18 11 23 17 16 4 2 21 21 19 16 6 2
split_gain=0.920226 2.01762 1.67677 1.20444 1.52336 3.5512 1.44089 1.35659 1.35752 1.28112 2.14933 1.1437 1.75366 1.10532 1.10117 1.53793 1.5159 1.50555 1.16944 1.87603 1.76359 1.06817 1.04068 0.306979
threshold=0.27837703577211986 0.011299795709908071 -0.0026283510648630946 0.2022727272727273 0.98397650629821021 0.16185511895215185 0.020101010101010106 1.3466803783674728 0.97362267945881209 0.76189917148680275 3.1550328377142973 0.65821566110397967 0.41465600703583944 -0.4325499276182237 -2.632249354420209 0.34020189104127158 0.090454545454545468 0.11704829797950135 0.1459988272817638 0.31004976857061767 18.500000000000004 1.0228550752984378 0.92391752577319608 -0.064647220783846687
decision_type=8 10 2 8 10 10 2 8 10 10 10 8 10 2 10 10 2 2 2 2 8 8 2 2
left_child=1 2 -1 4 7 23 11 -2 -9 13 -11 12 -5 -8 15 16 -3 -17 20 -20 -16 -7 -13 -6
right_child=3 14 -4 6 5 21 9 8 -10 10 -12 22 -14 -15 18 17 -18 -19 19 -21 -22 -23 -24 -25
leaf_value=0.03624007569870917 -0.044162093162307528 0.027769214919162191 -0.0023115522823158384 0.0074671152368890855 0.026912161757491771 0.012879904333790972 -0.0023820283285785294 0.0028031786552415346 -0.018742049156650571 0.00011307923815829661 0.022928570693074787 0.023557458754103588 -0.028633753685875406 0.00063955357480334301 -0.047548324247295784 0.0048631454274909829 -0.033010453803535282 0.029401914338859973 0.0042141102269415455 -0.0019612958050027043 -0.0069867972160617825 -0.0036571672765192032 -0.0052300656960416044 0.042508203700653731
leaf_weight=2.3896353449672461 0.56905278936028381 0.48030364792794289 1.7656107358634461 7.9245317820459622 2.3862459771335125 6.461609156103802 169.85025348816998 107.79861736530438 2.6978682051412752 10.612055454403164 5.7186108259484163 5.740090910345315 1.4294768646359441 303.92732932348736 1.1470819180831302 16.513398817740384 1.5981816193088887 2.6052661892026654 49.958179203793406 389.14024868397973 6.069071582518518 7.7095964881591508 1.4072774760425089 2.1676585972309139
leaf_count=21 13 7 22 104 26 178 6980 3293 66 237 64 92 25 11618 28 570 62 43 1387 14968 175 258 22 18
internal_value=5.09552e-05 -0.000953274 0.0198591 0.000795238 0.00337371 0.0112892 0.000134646 0.0020392 0.00227713 -0.000158926 0.00810252 0.00885404 0.00195019 -0.00044369 -0.00113825 0.00554262 -0.0189653 0.008207 -0.00145555 -0.00125869 -0.0134345 0.0038832 0.0178894 0.0343359
internal_weight=1108.07 471.667 4.15525 636.4 129.791 18.7251 506.61 111.066 110.496 490.108 16.3307 16.5014 9.35401 473.778 467.512 21.1972 2.07849 19.1187 446.315 439.098 7.21615 14.1712 7.14737 4.5539
internal_count=40277 17283 43 22994 3852 480 19142 3372 3359 18899 301 243 129 18598 17240 682 69 613 16558 16355 203 436 114 44
is_linear=0
shrinkage=0.03


Tree=156
num_leaves=29
num_cat=0
split_feature=22 4 22 4 20 26 7 18 5 21 2 1 26 20 24 22 11 4 15 5 14 2 21 16 16 5 18 5
split_gain=2.48537 1.25874 1.61408 1.33127 1.29109 1.26541 1.15124 1.31982 1.40222 1.315 2.29909 1.72526 3.17674 1.86965 1.41916 1.18129 2.37906 1.20187 1.14316 1.12731 1.07984 1.05029 1.41746 1.21505 1.07003 0.420034 0.250362 0.244441
threshold=-0.033687162564287158 0.16747422680412374 -0.045574489649466067 0.13065656565656569 0.46639880779793691 0.82396026306191306 0.96453608247422695 0.81438415159345401 0.9076898800757417 0.57877306687423791 -0.11109921216630705 0.27256439774962932 -0.092793173879356358 0.30608426952392792 0.67590233310255943 -0.0014116408622527675 -0.010628498184496847 0.98994949494949502 0.080927559476075925 0.76144329896907226 0.032612548741581003 0.11968146503105588 0.54720422625542964 0.21726981570347131 1.2140102593780799 0.38264084140372806 0.15954545454545457 0.86298969072164955
decision_type=2 2 2 2 8 8 10 10 2 2 2 2 10 10 8 2 8 2 8 2 10 2 2 8 10 2 10 2
left_child=1 2 3 4 -1 19 7 15 20 11 -11 13 -13 -8 -12 16 -2 -17 -10 -4 -9 23 -23 -3 -25 -24 -5 -7
right_child=6 21 5 26 -6 27 9 8 18 10 14 12 -14 -15 -16 17 -18 -19 -20 -21 -22 22 25 24 -26 -27 -28 -29
leaf_value=0.011256896202266392 -0.0067531979936426524 0.026177592058518363 -0.012611629750012933 0.013197799084378322 -0.012050973405603698 0.025486940718604058 -0.0049498135104595565 0.017144815044531827 -0.014058668582635454 -0.033168477478622178 -0.00099215790229136448 -0.032940414522533087 0.0089443811058335671 0.0080915230344676906 0.015503625375853583 -0.00061060644374023962 -0.00073508218370593498 0.0078256783201375371 0.012755455511877846 0.023140462815118133 0.00040834604940198578 0.014925458170070497 -0.016958924794892267 0.0035177051233448208 -0.034067468807638404 -0.047767754254973017 0.035793741638448985 0.039831245461860926
leaf_weight=4.2332267346791932 90.390004794113338 2.1218415554612866 1.3334870925173157 0.70537033397704263 4.3234085766598591 1.9488340411335228 17.028082681819797 3.5750410119071594 1.5816694162786031 1.1162658147513891 6.5091200741007897 3.5918446481227875 2.9833339489996424 23.613975035957992 16.830938558094211 547.61895917146467 170.884675886482 15.632179655600337 15.015642767772077 1.9610580261796711 117.58621596032754 0.85906307585537378 0.77092047873884417 50.211410858668387 0.69110122043639322 0.82391885342076421 1.1788916457444427 2.3687970712780952
leaf_count=92 3459 36 48 25 94 43 265 117 27 29 132 49 36 310 268 21481 7206 282 257 32 4348 24 35 1599 16 30 28 23
internal_value=-4.35251e-05 0.00528568 0.0121665 0.00450708 -0.000519864 0.0226721 -0.000422519 -0.000695718 0.00202241 0.00324544 0.00889167 0.000320951 -0.0139362 0.0026275 0.0109032 -0.00114985 -0.0028171 -0.00037647 0.0102002 0.00866959 0.00090218 0.00304661 -0.0161412 0.0039346 0.00300741 -0.0328752 0.027335 0.0333567
internal_weight=1107.49 73.5313 18.0531 10.4409 8.55664 7.61218 1033.96 962.284 137.759 71.6736 24.4563 47.2172 6.57518 40.6421 23.3401 824.526 261.275 563.251 16.5973 3.29455 121.161 55.4783 2.4539 53.0244 50.9025 1.59484 1.88426 4.31763
internal_count=40391 2125 385 239 186 146 38266 37177 4749 1089 429 660 85 575 400 32428 10665 21763 284 80 4465 1740 89 1651 1615 65 53 66
is_linear=0
shrinkage=0.03


Tree=157
num_leaves=24
num_cat=0
split_feature=8 23 20 7 0 6 2 26 0 26 9 14 22 17 8 14 20 8 17 9 16 24 9
split_gain=1.05127 1.73948 1.5645 1.36411 1.31751 1.70595 1.06261 1.01555 1.71228 1.90826 1.53805 1.90763 1.44611 1.43317 1.57564 1.69427 1.34518 1.23219 1.88724 1.60965 1.18381 0.989411 0.839986
threshold=0.020101010101010106 1.5924631145308525 0.60922005292264136 0.21824742268041239 0.020048307020497761 0.79486640016831489 0.053296445385741943 0.22711196069213493 0.28618944633525539 0.21676002027212557 0.96453608247422695 0.56118955926401382 0.074529484210766897 2.5183033692084806 0.26902061855670106 0.13498329790464625 0.56896071371565926 0.77435304018514628 -0.20347413291806751 0.8666631601094047 0.98397650629821021 4.6773278503575364 0.79190721649484541
decision_type=2 2 8 8 2 2 2 8 2 8 10 10 2 10 2 8 10 2 8 10 10 8 10
left_child=1 2 4 -4 5 -1 -6 8 10 12 16 -12 -10 17 20 -16 -2 19 -19 -9 -15 -3 -5
right_child=7 21 3 22 6 -7 -8 13 9 -11 11 -13 -14 14 15 -17 -18 18 -20 -21 -22 -23 -24
leaf_value=0.024168375408388499 -0.0025868421053680882 -0.038893326894270747 -0.03579748894635798 0.0077580584975134028 0.0099043387763129223 0.004162397549703766 -0.020916463248182575 -0.0012586343687706735 0.001243273304616788 -0.045423324649728876 -0.0025984264189717059 -0.022289608633761566 0.030650307609470802 0.029047887336799302 0.025560547122047545 -0.0051398172630628611 0.0041020694960385573 -0.0018698351312731306 0.0049345116009031987 0.0036910687616548295 -0.00038480102490933961 0.0013968268348175173 -0.021265586822951422
leaf_weight=9.3258339017629712 265.06053926539607 1.1610302929766465 1.0841048220172513 3.9894409645348787 2.388194089755415 6.5166719062253824 1.7404792606830595 334.18267553974874 171.15017975028604 0.78349145408719678 10.503183339256795 7.6549572409130624 1.5183657109737385 4.6539568565785876 2.092878540977833 7.1279523060657093 30.135370914824307 54.788764072582126 111.02862089942209 71.842941462062299 1.6716449065133927 1.0398664055392148 1.1579363923519848
leaf_count=143 11899 35 39 84 56 88 40 14254 5151 27 200 159 19 92 42 255 1109 1749 3044 1762 36 17 28
internal_value=6.23406e-05 0.00575907 0.00791072 -0.00521258 0.0120055 0.0159391 -0.00308845 -8.82907e-05 -0.00110154 0.0012899 -0.00242528 -0.0108997 0.00150186 0.000751448 0.00973877 0.00182833 -0.001904 0.000507114 0.00268624 -0.000382825 0.0212698 -0.0198573 0.001229
internal_weight=1102.6 28.4036 26.2027 6.23148 19.9712 15.8425 4.12867 1074.2 486.806 173.452 313.354 18.1581 172.669 587.389 15.5464 9.22083 295.196 571.843 165.817 406.026 6.3256 2.2009 5.14738
internal_count=40328 530 478 151 327 231 96 39798 18564 5197 13367 359 5170 21234 425 297 13008 20809 4793 16016 128 52 112
is_linear=0
shrinkage=0.03


Tree=158
num_leaves=26
num_cat=0
split_feature=26 17 8 17 25 14 0 11 21 1 19 11 0 23 11 11 1 3 1 9 9 1 13 9 24
split_gain=1.22303 1.82385 1.54219 1.45797 1.67631 1.53119 1.76776 1.36878 1.36344 1.36172 3.34524 2.73507 1.24983 1.69855 1.33397 1.24204 1.39256 1.16182 1.12955 1.11974 0.883323 1.14164 0.768218 0.754183 0.454717
threshold=0.85599967493986806 2.5183033692084806 0.020101010101010106 1.86704556102682 3.7536240684609923 0.98692754613807254 -0.1839250738617195 0.16019662554484529 0.31409978648646358 0.69093689713054784 23.500000000000004 0.87536584666294825 0.30138258503765453 1.2656383627746577 0.205477187311816 0.42850983288628269 -0.10113674923236105 0.97989898989898994 0.12476370461703223 0.95438144329896912 0.40103092783505162 0.13278231602911897 0.27364465496741747 0.92964646464646472 2.5238194456581318
decision_type=8 10 2 10 8 8 2 8 2 2 10 10 2 2 10 10 2 2 2 10 8 2 8 10 10
left_child=2 3 7 5 22 18 -7 20 -9 12 11 -11 14 -14 -4 16 -3 -6 -2 -18 24 -22 -5 -10 -1
right_child=1 15 9 4 17 6 -8 8 23 10 -12 -13 13 -15 -16 -17 19 -19 -20 -21 21 -23 -24 -25 -26
leaf_value=0.019280869881195813 -0.00029520896265190311 -0.019511426832637353 -0.0027269170188270191 -0.015746865120622053 -0.0054272693151028711 0.018910619856221739 0.0029017079932906801 0.016373260126164513 -0.026214460251293221 -0.02769406677324885 -0.057574604500832099 0.017960372114554517 -0.00026725532345705562 0.0083056954336799133 0.002883925616730875 0.044028784568683831 0.0092699847663223669 0.035911139238294691 0.003958808983020091 0.039293749365106795 -0.00073164092438922086 0.025984601832326152 -0.044797671699622128 0.0093123434754863524 0.042280378391966043
leaf_weight=2.2657444248907228 341.48933347919956 1.3627359019592393 371.00852746027522 2.1345146088860902 11.075200149323789 8.5651412601582724 22.556160131469369 1.7004037257283933 2.184079135768116 2.2461039843037716 1.3274823809042571 2.4904406610876322 182.12775152176619 23.481550399214029 42.504806679207832 0.99021214060485441 10.157726422417904 0.64767191652208644 67.236502463929355 1.2562318760901696 4.2573685627430686 2.174920815974474 1.3295144196599724 0.71345689147710789 1.1747951395809648
leaf_count=43 13093 39 16176 68 399 131 753 29 74 27 31 27 5468 640 1415 8 291 9 1411 17 99 23 45 14 13
internal_value=-0.000261073 0.000902945 -0.00111417 0.000577471 -0.00856136 0.000893013 0.00730765 0.00856807 -0.00495208 -0.00133828 -0.0154854 -0.0036893 -0.00119972 0.000711816 -0.00215018 0.0116608 0.00915222 -0.00314338 0.000404588 0.0125744 0.0148646 0.0083018 -0.0268967 -0.0174667 0.0271342
internal_weight=1108.46 468.801 639.657 455.034 15.1869 439.847 31.1213 14.4708 4.59794 625.187 6.06403 4.73654 619.123 205.609 413.513 13.7669 12.7767 11.7229 408.726 11.414 9.87283 6.43229 3.46403 2.89754 3.44054
internal_count=40343 16264 24079 15909 521 15388 884 295 117 23784 85 54 23699 6108 17591 355 347 408 14504 308 178 122 113 88 56
is_linear=0
shrinkage=0.03


Tree=159
num_leaves=20
num_cat=0
split_feature=22 22 13 12 6 6 10 14 21 8 17 8 9 6 19 17 10 2 19
split_gain=1.53226 2.24632 1.97983 1.91313 1.74732 1.6976 1.53836 1.46214 1.53769 1.3312 2.04693 1.93608 1.04435 0.772427 2.60279 1.67141 1.20292 1.00323 0.97873
threshold=0.064141060596837871 0.050476737450185015 -0.65038857902304681 -0.52370859208212994 0.17762886597938146 0.050252525252525264 0.040202020202020211 0.96571316614420077 0.31004976857061767 0.98974332000841592 1.2641098298150635 0.96453608247422695 0.95438144329896912 0.70051546391752584 109.50000000000001 -0.94515958360769348 0.16080808080808084 0.0022880958065410466 51.500000000000007
decision_type=2 2 8 8 2 2 2 10 2 2 10 2 10 2 8 8 2 2 8
left_child=1 6 -2 -3 5 -5 7 8 -1 11 -11 -8 -6 15 16 17 -15 -4 -17
right_child=2 3 13 4 12 -7 9 -9 -10 10 -12 -13 -14 14 -16 18 -18 -19 -20
leaf_value=-0.0038746891661080281 -0.025905540518154621 -0.042948078661914579 -0.034459224362634294 -0.026291949934209229 -0.012817542409769674 0.013460224709274047 -0.00053687540262864367 -0.02070669663346145 0.0061083402567033152 -0.0085540063621502901 0.015553760680378715 0.0046750614958967875 -0.046544802838870254 0.020128601029502528 -0.039990049284969811 0.008884763459049122 -0.0096274500453352018 0.008893419576325657 0.028341266489978093
leaf_weight=17.081975233741105 1.4204473765566943 1.555457388050854 0.84279256034642447 1.2310952078551078 7.7932992037385684 4.5043098321184516 868.97396404203027 2.1644904911518088 74.227716539986432 31.379555550403893 3.5259799584746352 69.25827838620171 0.92427638359367836 3.9295215401798478 1.0764891831204293 3.8577928356826319 1.7750503765419123 1.1172832921147344 5.8636349011212632
leaf_count=263 35 29 34 22 318 81 36576 26 1012 452 39 981 25 62 28 103 84 28 99
internal_value=-2.88998e-05 -0.000180465 0.00822376 -0.0113349 -0.00793263 0.00492749 -1.30519e-05 0.00366306 0.00424074 -0.000366159 -0.00611876 -0.000152141 -0.0163935 0.0108496 0.00279568 0.0155248 0.0108696 -0.00974733 0.0206203
internal_weight=1102.5 1082.62 19.883 16.0084 14.453 5.73541 1066.61 93.4742 91.3097 973.138 34.9055 938.232 8.71758 18.4626 6.78106 11.6815 5.70457 1.96008 9.72143
internal_count=40297 39824 473 475 446 103 39349 1301 1275 38048 491 37557 343 438 174 264 146 62 202
is_linear=0
shrinkage=0.03


Tree=160
num_leaves=28
num_cat=0
split_feature=15 7 1 2 21 22 1 22 17 13 25 16 2 15 23 10 6 22 24 2 23 4 7 7 16 20 9
split_gain=1.10155 1.64093 2.09963 2.06821 1.76759 1.68596 1.49796 1.42553 1.38771 3.7971 1.23947 1.11668 1.10584 1.60211 1.1084 1.52517 1.76525 1.58649 1.28509 2.30424 1.40307 1.05588 1.2655 1.05285 1.00953 0.948822 0.870477
threshold=0.44885703215807832 0.90360824742268053 0.18375474018431634 0.03546954794835519 0.33741334863023148 0.064141060596837871 0.22432432497764662 0.074529484210766897 -0.72979467280362409 0.6029815276229914 5.4026857367136989 0.75225570860359359 0.14286196680457855 0.36843185550082108 1.3710778231930381 0.8666631601094047 0.85640648011782039 0.014695647481431531 4.1380926458802589 0.1335161845900886 -0.04326092872290678 0.10654639175257734 0.91376288659793825 0.69229960025247228 0.14550960477676339 0.41468067460956121 0.015154639175257735
decision_type=8 10 2 2 2 2 2 2 10 10 8 8 2 10 2 2 2 2 10 2 2 2 8 8 8 10 10
left_child=12 2 7 4 26 11 -6 24 9 -5 -10 -4 14 21 18 16 -16 -17 20 -20 -1 22 -14 -9 -2 -23 -3
right_child=1 3 5 8 6 -7 -8 23 10 -11 -12 -13 13 -15 15 17 -18 -19 19 -21 -22 25 -24 -25 -26 -27 -28
leaf_value=0.00074022346887366649 0.020975242402671335 0.036311980641898167 -0.0040880664722369505 0.010750158971144435 -0.0025622479265703002 0.029040099510356129 -0.035909893785553121 0.031225557000672397 0.028003035549250131 -0.044719263451463931 0.0054130836304070876 -0.01487875943458692 -0.038736870569566484 0.033628947900195875 -4.1302220333144184e-05 0.025310250113489623 0.01146943178115231 -0.0075495351104870019 0.0038492334601677152 -0.041824232298083575 -0.0027997412588788989 -0.0011010061358687282 0.004376364422115169 -0.001999127959410563 -0.0014012355751807169 0.016796671245482644 0.006946098971390589
leaf_weight=247.63133172155358 1.8224354609847058 1.3945783218368912 16.182605987414718 9.0105581171810645 21.760269932681698 1.0335006434470404 1.283835315145551 2.1173297641798849 6.0436621876433465 1.2668304368853558 3.4247191129252323 18.496660215314478 1.0011159805580967 2.0080721406266084 54.051696865120903 5.3142277975566676 15.408951486460863 1.7604094045236705 85.460431531537324 1.0058264611288894 169.90924182115123 4.7223460702225548 1.5795359481126068 1.4436906808987258 421.78172589093447 6.1215471932664514 2.6063291048631072
leaf_count=7159 91 20 483 176 615 19 27 64 80 23 94 526 22 32 1405 134 379 54 1710 19 4901 143 28 60 21974 113 51
internal_value=-0.000165103 -0.00118907 -0.00173029 0.00416489 -0.0012244 -0.00871817 -0.00442012 -0.00114607 0.0115464 0.00391278 0.0198322 -0.00984343 0.00071058 0.00863652 0.000499884 0.00386376 0.00251221 0.0171336 -1.09327e-05 0.00331793 -0.00070029 0.0048981 -0.0123486 0.0177558 -0.00130497 0.00900251 0.017182
internal_weight=1105.64 509.669 462.878 46.7908 27.045 35.7128 23.0441 427.165 19.7458 10.2774 9.46838 34.6793 595.975 15.4326 580.542 76.5353 69.4606 7.07464 504.007 86.4663 417.541 13.4245 2.58065 3.56102 423.604 10.8439 4.00091
internal_count=40402 24303 23217 1086 713 1028 642 22189 373 199 174 1009 16099 338 15761 1972 1784 188 13789 1729 12060 306 50 124 22065 256 71
is_linear=0
shrinkage=0.03


Tree=161
num_leaves=26
num_cat=0
split_feature=10 21 22 20 18 23 12 18 12 0 22 13 19 17 6 4 4 6 10 26 10 4 24 20 18
split_gain=1.27857 2.70256 3.28981 3.10903 2.11556 1.68028 1.66354 3.40988 1.48771 1.48714 2.02267 1.65575 1.58241 1.39665 1.45927 1.16105 1.10927 1.08287 1.22711 2.76371 1.40642 1.0535 1.5187 0.951464 0.939738
threshold=0.070353535353535376 0.59420039259403379 0.050476737450185015 0.28590423681629012 0.18065268065268067 -0.021685281573026696 -0.93894387751149588 0.21244358478401035 -0.45681376828601294 0.27855861179296887 0.074529484210766897 -0.44791761942916636 23.500000000000004 0.87128306059093552 0.97469072164948456 0.96453608247422695 0.98484536082474239 0.23116161616161621 0.12060606060606062 -0.3340323054632055 0.8974332000841575 0.090454545454545468 4.4314806766966948 0.55807236492819035 0.05634920634920635
decision_type=2 2 2 8 10 2 8 10 8 2 2 8 8 8 2 2 2 2 2 8 2 2 10 8 8
left_child=1 2 3 5 -5 -1 7 -3 -4 17 11 15 -13 16 -15 -11 -8 18 19 -2 -20 22 -19 -10 -23
right_child=9 6 8 4 -6 -7 13 -9 23 10 -12 12 -14 14 -16 -17 -18 21 20 -21 -22 24 -24 -25 -26
leaf_value=-0.040098860140818267 -0.024581252525691343 0.020942048187671543 -0.049860989762271192 0.0060024418017267838 -0.0017270421951543669 -0.0069606752819685088 0.019369846273666301 -0.041919312524084235 -0.028954587798802847 0.010195152850947726 0.032251546523070378 0.0049064577596273657 -0.00062835020877580704 0.0077299534692307431 -0.025062323709167271 -0.010575015037139745 -0.0037686309359398185 -0.0094386302184038696 0.0024643797010162195 0.00047205597347525042 -0.0092414455267068978 0.0046173551018324774 0.0072020155675647235 0.0014687767192811927 -0.0020687140717840433
leaf_weight=2.2901368951424956 5.4127640696242452 1.5322388559579851 1.3727641794830558 68.154830448329449 59.858138293027878 3.4541350565850726 17.53429821878672 1.5748622287064789 1.7977385725826018 24.042387637775395 1.8651710096746672 56.280772571451962 267.22969646449201 9.5386945027858037 1.4006765969097603 2.6935934117063871 2.0866186320781699 32.670976366382092 133.83149480028078 14.793553060851993 9.9223797116428596 19.983315139077604 5.8144396119751027 1.906103830784559 355.35991141339764
leaf_count=59 108 15 22 978 970 73 203 29 35 481 24 1594 8812 131 19 41 24 1232 3933 292 405 837 146 25 19805
internal_value=-3.34659e-06 0.00236877 0.000519631 0.00141931 0.00238818 -0.0201723 0.00999405 -0.0109198 -0.0231849 -0.000443386 0.00109343 0.000927508 0.000334534 0.0121204 0.00353123 0.0081026 0.0169091 -0.00137994 0.000683369 -0.0062391 0.0016564 -0.00219744 -0.00692453 -0.0132978 -0.00171275
internal_weight=1102.4 172.501 138.834 133.757 128.013 5.74427 33.6674 3.1071 5.07661 929.9 352.112 350.246 323.51 30.5603 10.9394 26.736 19.6209 577.789 163.96 20.2063 143.754 413.829 38.4854 3.70384 375.343
internal_count=40293 2583 2162 2080 1948 132 421 44 82 37710 10952 10928 10406 377 150 522 227 26758 4738 400 4338 22020 1378 60 20642
is_linear=0
shrinkage=0.03


Tree=162
num_leaves=28
num_cat=0
split_feature=11 21 20 2 22 22 13 4 15 23 15 1 3 20 22 5 25 17 22 22 5 6 2 5 20 25 25
split_gain=1.8926 1.86071 1.84999 2.03875 2.26813 2.03686 1.63742 1.54325 1.18609 1.17366 1.09046 1.65355 1.51721 1.73426 1.64596 1.06883 1.32724 1.13272 1.01571 1.45807 1.82448 1.08601 0.938906 2.07095 1.00149 0.758217 0.366649
threshold=-0.38434845016290881 0.42779812797380334 0.35018396252528677 -0.055242681549273649 0.020295081034088783 -0.017248392963387319 -0.055211206395830763 0.90360824742268053 0.43749192819320687 0.35111757596963594 0.011561079925153704 0.25253936004383754 0.16080808080808084 0.52607278847499372 -0.013926597455063965 0.8325257731958764 6.532322929382361 1.5474271415665239 0.074529484210766897 0.099526812123520256 0.67005154639175268 0.7817525773195878 -0.11569277407114757 0.97469072164948456 0.34198572415674761 2.9696354412064756 5.4253127855967644
decision_type=8 2 8 2 2 2 10 2 10 2 8 2 2 10 2 2 8 8 2 2 2 2 2 2 10 10 8
left_child=1 8 5 6 -5 25 -4 -7 15 26 11 12 13 -2 -14 17 -17 -1 22 21 -21 -20 23 -12 -24 -3 -10
right_child=10 2 3 4 -6 7 -8 -9 9 -11 18 -13 14 -15 -16 16 -18 -19 19 20 -22 -23 24 -25 -26 -27 -28
leaf_value=0.037819372057426713 -0.016577920590850084 0.024702510679446711 0.012915702175075738 0.003351945866087616 -0.020494127022259955 -0.035301037389855752 -0.019164048505948952 0.0044980291141439432 0.020752627303581343 -0.024513217420626125 -0.0032420579093923648 -0.021267802311793774 0.032375873952873467 0.014575971523130501 0.0082446820184320195 0.01893529320307135 -0.0047332589686447327 0.012611363200060861 0.022476794821564471 0.012534078360493466 -0.032471227343821241 -0.008802242448188332 0.0003761920116580232 -0.029736120357974273 -0.0015718859143797797 -0.0079275723198022202 -0.0022116307479181003
leaf_weight=3.3331806547939804 3.701848214492208 1.3087127581238749 19.040133791044354 12.721895865164699 5.0010297782719126 3.3132286844775072 1.5484495759010339 1.192455383017659 1.3345738947391508 1.3722068024799225 47.732967899180949 1.8048794474452723 3.464805634692314 2.8434183932840824 9.5715880226343817 5.4337198501452777 3.5095188543200502 3.0930529627948999 5.5348659902811033 1.8169120084494355 1.4638411384075878 1.2190403323620556 516.04149905941449 2.8117255894467226 440.02955822693184 1.2560249222442506 1.1781001463532446
leaf_count=31 63 22 270 203 89 82 32 19 19 31 1822 23 35 35 125 56 43 37 105 72 50 38 20213 50 16862 41 23
internal_value=-0.000185227 0.00479553 0.00148006 0.00408215 -0.0033769 -0.0126195 0.010503 -0.024768 0.01261 -0.00220002 -0.000495368 0.00620865 0.00874121 -0.00304393 0.0146583 0.0163535 0.00964725 0.0256863 -0.000636396 0.00886092 -0.00754686 0.0168311 -0.000731072 -0.00471588 -0.000520406 0.00872263 0.00998553
internal_weight=1102.67 64.6363 45.3819 38.3115 17.7229 7.07042 20.5886 4.50568 19.2544 3.88488 1038.04 21.3865 19.5817 6.54527 13.0364 15.3695 8.94324 6.42623 1016.65 10.0347 3.28075 6.75391 1006.62 50.5447 956.071 2.56474 2.51267
internal_count=40491 998 758 594 292 164 302 101 240 73 39493 281 258 98 160 167 99 68 39212 265 122 143 38947 1872 37075 63 42
is_linear=0
shrinkage=0.03


Tree=163
num_leaves=31
num_cat=0
split_feature=15 11 4 26 23 1 19 22 4 12 16 22 11 1 23 3 5 23 24 3 9 0 5 22 26 26 2 12 1 12
split_gain=1.16051 1.8644 1.73738 2.43565 1.93232 1.68728 2.24839 2.05152 1.73107 1.61797 1.50663 1.48134 1.23186 1.5198 1.39121 1.31219 1.2575 1.21503 1.47702 1.17507 1.60845 1.85763 1.37117 1.15404 1.14345 1.11251 1.11159 0.886138 0.812904 0.359589
threshold=0.46247993579454261 0.49202198198647734 0.86298969072164955 -0.46752325231616892 0.48350107876998688 0.32165345570141612 58.500000000000007 0.020295081034088783 0.38072164948453613 -1.6211511961107126 1.0978235276546677 0.0068233273793752791 -0.20514030194602204 0.019884718788573962 0.36272691232954279 0.41325627408101639 0.26902061855670106 -0.64252436871936613 3.3937550862664589 0.41118556701030934 0.54819587628865996 0.88602799460307913 0.99500000000000011 -0.05806584282416901 0.34877910140492885 -0.22432418138564228 -0.067549531840243163 -0.011133789962742578 0.10522331759888232 0.86419642497680049
decision_type=8 10 2 8 2 2 10 2 2 8 10 2 8 2 2 2 2 2 10 2 8 2 2 2 8 8 2 10 2 8
left_child=1 5 3 4 -3 8 24 -8 9 -1 -10 -5 13 14 26 28 -17 29 -19 20 21 -14 23 -21 -7 -22 -2 -16 -15 -4
right_child=12 2 17 11 -6 6 7 -9 10 -11 -12 -13 19 15 27 16 -18 18 -20 22 25 -23 -24 -25 -26 -27 -28 -29 -30 -31
leaf_value=-0.032523807000174654 0.014031372845993222 -0.020525934170826411 0.022254559008282514 0.013738689831974408 0.013882024819278605 0.0083128060371932735 -0.02761347073313633 0.020251158146974636 0.0019679059837029288 -0.0016943920861510137 -0.0081947112533033405 0.00019234144580535285 -0.006643463511715633 0.028346154913685678 -0.027084907677818345 0.021081020674754695 -0.0025725286452242418 -0.0058207896363194241 0.024842122054124671 0.013708571224598003 -0.0056736392778545608 -0.037548335639457225 -0.040294882409917313 -0.00063360949828769944 0.028758082981322885 0.00089479255925372747 -0.009942411498621755 0.013034051219635195 0.0091856121817418309 0.040036254815051679
leaf_weight=1.5419244226068258 3.8512413492426276 5.6476575792767107 2.3440304268151522 15.663936248049142 1.9853145834058521 5.1378764333203426 2.1881877770647402 1.2757910192012785 290.86081106169149 240.1026642662473 13.749842680525033 13.550078161992131 57.583203435176983 4.106920235790315 2.84053363557905 2.6606581788510075 8.4379462944343668 2.990830426104365 2.6814465001225471 5.1358100082725278 35.491818813607097 1.8053178554400791 0.77701948396861453 299.87905696546659 4.7269424377009264 67.049461872782558 3.1762094181031006 0.60019948985427607 3.8712827675044537 1.8168941251933572
leaf_count=36 101 113 26 224 29 57 39 16 8692 6452 433 241 3374 112 126 61 253 57 27 186 1673 49 18 14510 49 3094 118 13 90 15
internal_value=-0.000138254 0.000742828 0.00650288 0.00351304 -0.0115765 0.000262327 0.0108082 -0.00998482 5.00395e-06 -0.00189111 0.00150917 0.00745561 -0.00121246 0.00472853 -0.0044567 0.00976883 0.00309791 0.0177064 0.00867444 -0.00158774 -0.00365412 -0.00758292 -0.000493511 -0.000392117 0.0181096 -0.00137869 0.0031959 -0.0200866 0.0190488 0.030019
internal_weight=1103.53 606.264 46.6802 36.847 7.63297 559.584 13.3288 3.46398 546.255 241.645 304.611 29.214 497.267 29.545 10.4682 19.0768 11.0986 9.8332 5.67228 467.722 161.93 59.3885 305.792 305.015 9.86482 102.541 7.02745 3.44073 7.9782 4.16092
internal_count=40284 16506 732 607 142 15774 161 55 15613 6488 9125 465 23778 874 358 516 314 125 84 22904 8190 3423 14714 14696 106 4767 219 139 202 41
is_linear=0
shrinkage=0.03


Tree=164
num_leaves=27
num_cat=0
split_feature=10 14 9 14 5 11 1 0 1 1 19 13 5 9 18 5 6 14 3 19 1 1 25 5 10 9
split_gain=1.22316 2.98185 2.59989 2.7399 2.66471 1.91571 1.90479 1.48676 1.26867 1.23938 1.16516 1.46236 1.32886 1.8321 1.27074 1.4762 1.73092 1.34721 1.20868 1.01153 1.54649 0.943409 0.703334 0.674441 0.652282 1.07594
threshold=0.070353535353535376 0.95030864197530873 0.53030612244897968 0.89943820224719107 0.99500000000000011 -0.22388465914680997 -0.13335950652175851 -0.25011642150661711 0.12907757492630426 0.19154077333780353 11.500000000000002 -1.2481941460263226 0.87691984010098889 0.2487113402061856 0.65933268858800786 0.95438144329896912 0.46195876288659804 0.037737341772151906 0.87691984010098889 16.500000000000004 -0.21674224304221409 0.084503183965353459 2.5986478704899203 0.41118556701030934 0.030151515151515155 0.37243569717796526
decision_type=2 8 8 8 2 10 2 2 2 2 8 8 2 8 10 2 2 10 2 8 2 2 10 2 2 10
left_child=1 2 3 7 5 -4 24 -1 -6 23 11 22 18 -14 19 17 -17 -16 -13 20 -12 -21 -2 -8 -3 -26
right_child=10 6 4 -5 8 -7 9 -9 -10 -11 14 12 13 -15 15 16 -18 -19 -20 21 -22 -23 -24 -25 25 -27
leaf_value=0.00078576216468335697 -0.0039770578081071775 -0.020172778468578904 0.00086272858321947304 -0.043552367159671278 -0.018914267832581797 0.0094968695502225756 0.00094273453413080217 -0.010933724142154823 0.0018528092722657958 -0.0091350957505269333 0.023670943789464768 -0.0006700236111071336 -0.013783913639368033 0.012677734428635037 0.011451806378844295 0.003680455837416496 0.025272270974567603 -5.6639878270866459e-05 0.0090375260541514287 -0.0018847178028652347 -0.012035330551565547 0.0010519850332281009 -0.041902150965002945 0.019581069976138253 0.022105048160072464 -0.010625517752352534
leaf_weight=23.315243690740317 0.82007524278014876 1.6341588608920599 50.106268862262368 1.6505106324329961 6.705680067650972 42.95465926034376 1.9395090937614501 16.735457838047296 4.3747806251049042 1.6774428859353054 1.1861716043204058 58.983958553522825 2.6704070139676359 19.926187044940889 9.61833882704377 11.634401027113201 4.687906688079237 189.93271758873016 14.352281007915733 475.19373347889632 13.706354741472749 124.17915185308084 0.94983692653477192 17.633329476229846 1.5112748434767129 2.2491270527243614
leaf_count=386 17 21 727 38 100 624 40 311 52 21 20 2658 54 303 207 200 51 6740 343 22678 659 3673 27 200 19 31
internal_value=2.36157e-05 0.00234347 0.000657498 -0.00567236 0.00319216 0.00484804 0.0115717 -0.0041113 -0.010715 0.0156132 -0.000407649 0.00269119 0.00318972 0.00955057 -0.000772366 0.00120758 0.00988181 0.000498066 0.00122979 -0.00146818 -0.00919137 -0.00127629 -0.0243298 0.0177342 -0.00434824 0.00252863
internal_weight=1100.33 172.487 145.843 41.7012 104.141 93.0609 26.6448 40.0507 11.0805 21.2503 927.842 97.7027 95.9328 22.5966 830.139 215.873 16.3223 199.551 73.3362 614.265 14.8925 599.373 1.76991 19.5728 5.39456 3.7604
internal_count=40200 2570 2238 735 1503 1351 332 697 152 261 37630 3402 3358 357 34228 7198 251 6947 3001 27030 679 26351 44 240 71 50
is_linear=0
shrinkage=0.03


Tree=165
num_leaves=24
num_cat=0
split_feature=25 22 24 13 3 6 20 9 13 4 22 17 25 8 22 14 3 22 3 22 1 2 10
split_gain=0.970588 1.7209 1.37029 1.8022 1.38683 1.24246 2.07004 1.77568 1.42133 1.31706 1.78372 1.59821 1.16722 1.02095 0.956957 1.42755 1.13574 0.828749 0.79015 1.50958 1.23052 0.714361 0.503803
threshold=1.8833732996747967 0.027723791814001812 -0.59812467580836359 -0.051923921307008618 0.015154639175257735 0.42346141830677919 0.55142529002772556 0.010050505050505053 -0.74323476355172768 0.95438144329896912 0.013408615330716189 -0.40348041712299354 1.4654211571125966 0.95979797979797987 -0.088697980185796207 0.89943820224719107 0.38264084140372806 0.050476737450185015 0.010050505050505053 -0.011669966171789716 0.69093689713054784 0.075291631288380803 0.080404040404040422
decision_type=8 2 8 8 2 2 10 8 8 2 2 8 10 2 2 8 2 2 2 2 2 2 2
left_child=1 2 3 -1 -4 6 7 -2 -9 11 -11 -8 -3 -6 15 16 -7 22 19 -16 -20 -5 -14
right_child=5 12 4 21 13 14 9 8 -10 10 -12 -13 17 -15 18 -17 -18 -19 20 -21 -22 -23 -24
leaf_value=0.043313626786948244 0.028657199690133871 -0.005250510195390275 0.021022915376554836 -0.01526457517989095 -0.00047859823123952482 -0.033292054899758915 -0.00071129637062157937 0.0057251240377690638 -0.00048175539747192912 0.0008177636459108825 -0.045383841602866182 0.010048408281216956 0.042728700474983158 -0.020625027882041239 0.013483429202953954 -0.048910751525461676 0.0046308361123958124 0.0044779445900135694 -0.00093106863297007377 -0.020896418217830105 -0.021085351675455388 0.032121469575477131 0.020749763516073334
leaf_weight=1.5620930464938281 1.9507398819550861 1.4182731620967377 2.4768868535757127 1.0944021884351971 22.404889730270956 1.0058423988521092 17.509877894073725 35.856492132414132 448.84270983096212 2.9606367265805598 1.0081591252237556 42.778242950793356 2.0339722707867627 2.5183199737220994 1.5508380215615032 0.90201541408896435 2.4226433313451707 1.2586827510967848 504.52214314951561 4.441124264150857 2.7412464767694464 0.3877785438671707 1.7429345822893081
leaf_count=26 26 38 28 54 941 54 479 628 14231 65 24 1089 14 46 20 29 95 38 22327 70 58 15 58
internal_value=-6.5789e-05 0.00471791 0.00173491 0.0208294 -0.000386567 -0.000230984 0.000760598 9.23728e-05 -2.25904e-05 0.0058214 -0.0109184 0.0069234 0.0187894 -0.00251426 -0.0012864 -0.0153299 -0.00649491 0.0255602 -0.00116791 -0.0119982 -0.00103998 -0.0028671 0.032586
internal_weight=1105.39 36.8982 30.4444 3.04427 27.4001 1068.49 550.907 486.65 484.699 64.2569 3.9688 60.2881 6.45386 24.9232 517.586 4.3305 3.42849 5.03559 513.255 5.99196 507.263 1.48218 3.77691
internal_count=40453 1258 1110 95 1015 39195 16542 14885 14859 1657 89 1568 148 987 22653 178 149 110 22475 90 22385 69 72
is_linear=0
shrinkage=0.03


Tree=166
num_leaves=23
num_cat=0
split_feature=11 15 17 16 2 8 5 26 10 7 20 25 24 11 12 26 16 5 7 25 17 17
split_gain=1.27222 1.12973 2.02727 1.50643 1.17396 1.05505 2.16618 1.69133 0.922413 1.8679 1.46385 0.890622 1.37866 1.1456 0.858291 0.84406 0.957326 1.38468 1.18223 1.28484 0.912795 0.571484
threshold=-0.62408183717811194 0.022599591419816142 -0.094688505665510569 0.82475787783050036 -0.0042734709803819767 0.26131313131313139 0.99500000000000011 -1.3698426526572649 0.070353535353535376 0.010050505050505053 0.34595681336945588 3.9281179775153312 3.1886457170048867 -0.17798642232694203 0.26832392824283829 1.1447466659230547 0.98799784539812496 0.90360824742268053 0.69229960025247228 6.1217522018386115 1.5474271415665239 1.0157636044983269
decision_type=8 8 10 10 2 2 2 10 2 8 8 10 10 8 10 10 8 2 8 8 10 8
left_child=15 2 5 14 -5 6 -2 -7 9 -3 -11 12 -10 -13 -4 16 17 20 -18 -20 -1 -19
right_child=1 8 3 4 -6 7 -8 -9 11 10 -12 13 -14 -15 -16 -17 18 21 19 -21 -22 -23
leaf_value=0.015095866868202162 0.030101767802293206 -0.032655317701711789 0.018011474020451685 -0.027847499320610807 -0.0028334321020756161 -0.0046002207872082859 -0.0050297953161410076 0.01325487681752259 -0.0026287695598305122 -0.0057310726255249567 0.0034018358944422175 0.0052464012222430759 0.0024516298086168747 -0.00025285541162246898 -0.0061999384011740587 -0.012437754264008711 -0.018005020205790416 0.016207089343172984 -0.00098779400179378946 0.024851139446104922 -0.014824495359571135 0.038193815868992224
leaf_weight=2.5191140621900616 5.0695411236956742 1.392371886409818 2.8136658091098052 3.2103792447596788 3.5623298510909081 8.1637302637100237 2.2945187948644161 11.501719662919639 299.22416139836423 18.053814228624105 126.24288085335866 36.557676834519953 57.275316555518657 505.71973150945269 2.4785929415374994 1.7166548082604993 1.913773436099288 1.8686576895415781 4.7577025298960516 2.7233810126781464 1.443495405372232 2.470717329531908
leaf_count=44 50 31 40 52 51 125 34 155 12625 351 1884 1196 2006 21446 36 29 30 26 67 30 28 23
internal_value=3.4904e-05 -0.000101474 0.00490547 -0.00531982 -0.0146905 0.00946965 0.0191554 0.00584268 -0.000288884 0.00192548 0.00225916 -0.000647826 -0.00181255 0.000117877 0.00667223 0.00764681 0.00959509 0.0170177 0.00303591 0.0084185 0.00419651 0.0287257
internal_weight=1102.97 1083.56 39.0945 12.065 6.77271 27.0295 7.36406 19.6654 1044.47 145.689 144.297 898.777 356.499 542.277 5.29226 19.4135 17.6968 8.30198 9.39486 7.48108 3.96261 4.33938
internal_count=40359 40082 543 179 103 364 84 280 39539 2266 2235 37273 14631 22642 76 277 248 121 127 97 72 49
is_linear=0
shrinkage=0.03


Tree=167
num_leaves=26
num_cat=0
split_feature=10 8 13 1 15 15 15 17 5 11 11 4 9 5 9 9 18 6 9 9 19 25 24 11 10
split_gain=1.57541 1.62876 1.36702 1.82539 1.58084 1.72178 1.36667 2.08668 1.4244 1.48362 1.28401 1.27865 1.67324 1.75531 1.1635 0.924807 0.849975 1.65184 2.20168 1.22803 1.10169 1.62689 1.31444 0.714093 0.4331
threshold=0.040202020202020211 0.06592783505154641 0.16293355616739705 -0.050050563069273961 0.88826466916354563 0.056498978549540356 0.022599591419816142 1.4686594872275556 0.36041237113402064 0.039874718450169773 -0.042173761060876551 0.025309278350515465 0.25126262626262635 0.68204292026088797 0.070353535353535376 0.39284598562949086 0.077935222672064791 0.086237113402061874 0.54040816326530627 0.98484536082474239 29.500000000000004 3.6655818551922414 -2.2973376983789957 0.095473933342299602 0.020101010101010106
decision_type=2 2 10 2 10 8 8 10 2 8 10 2 10 2 8 8 8 2 10 10 8 8 10 8 2
left_child=1 11 4 -4 5 -3 7 8 23 -10 -9 24 14 -14 -13 -5 17 18 -8 -19 21 -18 -22 -2 -1
right_child=6 2 3 15 -6 -7 16 10 9 -11 -12 12 13 -15 -16 -17 20 19 -20 -21 22 -23 -24 -25 -26
leaf_value=0.016018084986120708 0.012565598976317113 -0.0030932978007902974 -0.01013076100790237 0.00759143648755664 -0.026170954659349821 0.0082465993931916375 0.011589251733251984 -0.038437864864301355 0.017750406410294257 0.0013227747738676281 0.0047264686788071426 0.0032557730786993561 0.015981005256935053 -0.0070505474664057715 -0.0284542253715479 0.03116274367512905 -0.0042378908909315692 0.0036907120267858774 -0.030435745522731913 -0.019592540093142121 -0.0034855793613595581 0.0025283607348884651 -0.00059993182748025332 0.041450181991495777 -0.00084500745038293727
leaf_weight=3.6641277987509993 1.4932016050443113 16.568922725506127 1.776893865317106 2.1647830577567202 1.4853806300088752 44.187415112741292 1.7784099364653219 1.4647606667131188 6.8291250504553265 17.960789239034064 1.0757601540535677 1.3969394098967338 4.010655488818883 11.568616765551267 4.0917002921923995 4.8639493891969323 40.369794052094221 84.118324532406405 3.0396227333694696 2.089391258545219 199.86369010107592 153.92670685425401 491.29111311817542 1.5911448113620283 2.1900293501093984
leaf_count=39 23 213 31 28 38 610 34 30 100 252 16 24 58 168 74 46 1431 2764 61 55 9219 5783 19314 18 31
internal_value=-4.11092e-05 0.0035906 0.00597174 0.0170353 0.00440652 0.00515408 -0.00039447 0.00586808 0.00824036 0.00584826 -0.0201603 -0.00269322 -0.00613961 -0.00112141 -0.0203836 0.023903 -0.000589533 0.002171 -0.0149237 0.0031264 -0.00087332 0.00112251 -0.00143438 0.0274665 0.00970963
internal_weight=1104.86 97.9694 71.0473 8.80563 62.2417 60.7563 1006.89 30.4148 27.8743 24.7899 2.54052 26.9221 21.0679 15.5793 5.48864 7.02873 976.477 91.0257 4.81803 86.2077 885.451 194.297 691.155 3.08435 5.85416
internal_count=40460 1360 966 105 861 823 39100 439 393 352 46 394 324 226 98 74 38661 2914 95 2819 35747 7214 28533 41 70
is_linear=0
shrinkage=0.03


Tree=168
num_leaves=29
num_cat=0
split_feature=17 7 19 19 22 1 11 19 11 13 14 26 11 17 9 13 14 3 9 16 20 3 26 22 17 0 21 14
split_gain=1.03498 2.48278 2.0975 1.71884 1.49995 1.41402 1.31696 1.71183 1.29379 1.27729 1.78518 1.25837 1.15088 1.13922 1.08352 1.0403 1.38625 1.95511 1.40016 1.04468 1.03585 0.987979 1.02921 0.912743 0.804423 0.787395 0.641643 0.22344
threshold=-0.21426265079574244 0.9794866400168315 20.000000000000004 11.500000000000002 -0.13380590989336844 -0.18760643146053682 -0.27468853139747468 54.500000000000007 0.081677052184417689 1.7467206752746318 0.13994288045695638 -0.77801956193439825 0.22638575715463463 -0.44082526880775247 0.94871660004207881 -0.95772374369873836 0.25658350658350665 0.24121212121212124 0.92391752577319608 1.2735766415368026 0.30959131963334791 0.99500000000000011 -2.824380316247264 0.0041605407310479478 -0.020229436700874914 -0.29742417798140258 0.59245185289845825 0.44884877027734177
decision_type=10 10 8 8 2 2 8 8 8 10 8 10 10 10 8 8 10 2 8 8 10 2 10 2 10 2 2 10
left_child=1 4 12 5 20 11 7 -4 -8 10 -6 27 25 -11 -13 16 17 -5 -18 23 -1 22 -7 -17 -21 -3 -22 -2
right_child=3 2 6 15 9 21 8 -9 -10 13 -12 14 -14 -15 -16 19 18 -19 -20 24 26 -23 -24 -25 -26 -27 -28 -29
leaf_value=0.012992457698774841 0.041516016913347234 -0.0081573706377598195 0.019065374743185315 -0.019877574883875336 -0.004850423078134867 0.011579153000738956 0.0264694687251938 -0.024383238370161209 0.0097521193686013457 0.013446344556803514 -0.00030705924168251329 -0.0044177859760806855 0.0056572118766618764 -0.020739821806110337 0.030936862498019319 0.001526253689657202 0.0051921513390872 0.012221919683242254 0.024926907785784793 -0.011147586464674017 -0.059895049521175095 0.039301488574636369 0.0014828751369741846 -0.0012684170584111704 0.024447065039142141 -0.041942890348581022 -0.022622939648323997 0.025647536262088329
leaf_weight=0.51276073511689846 1.4092193320393565 1.2891034083440902 1.4133290927857158 3.3999832561239627 93.245993341319263 12.029844521544872 5.6900981273502111 1.9313678340986373 15.560516800731429 8.6328948899172229 470.91914706816897 2.4620851008221503 2.1198656409978867 0.97653732914477487 1.1420444548130033 226.04545134911314 8.3962172414176131 3.4310419880785048 5.2643074439838538 0.72557161934673819 0.62641588691622008 0.72205419465899368 37.147802597843111 196.70708069624379 2.6896585142239919 1.1975905727595089 1.2356896218843756 1.8430939801037309
leaf_count=18 15 16 17 63 3218 374 77 31 218 205 19643 55 26 28 19 7890 216 72 84 30 14 7 1142 6696 64 27 60 28
internal_value=0.000296647 -0.000539201 0.00799473 0.00130175 -0.000971739 0.0062194 0.0114743 -0.00602367 0.0142284 -0.000873261 -0.00105799 0.0189939 -0.0105835 0.00997225 0.00678508 0.000676869 0.00727948 -0.00375485 0.0127973 0.000359394 -0.0247644 0.00446413 0.00395263 0.000225891 0.0168849 -0.0244285 -0.0351613 0.0325233
internal_weight=1108.77 605.351 29.2019 503.415 576.149 56.7561 24.5953 3.3447 21.2506 573.775 564.165 6.85644 4.60656 9.60943 3.60413 446.659 20.4915 6.83103 13.6605 426.168 2.37487 49.8997 49.1776 422.753 3.41523 2.48669 1.86211 3.25231
internal_count=40353 23598 412 16755 23186 1640 343 48 295 23094 22861 117 69 233 74 15115 435 135 300 14680 92 1523 1516 14586 94 43 74 43
is_linear=0
shrinkage=0.03


Tree=169
num_leaves=23
num_cat=0
split_feature=19 8 7 7 8 19 18 9 13 22 10 8 0 3 6 9 9 17 13 0 7 26
split_gain=1.29762 1.33073 1.6488 1.53264 2.00195 1.30626 1.80121 1.47101 1.91861 1.24201 1.84899 1.54462 1.36583 0.990156 1.53531 1.35677 0.96184 0.926615 1.16014 0.757263 0.572953 0.494
threshold=17.500000000000004 0.015154639175257735 0.58881443298969083 0.98984745413316855 0.42346141830677919 18.500000000000004 0.77638888888888902 0.1708585858585859 1.2453918676827795 -0.033687162564287158 0.06592783505154641 0.15075757575757578 -0.06498695582797491 0.87691984010098889 0.6802061855670104 0.59896907216494855 0.96922996002524731 -2.632249354420209 0.55859191182247658 -0.16893606103836542 0.63132653061224497 -0.080572270790846778
decision_type=8 2 10 10 2 8 10 10 8 2 2 2 2 2 2 8 10 8 10 2 10 10
left_child=1 2 -1 13 -5 6 7 8 -2 10 12 -12 -7 15 -15 -3 -9 18 -11 -19 21 -8
right_child=5 3 -4 4 -6 9 20 16 -10 17 11 -13 -14 14 -16 -17 -18 19 -20 -21 -22 -23
leaf_value=-0.0013583717917947016 -0.0088979976602480849 -0.0028396215068873668 0.03640662436385237 -0.044546015353061442 0.0035518333085167073 0.0090857846000482155 -0.01562402221252595 -0.011160675905406942 -0.055967623754598718 0.0086396612912817729 -0.011966789483015838 0.0030330885157094276 0.03514297116608691 0.010493694927214147 -0.0070987081064690606 0.0036259900094765887 0.029567986914741856 0.0005840039877047197 -0.01727877332697934 -0.0016501776466237197 0.041289914211403059 0.02538282926953938
leaf_weight=1.9535234188660968 1.5461970088072101 51.411653810646385 2.226151131093502 1.4778008284047239 1.6466611884534357 10.539535621181129 0.53045640001073469 6.6634228439070284 1.5715102320536973 14.928950669243934 7.3475637058727434 38.835413501597941 2.185935851186513 22.90008600847796 5.5458904108963898 67.639568520709872 0.56619082204997528 170.80231394991279 1.7349339323118318 680.61254925164394 0.61181262135505665 0.52714133542031127
leaf_count=37 67 2185 21 29 24 141 24 310 55 481 220 1373 24 463 156 2084 12 3951 66 28508 10 23
internal_value=-0.000486648 0.00205825 0.0187558 0.0015949 -0.0191974 -0.000906193 -0.0107338 -0.0153991 -0.0326239 -0.000778796 0.0034366 0.000646656 0.0135618 0.00203535 0.00706384 0.000833849 -0.00797099 -0.00106486 0.0059412 -0.00120198 0.0181826 0.00481514
internal_weight=1093.81 154.801 4.17967 150.622 3.12446 939.004 12.0167 10.3473 3.11771 926.987 58.9084 46.183 12.7255 147.497 28.446 119.051 7.22961 868.079 16.6639 851.415 1.66941 1.0576
internal_count=40264 4999 58 4941 53 35265 501 444 122 34764 1758 1593 165 4888 619 4269 322 33006 547 32459 57 47
is_linear=0
shrinkage=0.03


Tree=170
num_leaves=23
num_cat=0
split_feature=17 15 1 8 22 20 22 10 20 4 17 9 25 20 15 5 1 17 16 17 2 22
split_gain=0.9875 1.7879 1.86433 1.52688 1.52358 1.8535 1.48029 2.24701 1.89742 1.81626 1.42339 1.42992 1.23101 1.08342 2.84267 1.2061 1.02077 0.941733 0.810987 0.743693 0.937536 0.750017
threshold=0.51286594766159244 0.011561079925153704 0.2008546241517529 0.76409636019356209 -0.0056107103598274045 0.49706145330196755 0.047816520890552605 0.21824742268041239 0.39700930403750939 0.97989898989898994 3.2728385611719211 0.88329896907216499 5.4931447392206385 0.59423063437648027 0.11561079925153704 0.030151515151515155 0.18375474018431634 -0.57099675531327854 1.0000000180025095e-35 0.4320042163064805 0.088117795439686841 0.099526812123520256
decision_type=10 8 2 2 2 10 2 2 8 2 8 10 8 10 10 2 2 8 8 10 2 2
left_child=1 2 4 10 17 -6 8 -8 9 -5 13 16 -10 15 -15 -2 -12 -1 -3 21 -21 -20
right_child=3 18 -4 6 5 -7 7 -9 12 -11 11 -13 -14 14 -16 -17 -18 -19 19 20 -22 -23
leaf_value=0.040637279677328594 -0.02302636744356026 0.025751075765857879 -0.013657317831161911 -0.0005812613916417452 -0.0037170939784913985 0.022782521528521088 -0.060821893424382295 0.0086199539275068678 0.012892679939254728 -0.054505658741759534 0.00088901907657373553 0.037949674998184239 0.0036360317659436619 -0.022587888005865517 0.0043009347898678553 0.00083772849371290231 0.038712682033955399 0.01610229678357088 -0.00036971866808877712 -0.009621870805149646 0.0072865916755488888 -0.014702181864658739
leaf_weight=1.9624962629750369 1.9254621835425485 1.0544857494533051 2.955452241934835 17.054653001949195 7.2136928839609009 3.5418588705360889 0.75342099368572124 0.94588872417807579 30.744690052699298 0.58130935626104374 4.6013781833462408 1.6725358171388505 22.314513602759689 6.5108247091993672 7.7512506139464676 189.1987991835922 0.74631529301404942 4.9830961376428666 769.98351730080321 15.539847386535259 3.643302591983228 3.3001162046566597
leaf_count=16 84 8 37 550 106 38 15 28 762 19 146 22 497 118 307 6758 8 57 29816 574 115 119
internal_value=0.000218042 -0.000313829 0.00839948 0.00173853 0.0120822 0.00500937 0.0055011 -0.0221684 0.00616619 -0.0023587 0.000456141 0.0137395 0.00899972 2.10661e-06 -0.00797417 0.000597312 0.00616763 0.0230347 -0.00054065 -0.000575635 -0.00641058 -0.000430885
internal_weight=1098.98 814.178 20.6566 284.801 17.7011 10.7556 72.3945 1.69931 70.6952 17.636 212.407 7.02023 53.0592 205.386 14.2621 191.124 5.34769 6.94559 793.521 792.467 19.1831 773.284
internal_count=40200 30886 254 9314 217 144 1871 43 1828 569 7443 176 1259 7267 425 6842 154 73 30632 30624 689 29935
is_linear=0
shrinkage=0.03


Tree=171
num_leaves=20
num_cat=0
split_feature=15 24 7 23 21 25 20 5 10 7 1 5 8 18 6 24 12 24 20
split_gain=1.56318 1.44062 1.13493 1.17265 1.06727 1.01126 1.15105 0.950863 1.3894 2.06899 1.32465 1.0851 1.23497 1.01238 1.00352 0.930172 2.06189 0.949645 0.818822
threshold=0.011561079925153704 5.162646245879249 0.71281296023564078 0.28677437731789041 0.47226056296779068 2.3303843794051624 0.64066242066251455 0.36041237113402064 0.020101010101010106 0.045618556701030939 -0.61812202602002808 0.37056701030927841 0.96984848484848496 0.39767441860465119 0.12060606060606062 8.9925102515944513 0.032862272609361927 7.1857523740090361 0.60248835323729233
decision_type=8 10 8 2 2 8 10 2 2 10 2 2 2 8 2 10 10 10 8
left_child=1 2 3 4 -1 -4 -7 8 9 -2 -10 12 14 -12 -9 17 -17 -13 -11
right_child=7 -3 5 -5 -6 6 -8 11 10 18 13 15 -14 -15 -16 16 -18 -19 -20
leaf_value=0.025431743812227146 -0.011964035793486009 -0.020602812192817482 0.031484640832213417 -0.021318912973781995 -0.0058222505706233161 0.0072691358092645429 0.031415968683721741 0.022180099146969754 0.019729526533680597 0.032372323470921227 -0.0048307488961041364 0.00041840303601349478 0.038530858885980172 -0.00084874254302644248 -0.00050382046330288367 0.0011728532156018252 -0.017768082264418745 0.0065015333941063581 0.0082511150750373963
leaf_weight=1.6421306300908387 2.3644896727055302 1.5821977667510498 2.2014664374291923 1.9983406681567428 2.4511303203180432 16.027185626327995 1.9982340987771738 2.5294530456885678 2.5519309490919104 2.924429502338171 80.324402794707566 719.15071513527073 1.2413619384169567 201.88743972452357 5.7344416435807943 14.531478878110649 8.0313492193818075 23.863074560184032 2.2342451410368085
leaf_count=24 34 19 20 37 39 187 20 40 26 28 3698 23891 12 10339 349 352 253 739 30
internal_value=0.000189998 0.00719995 0.00887138 -0.00248068 0.0067162 0.0122902 0.00994597 6.76039e-06 -0.00145136 0.0112741 -0.00178755 0.000556623 0.0106304 -0.00198212 0.00643938 0.000431548 -0.00556927 0.000613772 0.0219253
internal_weight=1095.27 27.9007 26.3185 6.0916 4.09326 20.2269 18.0254 1067.37 292.287 7.52316 284.764 775.082 9.50526 282.212 8.26389 765.577 22.5628 743.014 5.15867
internal_count=40137 346 327 100 63 227 207 39791 14155 92 14063 25636 401 14037 389 25235 605 24630 58
is_linear=0
shrinkage=0.03


Tree=172
num_leaves=18
num_cat=0
split_feature=6 4 0 23 5 19 19 16 6 6 0 13 7 25 14 26 5
split_gain=1.02956 2.18907 1.87547 1.91781 1.62149 1.07962 0.869511 1.34103 1.80652 1.62323 0.898481 1.53272 2.45934 1.87076 0.71261 1.28877 1.0867
threshold=0.015154639175257735 0.96984848484848496 1.7799472545222128 -1.1673132164682216 0.98484536082474239 61.500000000000007 113.50000000000001 0.35682243276178172 0.95438144329896912 0.93407216494845369 1.5107708689989272 0.55859191182247658 0.94422680412371141 3.2316430885421163 0.57310221978624287 2.1682220702591151 0.99500000000000011
decision_type=2 2 2 2 2 8 10 8 2 2 2 10 10 8 8 10 2
left_child=1 2 3 5 -5 -1 10 -8 9 -9 14 13 -13 -12 16 -16 -2
right_child=6 -3 -4 4 -6 -7 7 8 -10 -11 11 12 -14 -15 15 -17 -18
leaf_value=0.035648632358681764 -0.0009374500852275037 -0.03067225532763538 -0.012963554683617462 0.0082992069905935759 -0.024726391095265737 0.0088779435824408951 -0.037178752225321264 0.0092303509235865302 0.044059034340089176 -0.042110257390426009 -0.010085846536100444 0.0043392454080375233 -0.038214489941220238 0.012933415477994736 0.00016093199962259106 0.0089102866688594105 -0.010132795408485299
leaf_weight=3.5824988279491761 559.16273540072143 1.4278094507753838 3.5377024263143531 16.743299854919318 1.4542042929679144 2.1813071379438043 0.55773646151646694 8.6902116499841178 1.2735063806176192 0.59199883323162872 3.8765476960688892 4.009113317821174 1.7584457062184808 17.619115471839905 443.23694091197103 15.688089443370698 11.81116935238242
leaf_count=37 21713 25 34 269 29 30 24 339 11 14 71 71 29 228 16554 546 183
internal_value=-3.89146e-05 0.00554573 0.00742624 0.0104366 0.00566006 0.0255173 -0.000190136 0.0081575 0.0105529 0.00595596 -0.000277891 0.00509754 -0.00863478 0.0087821 -0.000420188 0.000460024 -0.00112767
internal_weight=1097.2 28.9268 27.499 23.9613 18.1975 5.76381 1068.28 11.1135 10.5557 9.28221 1057.16 27.2632 5.76756 21.4957 1029.9 458.925 570.974
internal_count=40207 424 399 365 298 67 39783 388 364 353 39395 399 100 299 38996 17100 21896
is_linear=0
shrinkage=0.03


Tree=173
num_leaves=25
num_cat=0
split_feature=10 25 20 19 19 21 21 2 5 15 16 6 0 5 17 2 26 21 25 20 6 26 21 17
split_gain=1.8251 1.57558 1.92848 1.48921 1.90295 1.75193 1.41637 2.05549 1.22762 1.14983 1.52346 1.36039 1.61008 1.32597 1.1454 1.50596 1.20622 1.0279 0.987576 0.954812 0.897766 0.871507 0.863462 0.693024
threshold=0.070353535353535376 1.5556397696818576 0.41330901234125983 74.500000000000014 92.500000000000014 0.59596795091902655 0.5148366514324626 -0.13373479989141501 0.94422680412371141 0.011561079925153704 1.0000000180025095e-35 0.1708585858585859 0.13923942844746853 0.89345360824742281 0.13030480031186917 0.1335161845900886 -1.7813582421608805 0.42232564695969427 8.0180554027048938 0.34595681336945588 0.578659793814433 -0.29959801660147584 0.36075661535087927 1.2408387232992022
decision_type=2 10 8 10 10 2 2 2 2 8 8 2 2 2 10 2 8 2 8 10 2 10 2 10
left_child=1 2 20 18 5 -5 7 -4 -8 11 -11 13 23 21 16 -16 -12 -14 19 -3 -1 -2 -6 -13
right_child=9 3 6 4 22 -7 8 -9 -10 10 14 12 17 -15 15 -17 -18 -19 -20 -21 -22 -23 -24 -25
leaf_value=0.01049262693264476 -0.03636010904908582 -0.00014561055106120642 0.02424794655701254 -0.023668858332214 0.023861139557576919 0.007402368178039128 0.025475057270087486 -0.0044311981498993732 0.0038472177685818254 0.032645060106616976 -0.0080952431719913225 -0.021169332202646024 0.0079292816644904347 0.010371935847289161 0.00014008894711951082 0.0094743606385771454 -0.0013328838154538904 0.03158169448767386 -0.018852637010287155 0.0051890812960352301 0.033303517417009959 -0.0028333147895485615 -0.0013267004939247567 0.011493051130542548
leaf_weight=2.7304860241711131 1.3217661119997504 55.802385116927326 2.6560320220887688 6.9309345511719567 1.6126573379151512 2.1367149092257023 4.6111032329499704 14.683426391333343 4.8425725325942039 1.2238264307379711 24.758608621079475 1.3145685568451866 2.7710471339523792 2.8641641438007355 291.96125269588083 16.431388810276985 576.78835650067776 4.1008324027061462 1.9365120120346535 65.801737125962973 3.6003000102937222 1.4781581833958615 5.0944307958707213 1.0529380496591327
leaf_count=37 24 951 25 146 20 33 53 219 56 8 1236 26 36 29 11372 459 24643 43 29 912 39 22 75 20
internal_value=-0.000141262 0.00269252 0.00857354 0.00129424 -0.00738583 -0.0163472 0.0050549 -3.81701e-05 0.0143964 -0.00066893 -0.000804125 0.00759661 0.0146932 -0.00397958 -0.000849113 0.000637426 -0.00161121 0.022044 0.00240258 0.00274107 0.0234651 -0.0186604 0.00472948 -0.00664288
internal_weight=1098.51 172.439 33.1239 139.315 15.7747 9.06765 26.7931 17.3395 9.45368 926.067 911.163 14.9035 9.23939 5.66409 909.94 308.393 601.547 6.87188 123.541 121.604 6.33079 2.79992 6.70709 2.36751
internal_count=40513 2595 429 2166 274 179 353 244 109 37918 37718 200 125 75 37710 11831 25879 79 1892 1863 76 46 95 46
is_linear=0
shrinkage=0.03


Tree=174
num_leaves=27
num_cat=0
split_feature=15 12 4 14 20 17 11 4 16 16 5 11 4 12 22 7 0 9 13 11 12 20 24 24 0 11
split_gain=1.23208 1.46664 2.00438 1.4563 1.38308 1.84059 2.09452 1.92204 1.34816 2.01933 1.68905 1.66275 1.89538 1.65765 1.33504 1.51122 1.25352 2.36425 2.13439 1.72776 1.24812 1.74448 1.17035 0.908698 0.7746 0.707833
threshold=0.10404971932638334 0.53987631091846133 0.96984848484848496 0.23779761904761906 0.30608426952392792 1.5998278008141871 -0.28720960482723429 0.38264084140372806 0.95296217386981719 0.997645824838995 0.98994949494949502 0.49202198198647734 0.36041237113402064 0.25282623029956924 -0.053444407964496891 0.86298969072164955 0.844301140512839 0.82237113402061868 0.2785482127683841 0.045410159060624629 -0.93894387751149588 0.61958624449458022 -0.82067414189355647 3.3611672681150675 -0.49982908107037938 0.19266469389100219
decision_type=8 10 2 10 8 8 10 2 10 10 2 8 2 8 2 10 2 10 8 10 8 8 8 8 2 10
left_child=4 16 14 -4 5 6 -1 -8 11 10 -10 12 -6 -13 -3 -16 20 19 -19 -18 21 -2 -11 -7 -22 -5
right_child=1 2 3 25 8 23 7 -9 9 22 -12 13 -14 -15 15 -17 17 18 -20 -21 24 -23 -24 -25 -26 -27
leaf_value=-0.05955736017010322 -0.036843027399293266 0.029199993973076533 0.0099395935996748844 -0.0094217479811081056 -0.003920628371628633 0.026567130576402236 0.0090647609679486481 -0.029811267693937164 0.015225783712737322 0.016424081478702387 -0.0016816951727007059 0.037510637224996965 0.0032867593235441704 0.0065079071235318534 0.0016002611529009631 0.011104432544175657 0.0086633901643664753 0.026198368354002313 -0.0062216392319464466 -0.020779638054319337 0.0074283039691635964 -0.002829783139029686 -0.001425830241546112 -0.004791111828293987 -0.00042342958062502437 -0.039767734797812489
leaf_weight=0.98551849368959654 2.0042045516893268 1.9220535401254881 1.2872742703184474 1.1111656203866007 60.536654395982623 1.4065823592245577 2.179068014957009 2.4109080373309553 25.524700652807951 3.7904208954423666 6.7172016790136686 1.6781489895656703 71.771353428717703 20.67452623508871 62.069516493938863 19.879569611512125 2.1545750331133631 2.770138734020291 5.3716488759964705 10.710818010848014 11.481885610148309 4.2032401212491095 25.859624787233773 2.0348559496924286 747.05739309568889 1.8329059435054658
leaf_count=20 50 36 24 33 1049 20 43 53 336 43 88 23 1249 272 1922 323 65 25 102 245 182 150 438 38 33322 45
internal_value=0.000308974 -0.00020127 0.00346912 -0.0166766 0.00228566 -0.0092265 -0.0198753 -0.0113551 0.00276501 0.00650682 0.0117033 0.00126761 -1.09333e-05 0.00883547 0.00448548 0.00390582 -0.000612811 -0.00784248 0.00480885 -0.0158488 -0.000414216 -0.0138117 0.000856078 0.00802561 -0.000304579 -0.0283144
internal_weight=1099.43 873.856 88.1025 4.23135 225.57 9.01693 5.57549 4.58998 216.553 61.8919 32.2419 154.661 132.308 22.3527 83.8711 81.9491 785.754 21.0072 8.14179 12.8654 764.747 6.20744 29.65 3.44144 758.539 2.94407
internal_count=40196 36524 2383 102 3672 174 116 96 3498 905 424 2593 2298 295 2281 2245 34141 437 127 310 33704 200 481 58 33504 78
is_linear=0
shrinkage=0.03


Tree=175
num_leaves=27
num_cat=0
split_feature=22 8 21 18 12 14 9 8 15 12 10 17 17 1 22 11 16 0 18 7 26 14 22 22 10 12
split_gain=1.20878 1.6669 1.21961 2.6102 1.93944 1.93334 1.69658 1.41704 1.147 1.22915 0.877205 1.61751 1.35207 1.12014 1.11892 1.29335 0.964193 0.826004 1.77962 1.67286 1.33419 1.15151 1.65168 1.60518 0.818464 0.951415
threshold=-0.033687162564287158 0.8666631601094047 0.25199633290478179 0.13245614035087722 0.91096060161540804 0.025158227848101272 0.8666631601094047 0.37056701030927841 0.10169816138917263 0.44987622752395368 0.06592783505154641 0.94601139790091637 1.7200123447937645 -0.025553369826478461 -0.045574489649466067 -0.063493954935255545 0.91243095661109241 0.88602799460307913 0.78647416413373872 0.80512308015989908 -0.7060445616954647 0.96449579831932786 -0.013278924165026495 -0.021441905407469136 0.11055555555555556 0.55420888922673817
decision_type=2 2 2 8 8 8 10 2 8 8 2 10 8 2 2 8 10 2 10 8 10 10 2 2 2 10
left_child=1 10 3 4 7 -5 -7 -2 9 -3 11 13 -13 -1 16 -16 -12 21 20 -20 -19 22 -4 -23 -10 -26
right_child=2 8 17 5 -6 6 -8 -9 24 -11 14 12 -14 -15 15 -17 -18 18 19 -21 -22 23 -24 -25 25 -27
leaf_value=0.022916179840104457 0.00072054762581516215 -0.019425257170947549 -0.0041723098132830086 0.04096177808161746 -0.019157562621067714 -0.0024385021692466917 0.016321483633060688 0.020972351298059154 0.033272986888936776 0.018699570838174379 -0.0082826455235101432 -0.030686117705555079 0.011146055265238401 0.0014845117399079515 -0.0080571374372100726 0.010530743267026308 0.0043717466978538079 -0.0077259108843951612 -0.0014809550986467533 -0.026745412475944776 0.0018062008794239666 0.021792558618967017 -0.00013403604165496385 0.0023284239810031967 0.0064835283279944568 0.028521420459363563
leaf_weight=5.6892054360359898 4.0993983410298851 1.7556953839957685 104.44781061634421 1.021224527619778 1.5324249360710407 47.320780141744763 4.7765709860250345 12.878138061147181 2.3964453786611566 1.3434749497100713 18.056918457150459 1.5066925138235081 1.2913791015744212 3.573417065665125 4.6400368963368237 12.29874173039571 7.742733020335435 21.256176734808832 4.1689694551750991 5.4322860310785481 34.935872348956764 4.0916492291726163 716.21078416216187 56.042425318621099 5.659840473905204 2.5607844395563006
leaf_count=64 93 32 4085 14 23 1822 84 171 27 19 742 29 18 55 181 428 235 472 75 86 621 69 29291 1195 182 40
internal_value=-5.14262e-05 0.00380566 -0.000310968 0.00346344 0.0131649 8.28349e-05 -0.000718484 0.0160823 0.0131587 -0.00289833 0.0014646 0.00860969 -0.0113795 0.0146481 -0.000551736 0.00543897 -0.00448494 -0.000596579 -0.00383907 -0.0157753 -0.00179958 -0.000354372 -0.000648 0.0036528 0.0178458 0.0133485
internal_weight=1086.73 68.5154 1018.21 71.6285 18.51 53.1186 52.0974 16.9775 13.7162 3.09917 54.7991 12.0607 2.79807 9.26262 42.7384 16.9388 25.7997 946.586 65.7933 9.60126 56.192 880.793 820.659 60.1341 10.6171 8.22062
internal_count=40153 2052 38101 2207 287 1920 1906 264 300 51 1752 166 47 119 1586 609 977 35894 1254 161 1093 34640 33376 1264 249 222
is_linear=0
shrinkage=0.03


Tree=176
num_leaves=32
num_cat=0
split_feature=10 19 22 16 6 22 26 16 3 15 4 15 11 19 19 13 16 24 26 16 4 5 7 18 1 0 14 13 2 16 2
split_gain=0.920642 0.989906 1.57758 1.40581 1.67245 1.60891 1.21321 1.4042 1.42863 1.37788 1.09971 0.991113 0.98319 2.54567 2.18315 1.92578 1.54754 1.17073 2.18202 0.97729 0.954028 0.90964 1.59234 2.23012 1.9337 0.900065 2.18264 1.72136 0.803952 0.606518 0.556342
threshold=0.36223055295220247 29.500000000000004 0.021096598203186028 0.37210891501499449 0.2487113402061856 0.0017117038110947324 -1.9205372566843606 0.7311184017134108 0.75128865979381454 0.011561079925153704 0.11670103092783506 0.045199182839632285 0.22020451706053382 31.500000000000004 11.500000000000002 -0.34726877451996291 0.92727839673936474 1.9383732729266592 1.0494213157398984 1.1584018842980603 0.025309278350515465 0.055773195876288664 0.34182026450067693 0.24722222222222226 -0.24409235364125101 0.11410931184552177 0.70809925093632964 1.4922739633976652 0.19304986022089418 0.39388408093541666 0.032376562896724713
decision_type=2 10 2 8 2 2 10 8 2 8 2 8 10 10 8 8 8 8 8 10 2 2 10 8 2 2 8 10 2 10 2
left_child=12 6 3 5 -5 -3 9 8 -8 30 29 -11 21 14 16 -16 -14 18 -15 -12 -19 22 23 -1 -24 27 -27 -23 -9 -4 -2
right_child=1 2 10 4 -6 -7 7 28 -10 11 19 -13 13 17 15 -17 -18 20 -20 -21 -22 25 24 -25 -26 26 -28 -29 -30 -31 -32
leaf_value=-0.034274268504329138 0.0040918887564335244 -0.014600124831387706 -0.043661744024107767 0.0033917231540435285 -0.0029111852287922934 -0.000138533992810124 0.00088999836768865646 -0.0010866012148885355 0.007960483812277196 -0.017538311677437662 -0.0075905520275089842 -0.0031967418991136307 0.026285868404531856 -0.003237249961404402 0.014271299563237085 -0.0086202941214828539 -0.002988881810056499 0.033016774708958835 0.026007168689920899 0.041528419902039308 0.013201857010695903 -0.00046052615375546431 -0.043858877671083416 -0.0042128082429979501 0.008016083703441864 0.00016209639634770149 0.010297841668608945 0.015916281881955267 0.032708805549437579 -0.015978565914213677 0.027776603745416076
leaf_weight=3.3764107930473992 1.9443256072700017 14.76718618348241 1.0971639701165252 61.149319624528289 99.607260960154235 13.035646385978906 69.048301408998668 148.70380214555189 40.986459769541398 4.6018053758889428 28.542494930326942 75.316592849325389 3.8719635028392076 9.0448070513084513 3.8836141983047128 22.295040615834299 2.8006822681054473 2.6624555950984385 3.0775339184328905 0.36927507305517693 12.242048617452381 359.86032906128094 0.70894362498074759 6.490413017105312 7.3685007579624635 65.688078155275434 26.972502696327865 5.8706289837136856 0.63622592017054458 2.0305015835911036 1.6500900276005266
leaf_count=100 25 429 40 1983 6225 371 2903 7049 1140 103 1447 3929 59 170 50 406 44 26 46 9 181 10491 14 257 195 1670 733 143 16 86 16
internal_value=-0.000222272 -0.00106903 -0.00263668 -0.00159092 -0.000513656 -0.00781966 -6.0464e-05 0.00095211 0.00352366 -0.00320533 -0.00879124 -0.00402255 0.000667548 0.00429076 -0.00131984 -0.00522432 0.0139985 0.0111105 0.00418712 -0.00696318 0.0167415 0.00021209 -0.00641396 -0.0144998 0.00346311 0.000471474 0.0031125 -0.000197649 -0.000942624 -0.0256896 0.0149648
internal_weight=1099.7 563.486 220.599 188.559 160.757 27.8028 342.888 259.375 110.035 83.5128 32.0394 79.9184 536.214 59.8781 32.8513 26.1787 6.67265 27.0268 12.1223 28.9118 14.9045 476.336 17.9443 9.86682 8.07744 458.392 92.6606 365.731 149.34 3.12767 3.59442
internal_count=40356 25771 10590 9008 8208 800 15181 11108 4043 4073 1582 4032 14585 982 559 456 103 423 216 1456 207 13603 566 357 209 13037 2403 10634 7065 126 41
is_linear=0
shrinkage=0.03


Tree=177
num_leaves=30
num_cat=0
split_feature=12 22 10 8 7 26 3 14 25 14 5 21 16 21 22 12 16 11 5 22 11 19 25 22 19 20 20 14 5
split_gain=1.41009 1.54879 1.78332 2.46446 2.12392 1.77162 1.34968 1.31837 1.21957 1.86695 1.48901 1.20887 1.19278 1.00376 1.89015 2.5125 2.11418 1.45953 1.42702 3.32242 1.52242 1.10829 1.75608 1.55036 1.93828 1.43358 1.31897 1.20696 0.358593
threshold=0.63246497479961206 0.00010439010385820143 0.44387170675830473 0.090454545454545468 0.97469072164948456 0.33731406014954851 0.52020408163265319 0.96824596774193561 5.2085766645096649 0.10856469355683605 0.76409636019356209 0.18735585923921447 0.72124515289329716 0.38501083171968392 0.0028480989228887891 0.027857292006279715 0.25660557220049246 0.33794028136690996 0.85283505154639183 -0.0026283510648630946 -0.13033848677347667 29.500000000000004 6.9489865117323335 0.064141060596837871 53.500000000000007 0.76410418271739011 0.6869138401684497 0.011834733893557424 0.48226804123711348
decision_type=10 2 2 2 10 10 2 8 8 10 2 2 8 2 2 8 8 10 2 2 8 10 10 2 10 10 10 8 2
left_child=13 2 5 -4 -5 12 7 11 10 -10 -8 -3 -2 14 18 17 -17 -16 20 -20 -1 22 27 25 -25 -23 -24 -15 -7
right_child=1 6 3 4 -6 28 8 -9 9 -11 -12 -13 -14 21 15 16 -18 -19 19 -21 -22 23 26 24 -26 -27 -28 -29 -30
leaf_value=0.0085892988178329199 0.018635319860447561 -0.04093993663427261 -0.053077392646138845 0.0067397491671130228 -0.036733475807255271 0.041456849610109411 0.0029512304302436228 -0.041722503871325332 -0.03017836771415108 0.00230752216433766 0.022994471824864769 -0.0024970483622726637 -0.0024874536076276805 0.016844327461143668 0.010564713584542633 0.025695532337466541 -0.00099426811264579588 -0.026527079754267813 0.00050347561692169187 -0.022048595646762474 -0.0014029853727777414 -0.0028028271877666836 0.0043493036411885611 -0.0086776734998653092 0.020211228933719492 0.022346579822877528 0.039742865698902369 -0.00081571235166403211 0.024706648403564683
leaf_weight=17.04697933467105 5.2501666862517569 0.76124330051243916 0.68560662772506731 21.230206595268104 1.062028445303439 1.8694588933140028 8.3013265905901772 0.85381703451275726 1.7544503984972859 17.211406650952995 5.576876879669725 22.369348679669201 4.4414697331376383 3.5127374315634361 43.187109477818012 2.8047892749309531 56.04800112452358 0.97635939344763656 16.570628533139828 9.1123553616926056 70.377692826092243 307.60745682707056 56.093623572960496 3.2472366224974376 5.8665260802954435 2.053516784682869 0.96389091107994218 411.27789779100567 2.9900902239605784
leaf_count=412 83 15 20 526 16 28 206 20 37 382 73 668 110 65 1100 58 1760 23 265 178 2970 13228 2259 90 132 57 17 15547 38
internal_value=-8.66433e-05 0.00342009 0.00814974 0.00294562 0.00466863 0.0163676 0.000296678 -0.00511357 0.00424752 -0.000697609 0.0110055 -0.00376223 0.0089552 -0.000415313 0.00139649 0.00433624 0.000277707 0.00974469 -0.00128098 -0.00749803 0.000545415 -0.000910585 1.26338e-05 -0.00227713 0.0099181 -0.00263605 0.00494722 -0.000666155 0.0311504
internal_weight=1101.1 94.3575 37.529 22.9778 22.2922 14.5512 56.8285 23.9844 32.8441 18.9659 13.8782 23.1306 9.69164 1006.75 216.124 103.016 58.8528 44.1635 113.108 25.683 87.4247 790.623 471.848 318.775 9.11376 309.661 57.0575 414.791 4.85955
internal_count=40383 2222 821 562 542 259 1401 703 698 419 279 683 193 38161 6766 2941 1818 1123 3825 443 3382 31395 17888 13507 222 13285 2276 15612 66
is_linear=0
shrinkage=0.03


Tree=178
num_leaves=30
num_cat=0
split_feature=2 23 2 13 10 10 21 21 13 5 9 14 11 0 22 19 10 10 12 19 13 9 9 1 22 13 22 23 9
split_gain=1.20986 1.1965 1.30371 1.07417 1.75933 1.01062 1.30181 1.56322 1.64395 1.37289 1.97206 1.3525 1.34366 1.28419 1.82509 1.06515 0.953212 1.43064 1.26352 1.18361 1.11743 0.904967 0.837322 1.14364 0.893142 0.82887 0.920296 0.542297 0.458895
threshold=0.1335161845900886 -0.45211607563672462 0.17402757545190439 -0.39228383107967157 0.25126262626262635 0.36223055295220247 0.31824892518212505 0.57710280313862483 1.7467206752746318 0.93969696969696981 0.50252525252525271 0.96026315789473693 0.26575841810481654 0.13923942844746853 0.064141060596837871 29.500000000000004 0.32161616161616169 0.98994949494949502 0.63246497479961206 51.500000000000007 -0.016470596206633614 0.37056701030927841 0.91376288659793825 0.29384155827355851 -0.037806830725846625 -0.67725042587741979 0.0062387791768188467 0.19858294365711723 0.94871660004207881
decision_type=2 2 2 8 2 2 2 2 10 2 8 10 8 2 2 8 2 2 10 10 10 10 8 2 2 10 2 2 8
left_child=5 2 3 -2 -5 6 9 11 -9 12 -11 -8 -1 22 15 -15 19 18 -18 27 -21 -16 23 -7 -24 28 -27 -3 -4
right_child=1 16 25 4 -6 13 7 8 -10 10 -12 -13 -14 14 21 -17 17 -19 -20 20 -22 -23 24 -25 -26 26 -28 -29 -30
leaf_value=0.0045132981076735955 0.029867284632381932 0.010549603446726393 -0.044461343623041431 -0.031967314207956739 0.0041366640483227529 -0.0022687838186664241 -0.0020842287405968725 0.001730062979902235 0.025021001231437075 0.0089916396424971016 -0.012037836137022974 0.0067734647915784719 0.017548440003605923 0.0025289052031442628 0.034829538176614397 -0.0013967251335059237 0.0026356205963602663 -0.036611796488483388 0.01971944982964528 0.0218199619123461 -0.024056410973380651 0.0017952294512397161 0.016778953103450674 -0.034516106178342582 -0.0090952993078414531 -0.022899349783459633 0.018227165553778256 0.033094352312701046 -0.010904636941885383
leaf_weight=49.740363920573145 1.1856697555631397 1.3551122443750525 1.1071569789201021 1.3759806621819759 10.365548133384435 134.65014440892264 249.92628182447515 176.21701046125963 2.7703236783854654 6.806335560046139 9.780222309753297 16.541415844578296 8.3054080856963974 79.909167210105807 1.971879719756543 280.79269049013965 16.27952851168812 0.7082886453717937 5.1222546324133864 0.93947260454297066 0.97246838640421607 1.2008888768032191 1.2525161867961312 0.99712066818028589 29.012104366440326 1.0999578703194846 0.88264509290456761 3.2955637034028769 0.54846619255840789
leaf_count=1306 20 29 45 35 327 8194 6543 5696 65 100 143 296 170 2841 31 11758 530 20 71 16 24 32 49 23 1788 42 34 49 15
internal_value=-0.000195927 0.00460777 -0.0018111 0.00265372 -9.43332e-05 -0.000402914 0.000536505 -7.78486e-05 0.00209055 0.00420337 -0.00340834 -0.00153437 0.00637842 -0.00132513 -0.000327783 -0.000527049 0.00831623 0.00533616 0.00672443 0.0183563 -0.00151409 0.0223261 -0.00351251 -0.00250583 -0.00802448 -0.0176753 -0.00459003 0.0265253 -0.0333449
internal_weight=1095.11 45.2381 16.5654 12.9272 11.7415 1049.87 520.087 445.455 178.987 74.6323 16.5866 266.468 58.0458 529.787 363.875 360.702 28.6727 22.1101 21.4018 6.56262 1.91194 3.17277 165.912 135.647 30.2646 3.63823 1.9826 4.65068 1.65562
internal_count=40292 1257 518 382 362 39035 14319 12600 5761 1719 243 6839 1476 24716 14662 14599 739 621 601 118 40 63 10054 8217 1837 136 76 78 60
is_linear=0
shrinkage=0.03


Tree=179
num_leaves=28
num_cat=0
split_feature=12 19 0 12 9 18 3 6 7 17 4 7 20 1 0 13 4 18 5 13 24 0 12 17 26 20 26
split_gain=1.00207 1.84986 1.34018 1.29737 1.30415 1.54218 1.20754 2.02841 1.47652 1.83047 1.55802 1.17796 1.17551 1.49812 1.16976 2.5267 1.457 1.15952 1.64348 0.935484 1.87647 2.0528 1.47263 1.04337 1.19944 1.02667 0.628846
threshold=0.63246497479961206 17.500000000000004 -0.25765498980754026 0.73247712797649789 0.92391752577319608 0.084219858156028379 0.025309278350515465 0.95979797979797987 0.93407216494845369 1.3384114601941641 0.91959595959595974 0.050252525252525264 0.55142529002772556 0.0022084093595711443 1.7799472545222128 0.61822138809770266 0.96984848484848496 0.2958754208754209 0.97989898989898994 0.74232077979355215 6.7620988778584747 0.58008800549451378 0.19933767640195993 0.27837703577211986 0.48190044987495162 0.6456734157561711 -0.44460526295420139
decision_type=10 10 2 10 8 8 2 2 8 10 2 8 10 2 2 10 2 8 2 10 10 2 10 10 10 10 10
left_child=6 2 -2 12 5 -5 7 8 9 -1 -10 -6 26 -14 16 -16 -4 -9 -19 23 21 -21 -22 25 -25 -8 -3
right_child=1 3 14 4 11 -7 19 17 10 -11 -12 -13 13 -15 15 -17 -18 18 -20 20 22 -23 -24 24 -26 -27 -28
leaf_value=-0.0031528349703986323 -0.02544999759998574 0.023405848482631962 0.011340579637264519 -0.029765641521586589 0.035450073542758614 0.0010011087894835631 -0.0018922459101160698 -0.042051530013946931 0.017784668912768857 0.02376723377775037 -0.0079116754567573958 -0.016490591135145213 -0.043206189496583475 0.012199765528112765 0.0063364861878225359 -0.028312513020430065 -0.012754131748567951 0.0086072028748019197 -0.033175262045389606 0.0016511656399903955 0.0062199940841099789 0.017358902165673193 -0.037590026234831972 -0.00056197425974345843 0.0039652439277365554 0.0052051381721250059 0.0053335801999811914
leaf_weight=14.220205916091802 1.1473049856722344 3.3357969848439097 35.971935025881976 1.5650746496394301 0.41136408690362891 23.225258621387184 593.0932713993825 1.0142379868775595 13.735001225024464 2.7058472950011483 2.511978853493928 8.7874610279686749 0.81611633487045743 0.95104202162474394 8.6714752530679089 2.4235313702374688 2.4100246150046578 2.4425931256264453 1.2972330898046491 45.832758020376787 1.1310143750160926 8.9501630412414652 1.7731270650401709 223.17116443742998 68.939433892257512 18.928746107034385 3.6061352039687318
leaf_count=297 22 96 809 38 9 623 24733 20 208 48 47 239 29 21 107 40 49 56 23 1672 24 217 30 7894 2299 625 107
internal_value=-0.000247781 0.00272524 0.00660427 -0.00187385 -0.00452091 -0.000941272 -0.000525301 0.00472519 0.0073516 0.00115068 0.0138117 -0.0141678 0.00845691 -0.013388 0.00734757 -0.00123205 0.00982766 -0.0136015 -0.00588588 -0.000732342 0.00297165 0.00421742 -0.0205283 -0.00096867 0.00050647 -0.00167274 0.0140178
internal_weight=1093.07 93.3225 50.6243 42.6982 33.9892 24.7903 999.747 37.9271 33.173 16.9261 16.247 9.19883 8.70909 1.76716 49.477 11.095 38.382 4.75406 3.73983 961.82 57.6871 54.7829 2.90414 904.133 292.111 612.022 6.94193
internal_count=40382 2189 1027 1162 909 661 38193 699 600 345 255 248 253 50 1005 147 858 99 79 37494 1943 1889 54 35551 10193 25358 203
is_linear=0
shrinkage=0.03


Tree=180
num_leaves=26
num_cat=0
split_feature=2 18 17 16 15 17 26 26 8 14 0 5 7 3 6 5 4 19 25 25 16 18 19 10 12
split_gain=1.13504 1.84525 2.21735 1.6964 1.57708 1.564 1.44532 1.14447 1.10251 1.07467 2.61926 1.82165 2.82017 2.34106 0.975343 1.09023 0.95919 1.29053 2.00051 1.86304 0.997632 0.971029 0.911249 0.792203 0.789169
threshold=0.12263596368941027 0.83935483870967753 0.20850593583534319 0.37210891501499449 0.43749192819320687 0.10846072883906206 0.87436733742985007 -0.36588418931463057 0.98994949494949502 0.86788946347769891 -0.63435480669041366 0.98484536082474239 0.99500000000000011 0.96984848484848496 0.22840206185567014 0.55051020408163276 0.045618556701030939 78.500000000000014 6.9145701732705502 3.6023028116765703 1.3119907800907089 0.080540540540540564 22.500000000000004 0.086237113402061874 0.37513486563660153
decision_type=2 8 8 10 8 10 10 8 2 8 2 2 8 2 2 2 2 8 8 8 10 8 10 2 8
left_child=9 2 3 7 22 -5 -6 -2 14 16 -11 13 -13 -12 15 -3 17 19 -19 -1 21 -18 -4 -22 -16
right_child=1 8 4 5 6 -7 -8 -9 -10 10 11 12 -14 -15 24 -17 20 18 -20 -21 23 -23 -24 -25 -26
leaf_value=-0.0059089170578015982 -0.0014843376355084047 0.0020069811124185286 0.033326919845385813 0.005999046875620328 -0.00010128183854202077 -0.031956689883284824 0.025254990756726152 -0.039802622656119314 0.023952375902756298 0.032405682849591888 0.00079334295276679585 -0.00044838030474637507 -0.040947456668556981 0.012050126910135944 -0.0085212083861235868 -0.034161431397512036 0.0021023708897283857 0.0027945837662365349 -0.01522131067544358 0.010372315002902409 -0.033912718007135093 -0.001341162585014855 0.014596808959441383 -2.7366712067326339e-05 0.005890700918060726
leaf_weight=8.2317773946560902 1.3912895154207943 1.1893251342698996 4.537164178676905 19.30202558729798 7.5701785231940431 1.029162935912608 2.7611012104898691 1.4149509863927989 1.1892129965126503 2.468708435073494 175.61325016710907 4.7359459502622476 2.2985448148101568 18.366428181994706 8.1839691924396849 2.030899747274816 82.590498761739582 21.001989811658863 7.5381945418193927 27.313963244669139 1.4862724412232631 684.63281349488534 4.8225500048138201 1.0665331319905815 5.8738661650568273
leaf_count=159 23 35 70 409 253 27 65 27 13 25 5840 77 45 280 415 44 2562 470 168 518 46 28465 88 47 247
internal_value=-2.77972e-05 0.00393904 0.00735702 0.00105981 0.0147564 0.00407773 0.00667535 -0.020805 -0.00398776 -0.000262194 0.00169251 0.00131531 -0.0136816 0.00185916 -0.00591083 -0.0208034 -0.000739189 0.00278718 -0.00196388 0.00660186 -0.00103277 -0.000970471 0.0236763 -0.0197558 -0.0024994
internal_weight=1098.64 61.2957 42.8284 23.1374 19.691 20.3312 10.3313 2.80624 18.4673 1037.34 203.483 201.014 7.03449 193.98 17.2781 3.22022 833.862 64.0859 28.5402 35.5457 769.776 767.223 9.35971 2.55281 14.0578
internal_count=40418 1716 962 486 476 436 318 50 754 38702 6267 6242 122 6120 741 79 32435 1315 638 677 31120 31027 158 93 662
is_linear=0
shrinkage=0.03


Tree=181
num_leaves=27
num_cat=0
split_feature=2 18 26 13 14 12 1 12 10 22 22 7 10 19 25 15 1 2 22 12 21 22 7 10 1 16
split_gain=1.22801 1.49786 1.27462 2.46248 1.34756 1.32877 1.23978 1.01689 1.72183 0.977372 1.81662 1.66541 1.46776 1.45252 2.39162 0.978034 1.48931 1.6091 1.01288 1.43326 1.26944 0.934561 0.884033 0.878258 0.717439 0.641412
threshold=0.11704829797950135 0.047065337763012187 -0.39967491577905029 1.1834026002617895 0.069971440228478191 0.084296598767102396 0.35773486417840283 0.38157496599993768 0.50757731958762897 0.064141060596837871 0.099526812123520256 0.86298969072164955 0.040202020202020211 46.500000000000007 2.7191160467773225 0.011299795709908071 0.027042054346661838 -0.03162107554793548 -0.033687162564287158 0.55420888922673817 0.44765698083176048 -0.0056107103598274045 0.41118556701030934 0.73332632021880928 0.03630907565568995 1.0135784038936033
decision_type=2 10 10 10 10 10 2 10 2 2 2 10 2 10 8 8 2 2 2 10 2 2 10 2 2 8
left_child=9 6 3 5 23 -3 7 24 -9 15 13 12 -12 14 -11 16 17 -1 19 -17 -20 -18 -6 -4 -2 -15
right_child=1 2 4 -5 22 -7 -8 8 -10 10 11 -13 -14 25 -16 18 21 -19 20 -21 -22 -23 -24 -25 -26 -27
leaf_value=0.016137119145625069 -0.00083955394625375031 -0.00544323130328714 0.013069715398455499 -0.045902904591940234 0.012873590957297691 0.0092297156109807672 -0.037306262373220746 0.037016460695649671 -0.0038995705995562078 0.032473488883437283 0.039649833356299041 -0.050434473518752083 -0.0099787531795461383 0.028530440044397171 -0.006509062248612054 0.0018713903013919983 0.032633139839821433 -0.01533357523001899 0.00083393565069635937 0.018186270792719748 -0.0014904504086435293 0.0091678694989073724 -0.00017145603471361036 0.035332864390354365 -0.015222716981969057 0.0033606395574393481
leaf_weight=2.44198795594275 11.576654737815266 8.9280520183965617 3.4876366937533048 0.93700247164815564 11.09343210142106 14.700999566353856 0.90286642871796985 1.542178752832114 2.3153940886259079 1.9108809325844065 0.64668029546737615 0.75015284400433291 3.1430955799296498 4.6785301407799125 5.4740018704906106 58.517540107946843 2.4360390603542328 3.6444433741271478 323.71384864859283 5.2837653839960685 609.84236309793778 4.096093837171793 8.0813625045120698 2.9383033290505409 4.2733038268052033 1.1316108237951992
leaf_count=34 523 270 59 24 304 347 24 27 62 32 6 25 117 91 137 1853 23 56 10021 102 25699 51 184 34 203 25
internal_value=5.6303e-05 0.0038785 0.00667584 0.00179424 0.0113601 0.00368566 -0.00293037 -0.0013555 0.0124578 -0.000206927 0.00677469 -0.0095942 -0.00151022 0.0124066 0.0035779 -0.000329522 0.00797019 -0.00270696 -0.00043453 0.00322252 -0.000684461 0.0179188 0.00737566 0.0232497 -0.0047174 0.0236282
internal_weight=1098.49 70.7772 50.1668 24.5661 25.6007 23.6291 20.6104 19.7075 3.85757 1027.71 17.735 4.53993 3.78978 13.195 7.38488 1009.98 12.6186 6.08643 997.358 63.8013 933.556 6.53213 19.1748 6.42594 15.85 5.81014
internal_count=40333 2061 1222 641 581 617 839 815 89 38272 433 148 123 285 169 37839 164 90 37675 1955 35720 74 488 93 726 116
is_linear=0
shrinkage=0.03


Tree=182
num_leaves=29
num_cat=0
split_feature=10 22 0 21 21 22 1 20 18 11 8 26 20 20 20 19 21 15 22 17 4 14 22 10 5 8 20 11
split_gain=1.27555 1.2788 1.61178 1.12639 1.386 1.40868 2.16961 1.37576 1.34321 1.21031 1.18949 2.07622 1.54054 1.38691 1.29221 1.13867 1.04047 1.65806 1.17511 1.05648 2.30898 1.1608 0.818302 0.681821 1.03689 0.602229 0.433626 0.335787
threshold=0.42346141830677919 0.064141060596837871 0.020048307020497761 0.31824892518212505 0.57710280313862483 0.027171289341732276 -0.3859843730881814 0.28991346210032271 0.02409988385598142 0.57497665423749045 0.98994949494949502 -0.91957860307827133 0.45539038582616959 0.66741181654865878 0.44269634358758148 17.500000000000004 0.62402350100529624 0.022599591419816142 0.0065293128714280953 -0.21426265079574244 0.87691984010098889 0.18127053669222346 -0.0082538416497722651 0.67005154639175268 0.42134020618556706 0.82237113402061868 0.58366256248136816 -0.07562681760366273
decision_type=2 2 2 2 2 2 2 10 8 10 2 10 10 8 10 10 2 8 2 10 2 10 2 2 2 2 8 10
left_child=3 16 26 10 8 7 -7 -6 25 -10 12 -12 14 -14 -1 -13 19 22 -19 20 -2 -21 -18 -4 -25 -5 27 -3
right_child=1 2 23 4 5 6 -8 -9 9 -11 11 15 13 -15 -16 -17 17 18 -20 21 -22 -23 -24 24 -26 -27 -28 -29
leaf_value=0.0037456321356609387 -0.0025869707218616885 -0.021322925131077489 0.037295206885171253 -0.036389957441503071 0.0046247783523420656 -0.0196297165730859 0.0084730894034387473 -0.0010557586119875749 -0.00077713947637342209 0.011276135760638505 0.012012660571067328 -0.0012661554529888406 0.015032198749287141 -0.014933159301659452 -0.025774816089691736 -0.03215817619821059 0.035643830617762905 -0.0010734398456949919 -0.0061348559642752246 0.0071288920880921329 0.0060681485135123539 0.00045235514023942249 0.0046924619736899709 0.034617642595709916 -0.0030030707165787096 -0.0023766747694191899 -0.045276714344105774 0.013118627915692307
leaf_weight=58.042900493834168 180.34868018259294 0.56113672349601973 1.660548531450331 1.3609683420509093 63.500812681391835 2.6104678325355044 46.759381044656038 96.961616663262248 286.37539621070027 7.6992958365008226 3.0787213072180748 1.7739952392876137 18.210801507811997 1.5050074607133854 1.3659406937658776 2.7209584079682827 1.4188669174909594 94.719424295704812 73.178011977113783 32.310363337397575 32.78318774048239 85.337161211762577 1.6778767472133029 1.1406695824116471 1.562635865062475 0.71443193778395642 0.32858426682651054 0.4666187325492489
leaf_count=1575 7766 38 28 52 2269 54 1239 3583 7665 113 31 20 322 31 31 44 14 5371 4420 980 1026 3519 31 24 47 11 15 25
internal_value=0.000286473 -0.000817438 0.013287 0.00123172 0.000690348 0.00255567 0.00698713 0.00119224 -0.000631298 -0.000461567 0.00439121 -0.00696671 0.00547837 0.0127448 0.00306689 -0.0199662 -0.000978227 -0.00287826 -0.00327946 3.97937e-06 -0.00125567 0.00228598 0.0188738 0.0221651 0.0128711 -0.0246813 -0.0152771 -0.00568587
internal_weight=1100.17 507.494 5.72019 592.681 505.982 209.832 49.3698 160.462 296.15 294.075 86.6983 7.57367 79.1247 19.7158 59.4088 4.49495 501.774 170.994 167.897 330.779 213.132 117.648 3.09674 4.36385 2.70331 2.0754 1.35634 1.02776
internal_count=40344 23304 177 17040 14986 7145 1293 5852 7841 7778 2054 95 1959 353 1606 64 23127 9836 9791 13291 8792 4499 45 99 71 63 78 63
is_linear=0
shrinkage=0.03


Tree=183
num_leaves=23
num_cat=0
split_feature=2 8 25 7 4 7 18 17 18 13 11 8 19 13 20 11 8 10 8 4 1 1
split_gain=0.842559 1.29141 2.11524 1.86881 1.94273 1.71291 1.27309 1.51528 1.31516 1.39883 1.07077 1.69324 1.95782 1.44874 1.94091 1.21147 0.910095 0.791657 0.722802 0.783685 0.638871 0.624161
threshold=0.1335161845900886 0.98974332000841592 6.1474672217992063 0.80512308015989908 0.89345360824742281 0.60912371134020626 0.82952776336274014 0.23019090291490102 0.81934731934731941 0.77027688723733789 0.54165545691376427 0.98484536082474239 9.5000000000000018 0.39031242684882744 0.55807236492819035 0.61514165662891618 0.98994949494949502 0.086237113402061874 0.15075757575757578 0.10654639175257734 0.019884718788573962 0.35773486417840283
decision_type=2 2 10 8 2 10 8 10 8 8 10 2 10 10 10 10 2 2 2 2 2 2
left_child=1 10 3 5 -5 -3 7 8 9 -2 11 21 -13 15 -15 -12 17 -8 -9 -20 -19 -1
right_child=6 2 -4 4 -6 -7 16 18 -10 -11 13 12 -14 14 -16 -17 -18 20 19 -21 -22 -23
leaf_value=-0.00070343183626039071 0.0072651139542769458 -0.0017336694895582463 -0.033031171397819713 -0.014896155186353999 0.0059509860865888786 0.023098568765492579 0.026545629573917061 0.028853412254389914 0.030093911562504915 -0.0088069948171436013 0.016479258500014339 0.016317520023741549 -0.0083614878586128552 -0.0099223288704704572 0.027838095960636008 0.0038701898610100146 0.024755738695700732 -0.0024643940432804586 -0.010442100544123173 0.015369150548203852 -0.016576211691536915 0.0058737721508555756
leaf_weight=935.17841439414769 11.231375354342166 9.0678863921202701 2.4334052205085746 15.618371508084239 5.4189927997067562 3.4516622396185985 0.64635804668068608 2.8983778720721594 1.4285410623997439 8.6099145105108619 9.2623984478414041 10.7167821675539 3.9628790915012351 9.8250062074512226 1.3996333191171277 26.417001807130873 0.93734237924218256 8.0952748775016499 1.2503867344930748 6.9052441865205765 4.487981087062507 13.168286420870571
leaf_count=37349 252 158 36 232 65 47 11 39 15 197 146 121 70 213 19 463 10 334 23 172 204 216
internal_value=-0.000263359 -0.000439015 -0.00602317 -0.00406466 -0.00952616 0.00511262 0.00368843 0.00697502 0.00229246 0.000290795 -0.000240015 -0.000455596 0.00965525 0.00418626 -0.00521387 0.00714351 -0.00381035 -0.00583431 0.0159851 0.0114119 -0.00749756 -0.000612104
internal_weight=1092.41 1045.92 35.9903 33.5569 21.0374 12.5195 46.4908 32.3238 21.2698 19.8413 1009.93 963.026 14.6797 46.904 11.2246 35.6794 14.167 13.2296 11.054 8.15563 12.5833 948.347
internal_count=40392 39135 538 502 297 205 1257 698 464 449 38597 37756 191 841 232 609 559 549 234 195 538 37565
is_linear=0
shrinkage=0.03


Tree=184
num_leaves=27
num_cat=0
split_feature=17 10 0 5 7 9 24 15 22 17 0 2 12 2 11 18 13 18 7 22 22 8 5 12 23 15
split_gain=1.36023 1.47381 2.49788 1.64875 1.71967 1.43626 2.04787 1.18896 1.67835 1.67817 1.24426 1.04027 1.65222 1.3777 2.21904 1.21687 1.07504 1.01622 0.953231 0.780726 0.885808 0.873694 0.933731 0.798131 0.749761 0.562535
threshold=0.15291920632299286 0.025309278350515465 -0.3448182282572631 0.26131313131313139 0.79190721649484541 0.37243569717796526 2.1842406975346318 0.022599591419816142 0.037779630002959384 -0.094688505665510569 0.085520889409801085 0.11968146503105588 0.38157496599993768 0.091621268960453375 -0.28720960482723429 0.2022727272727273 -0.49611694523607736 0.64611005692599632 0.53030612244897968 -0.13380590989336844 -0.088697980185796207 0.42134020618556706 0.62122448979591849 -0.061096382038312462 -2.8569194629199197 0.13873295910184444
decision_type=10 2 2 2 8 8 10 8 2 10 2 2 10 2 10 8 8 10 10 2 2 2 2 8 2 10
left_child=7 2 3 -2 -5 6 -4 8 9 10 -1 13 16 15 -15 -3 -13 -14 -7 21 23 25 -23 -21 -22 -9
right_child=1 11 5 4 -6 18 -8 19 -10 -11 -12 12 17 14 -16 -17 -18 -19 -20 20 24 22 -24 -25 -26 -27
leaf_value=0.020568629766540818 0.018355981695641812 0.0041283411877618501 -0.024866700130363368 0.0082056816150920756 -0.012739979031431732 0.01278497771036596 0.02486991451848258 -0.051468833675157775 -0.019004706078839997 -0.01961269630612408 0.005331552164989743 0.030816136406317769 0.023413068472237324 -0.070740422506987241 -0.0057444306510395695 -0.00022448376736593096 -0.00023864003989985098 -0.0052380521239160033 0.031975588691016306 -0.011203197418984392 0.013038995930819699 -0.024083380257634956 0.026542513852067299 0.022557446628069744 -0.0011643333923806343 -0.014964759358611746
leaf_weight=6.4323748648166754 3.7464184202253881 77.367437022505328 1.4986778665333962 6.0687227696180317 8.4255795245990157 4.0851585334166884 1.4816643334925172 0.72123381868004732 2.4094585590064517 1.9662174629047502 19.282624383457005 1.0680699693039057 6.297785314731299 0.48487717658281582 18.906436185352504 228.5693435696885 16.531538309995092 1.3536403300240634 5.4204152608290315 0.83564309310168028 3.3615630469284943 0.65758538059890248 0.65395661350339651 2.5637496327981348 675.44119248865172 0.80287966225296259
leaf_count=74 36 2478 30 82 127 54 17 19 39 29 266 21 109 4 639 8475 509 39 48 34 111 34 14 73 27036 37
internal_value=-5.48393e-05 0.00139224 0.00769224 0.000615408 -0.00397009 0.0180308 -0.000140356 -0.000826418 0.00501011 0.00710043 0.00914297 0.000840069 0.00670581 0.000384787 -0.00736965 0.000876289 0.00164599 0.0183443 0.0237281 -0.00108279 -0.0010175 -0.0167916 0.00115953 0.0142584 -0.001094 -0.032239
internal_weight=1096.43 381.306 30.7266 18.2407 14.4943 12.4859 2.98034 715.128 30.0907 27.6812 25.715 350.579 25.251 325.328 19.3913 305.937 17.5996 7.65143 9.50557 685.038 682.202 2.83566 1.31154 3.39939 678.803 1.52411
internal_count=40434 12668 394 245 209 149 47 27766 408 369 340 12274 678 11596 643 10953 530 148 102 27358 27254 104 48 107 27147 56
is_linear=0
shrinkage=0.03


Tree=185
num_leaves=22
num_cat=0
split_feature=22 21 3 25 12 22 8 0 7 2 2 18 13 22 18 24 2 4 16 17 17
split_gain=1.61227 1.90264 2.18109 1.36919 1.21361 2.16944 1.71275 1.63275 1.51393 1.35824 1.17587 2.27617 1.41607 1.26842 1.13562 1.74638 1.12479 0.961453 1.77646 1.13193 0.690405
threshold=-0.026884080279522306 0.27609206242677004 0.96984848484848496 3.5116069295099259 -0.31178673667601958 -0.023771007365109221 0.59091836734693881 -0.084405627004141323 0.87691984010098889 -0.063582924628362153 0.11968146503105588 0.90550595238095244 2.165841500362089 -0.017808055229218283 0.028174603174603175 2.8456507920703635 0.093061623362681159 0.020101010101010106 0.3066588189750446 3.2728385611719211 1.8330254340162735
decision_type=2 2 2 10 8 2 2 2 8 2 2 8 10 2 8 8 2 2 8 10 8
left_child=1 -1 14 -4 5 8 9 -8 -2 -7 17 12 -12 -13 15 -3 -16 18 -6 -19 -5
right_child=4 2 3 20 10 6 7 -9 -10 -11 11 13 -14 -15 16 -17 -18 19 -20 -21 -22
leaf_value=-0.03467611053294592 0.0032094876362656951 0.0011885462286322999 -0.0055726514687883992 0.032215223833920122 0.038190389188454077 0.010418544980335729 -0.0081619635372153013 0.0053348947082142448 -0.042228965990577232 0.0023800167352612755 0.0056190884815550983 0.023310018188495072 0.031075853167802547 -0.0082462612621328878 0.0041401133712238572 -0.068692489728047368 -0.0083833991409964104 -0.0015549750703492352 0.0026717725225110889 0.014998883602217858 0.0097964857821356867
leaf_weight=1.158602425828575 1.0967692276462906 0.88284134212881216 1.5745600042864669 4.3366760490462184 1.3467662790790225 28.504266396630555 20.671573599800467 13.229179807938634 1.656913007609546 56.248548202682287 39.662379493471235 1.2335166875273014 2.069218583405017 16.231836198363453 75.047473067883402 0.50651915185153484 7.0618480490520588 791.17450845381245 21.483606623485684 3.7351741925813249 1.7292868508957324
leaf_count=21 27 34 36 50 14 557 466 355 37 1321 921 36 18 704 2463 12 252 32359 383 123 27
internal_value=-0.000267386 0.00352615 0.00401179 0.0193538 -0.000618102 0.00219304 0.00280397 -0.00289505 -0.0241312 0.00508355 -0.00100729 0.00307567 0.00688134 -0.00601755 0.00260792 -0.024288 0.00306302 -0.00130286 0.00476702 -0.00147719 0.0258241
internal_weight=1090.64 92.2978 91.1392 7.64052 998.344 121.407 118.654 33.9008 2.75368 84.7528 876.937 59.197 41.7316 17.4654 83.4987 1.38936 82.1093 817.74 22.8304 794.91 6.06596
internal_count=40216 2895 2874 113 37321 2763 2699 821 64 1878 34558 1679 939 740 2761 46 2715 32879 397 32482 77
is_linear=0
shrinkage=0.03


Tree=186
num_leaves=28
num_cat=0
split_feature=22 4 24 3 9 24 8 24 12 17 24 9 9 18 22 14 17 12 10 24 0 8 24 9 5 17 24
split_gain=1.26889 1.37049 1.09974 1.16711 1.04964 1.65548 1.1567 1.16516 1.0043 0.986404 1.56094 1.25653 1.04455 0.897245 1.38929 1.1407 1.05375 2.12359 1.24661 0.824778 0.745044 0.861275 0.673917 0.673584 0.628154 0.481304 0.434913
threshold=-0.033687162564287158 0.16747422680412374 -2.5111116818346093 0.050252525252525264 0.37056701030927841 2.6232932154403117 0.62122448979591849 1.5561882895444452 0.24118916790713554 3.2728385611719211 2.0750905076147119 0.49242268041237119 0.10654639175257734 0.58616118769883363 -0.032079421303235267 0.064309346567411094 0.51286594766159244 -0.93894387751149588 0.025309278350515465 -5.5241072755980687 1.2967227473139962 0.77159793814432998 -2.2973376983789957 0.90360824742268053 0.43149484536082477 0.55489914783091976 2.690403996978374
decision_type=2 2 8 2 8 10 2 8 10 10 8 10 8 10 2 8 8 10 2 8 2 2 10 10 2 8 8
left_child=1 4 3 -3 5 8 7 -6 -1 13 11 12 -11 16 26 -16 17 -2 -18 -5 21 -4 -13 24 -12 -8 -15
right_child=9 2 20 19 6 -7 25 -9 -10 10 23 22 -14 14 15 -17 18 -19 -20 -21 -22 -23 -24 -25 -26 -27 -28
leaf_value=0.0034082693173488224 -0.026738080395198958 0.017188402637073535 0.0014437379777111966 -0.0040491188774032585 -0.0066858403735204448 -0.033592862019861461 0.015836424660409729 0.020416136666023252 0.037278442424818932 0.010873019533162435 -0.015885153643185563 -0.0089458948074912295 -0.034979505035251782 -0.050367852181330698 0.0065936082097405634 0.00060905916267473415 0.0060303461148162509 -0.0017876892559853265 -0.00024080076024051895 -0.025288798858791466 -0.02461483879515736 0.011003378619741815 0.029289931512948716 0.040352153141210531 0.02099815989987841 0.037631882460078987 -0.013236971621778854
leaf_weight=5.4235403076745596 3.0974939269945017 1.3089485671371219 32.193485635332763 3.579726429656148 2.4312973786145431 0.97853642050176848 1.3945283303037284 3.4585031839087605 0.92181767057627428 0.6670477744191875 0.50180021952837739 0.66838188469409932 1.3563375705853102 0.57301755808293708 32.249407515861094 257.88879658095539 31.116466259583831 347.67905372474343 343.00712527427822 3.045185883063823 0.83679488673806091 11.516255408991126 1.0937742237001655 1.3397989924997089 2.418486300855875 2.6345851169899106 0.5626984965056181
leaf_count=148 78 19 1052 183 56 30 24 61 17 16 29 16 53 23 705 8435 384 14048 14278 138 12 302 27 14 57 37 22
internal_value=8.77369e-05 0.00400374 0.00159286 -0.00869754 0.0113415 0.00272764 0.0177018 0.0092285 0.00832874 -0.000178843 0.0102842 -0.00373365 -0.0198633 -0.000261685 0.00114462 0.00127425 -0.000826757 -0.00200801 0.000280781 -0.0138121 0.00342561 0.00396243 0.0147872 0.0227405 0.0146604 0.0300882 -0.0319711
internal_weight=1093.94 69.7232 52.4804 7.93386 17.2428 7.32389 9.91891 5.8898 6.34536 1024.22 8.04563 3.78554 2.02339 1016.17 291.274 290.138 724.9 350.777 374.124 6.62491 44.5465 43.7097 1.76216 4.26009 2.92029 4.02911 1.13572
internal_count=40264 2079 1706 340 373 195 178 117 165 38185 212 112 69 37973 9185 9140 28788 14126 14662 321 1366 1354 43 100 86 61 45
is_linear=0
shrinkage=0.03


Tree=187
num_leaves=26
num_cat=0
split_feature=11 19 20 9 12 23 13 8 9 26 22 6 22 12 20 8 23 9 26 2 16 24 12 20 6
split_gain=1.16823 2.79373 2.60781 1.85 1.5858 1.8221 1.73995 1.55127 1.95871 1.09841 1.04311 1.49861 1.55449 1.35305 1.01421 1.33624 1.26665 1.25066 1.6607 1.15237 0.983077 0.975292 0.831821 0.661947 0.527834
threshold=-0.38434845016290881 66.500000000000014 0.28172926383478752 0.45407685098406753 -0.4410004189968591 -0.87802408409327348 -0.7753594070656179 0.020101010101010106 0.92820324005891031 -1.1118956388683612 0.074529484210766897 0.75128865979381454 0.099526812123520256 -0.30379560031199238 0.33762616118924432 0.85283505154639183 -1.7607188379062439 0.030151515151515155 -1.2127151142495942 -0.11804807555791279 0.75820262278659067 1.6284788967877317 -0.061096382038312462 0.43545684284790376 0.91959595959595974
decision_type=8 10 8 8 8 2 8 2 10 10 2 2 2 8 8 2 2 8 8 2 8 8 8 8 2
left_child=1 2 3 -1 5 -4 -6 -3 9 -9 14 12 23 -13 15 19 -17 18 -16 -2 -19 -10 -14 -12 -15
right_child=10 7 4 -5 6 -7 -8 8 21 -11 11 13 22 24 17 16 -18 20 -20 -21 -22 -23 -24 -25 -26
leaf_value=0.010895127047415312 -0.013307314190691248 0.018980479931491146 -0.010476900203502802 -0.046451040624931147 0.021943198880741296 0.017446212490759363 0.00065665558370375202 0.0063856358416787967 -0.018306181145219293 -0.016190573606511563 0.0081264537192729108 0.01933698757987936 -0.031113585032705005 -0.048423688894545236 0.012596000246743193 -0.019714450485743201 0.0085537296653761929 0.00095213342339121225 -0.010678310254821606 0.0012317124416365277 -0.0011511611746113945 -0.057047000859976209 0.0062495079248120989 0.030217062445496171 -0.012075035289838392
leaf_weight=0.80618201289325897 5.1307483483105889 1.5385407339781512 2.3529179664328721 1.361082714051008 4.0406565219163895 19.819642656482756 23.883163294754926 3.4902179986238471 1.1847359845414756 4.365553635172545 1.7377347052097301 0.7680204501375556 0.73260160814970732 0.70857343915849857 3.2054383410140872 1.4914053687825788 32.83297879807651 322.56656467868015 19.818940924480561 112.20661567058414 526.35319567890838 1.155015883035958 2.0011243820190434 4.1040483620017767 0.72995611000806093
leaf_count=15 245 18 44 39 44 269 366 61 23 92 40 20 34 34 71 62 1007 11317 552 5254 20548 26 61 69 23
internal_value=0.000195887 0.00412928 0.00709928 -0.0251193 0.00849312 0.0144831 0.00373688 -0.00909911 -0.0133364 -0.00616025 -4.74723e-05 0.00923491 0.0149083 -0.012814 -0.000145247 0.002119 0.00732547 -0.00053908 -0.00743808 0.000595972 -0.000351966 -0.0374305 -0.0037633 0.0236458 -0.0299792
internal_weight=1098.39 63.9977 52.2636 2.16726 50.0964 22.1726 27.9238 11.7341 10.1955 7.85577 1034.39 10.7821 8.57551 2.20655 1023.61 151.662 34.3244 871.944 23.0244 117.337 848.92 2.33975 2.73373 5.84178 1.43853
internal_count=40334 997 777 54 723 313 410 220 202 153 39337 281 204 77 39056 6568 1069 32488 623 5499 31865 49 95 109 57
is_linear=0
shrinkage=0.03


Tree=188
num_leaves=24
num_cat=0
split_feature=22 20 12 2 12 4 3 5 16 5 9 12 9 9 15 25 3 6 4 3 17 24 10
split_gain=0.983524 1.20259 1.02124 0.998695 0.98641 1.78999 1.71814 1.51009 0.927604 1.22963 1.33316 1.12841 1.37366 1.08989 0.842533 2.21231 1.14016 0.806369 1.60425 1.39487 0.792531 0.771043 0.380021
threshold=-0.033687162564287158 0.20055444129689745 0.63246497479961206 0.1335161845900886 0.0060496618459117161 0.917946560067326 0.98994949494949502 0.98974332000841592 0.34958330157265854 0.79190721649484541 0.95438144329896912 0.57094256271445765 0.97469072164948456 0.29948453608247427 0.16185511895215185 7.0110539974446233 0.69036082474226812 0.15731958762886603 0.9076898800757417 0.84268041237113411 -0.62824937346631726 5.4939950437593428 0.15075757575757578
decision_type=2 8 10 2 8 2 2 2 8 2 8 10 10 10 8 10 2 2 2 2 8 10 2
left_child=1 -1 17 4 5 6 -2 -7 9 21 -11 12 -10 -13 15 -6 -16 18 -3 -19 -4 -5 -22
right_child=3 2 20 8 14 7 -8 -9 11 10 -12 13 -14 -15 16 -17 -18 19 -20 -21 22 -23 -24
leaf_value=0.033877986769076766 -0.00025050990721180199 0.010906976531717523 -0.00057229574302630477 -0.035646076912980912 -0.0020270989695007359 0.0083230324086958126 0.014746315608158289 -0.012117233348219694 0.0040200252123789235 -0.011069121688219019 0.031540994280645628 0.001598797062109035 -0.036301559254297351 0.023265078202182595 -0.0015621198190384829 -0.016317403213316907 0.0014280296166959254 -0.0034987342754671251 -0.010517517836014914 0.0088568292094835278 0.039904638257344915 0.0071892123234733986 0.0178423239497803
leaf_weight=1.1543512893840659 286.81291501270607 16.696819168515507 1.6935308035463092 1.6000870550051325 138.89491114486009 39.682179769035429 7.0443297559395424 3.5433693006634703 30.682600172236565 1.7740719225257637 1.0531441438943145 3.3490466577932221 0.77972906362265249 5.55627266690135 310.9035470476374 10.486134182196109 181.92591635324061 32.209029138553888 3.8756639845669261 11.042779661249368 1.0194623768329614 0.4952549785375594 2.261180967092514
leaf_count=28 10170 284 34 69 2757 982 118 58 902 48 15 62 17 71 15643 223 7155 1329 61 293 11 20 51
internal_value=6.96427e-05 0.00351132 0.0030018 -0.000165336 -0.000366759 0.000947449 0.000108993 0.00664746 0.00418997 -0.00810484 0.00480324 0.00568923 0.00302074 0.015117 -0.00105656 -0.00303024 -0.000458319 0.00198142 0.0068708 -0.00034419 0.0160945 -0.0255215 0.0246982
internal_weight=1094.54 69.9528 68.7985 1024.58 979.293 337.083 293.857 43.2255 45.2902 4.92256 2.82722 40.3676 31.4623 8.90532 642.211 149.381 492.829 63.8243 20.5725 43.2518 4.97417 2.09534 3.28064
internal_count=40401 2091 2063 38310 37106 11328 10288 1040 1204 152 63 1052 919 133 25778 2980 22798 1967 345 1622 96 89 62
is_linear=0
shrinkage=0.03


Tree=189
num_leaves=28
num_cat=0
split_feature=19 3 24 8 4 7 6 26 21 8 10 15 11 21 16 24 17 1 10 7 21 11 8 0 26 10 7
split_gain=1.12142 1.86911 1.43959 1.42029 1.75503 1.99327 2.41502 2.01384 1.48427 1.36847 1.71988 1.34082 1.54017 1.65176 1.31236 1.29201 1.2263 1.01427 1.44452 1.98139 1.3326 1.04124 1.46521 1.2105 0.955119 0.87842 0.772535
threshold=15.500000000000002 0.77435304018514628 10.692216455556443 0.94422680412371141 0.076082474226804128 0.96922996002524731 0.8974332000841575 0.62940289776527736 0.34150879233215464 0.50757731958762897 0.030151515151515155 0.5344873150105709 -0.1834705662156679 0.46044082076698395 0.40839938418354144 -7.2128245226157803 -1.4747624764159732 -0.13793625114548971 0.13701030927835053 0.94422680412371141 0.16958688138884101 0.87536584666294825 0.76409636019356209 1.5107708689989272 0.41613896429875141 0.040202020202020211 0.7817525773195878
decision_type=8 2 10 2 2 8 2 10 2 2 2 8 8 2 8 10 8 2 2 10 2 10 2 2 10 2 10
left_child=1 2 9 17 8 6 -6 -7 14 26 -11 16 -13 -14 -5 -10 24 18 19 -2 -20 23 -23 -19 -3 -18 -1
right_child=3 11 -4 4 5 7 -8 -9 15 10 -12 12 13 -15 -16 -17 25 21 20 -21 -22 22 -24 -25 -26 -27 -28
leaf_value=0.0018613000152456556 -0.012846066639525798 -0.026127380804196625 -0.033748444050093272 0.00772316059696284 -0.0010794847165609613 0.012750592967592955 0.017852119699857137 -0.0038739351536448072 -0.012379185436418158 -0.041039062620519866 -0.0023324309282941207 -0.041271979499621907 0.017278032731140737 -0.0056665401626042004 -0.02236117567587145 0.0053497851473592812 -0.0093886421811812844 -0.00050902680493803115 0.022735508765022276 0.0038685669167078649 -0.0018113507107417287 0.017354819975541322 -0.012998639644733995 -0.016896548165492228 0.011948443910403516 0.015691015059585436 0.010349798624658579
leaf_weight=38.943756354041398 25.762981662992388 1.2711796294897797 1.1053766217082728 1.6766017600893999 57.240986108314246 32.624229543376714 6.7830310491845003 8.2078475859016162 5.2305213771760526 1.0595187637954939 41.535115615930408 0.75706633739173412 4.4860202455893123 7.6207512891851366 5.8881707387045026 12.638788286596531 1.3340702531859339 723.37063579447567 2.0634322813712052 8.4851500093936902 56.271256318781525 6.1389165045693499 1.8664509141817687 4.0796402422711244 1.1112636681646106 21.729344152379781 12.82779851881787
leaf_count=1365 521 26 30 21 1102 483 107 127 88 16 1595 28 125 350 102 178 21 31064 64 129 1907 96 41 100 21 411 252
internal_value=-3.77405e-05 0.00253521 0.000288955 -0.00039692 0.00251462 0.00422944 0.000926226 0.00940882 -0.00455501 0.000687658 -0.00329524 0.00813309 0.000239484 0.0028353 -0.0156935 0.000160342 0.0121236 -0.000855045 -0.00381433 -0.00870493 -0.000943072 -0.000482515 0.0102779 -0.00060093 -0.00836734 0.0142403 0.00396455
internal_weight=1092.11 133.781 95.4716 958.329 130.29 104.856 64.024 40.8321 25.4341 94.3662 42.5946 38.3097 12.8638 12.1068 7.56477 17.8693 25.4459 828.038 92.5828 34.2481 58.3347 735.456 8.00537 727.45 2.38244 23.0634 51.7716
internal_count=40370 4240 3258 36130 2208 1819 1209 610 389 3228 1611 982 503 475 123 266 479 33922 2621 650 1971 31301 137 31164 47 432 1617
is_linear=0
shrinkage=0.03


Tree=190
num_leaves=23
num_cat=0
split_feature=2 12 9 17 16 9 0 20 11 8 9 13 25 25 11 3 0 3 25 0 11 8
split_gain=1.4272 1.63105 1.81957 1.07187 1.31349 1.59424 1.05897 1.46314 0.970177 2.07667 1.25568 0.960764 2.18917 1.05127 0.871816 0.892678 0.785724 0.776744 0.566879 0.512413 0.480237 0.0992664
threshold=0.078008508070186236 1.2385949172604689 0.53030612244897968 3.2728385611719211 0.60479064427071794 0.88329896907216499 -0.31947005360830172 0.59119853820519397 0.87536584666294825 0.96453608247422695 0.14716494845360825 0.86382366157552681 5.3410800399705058 1.7050322722130833 -0.29997520237399827 0.95897328003366311 -0.25765498980754026 0.7309793814432991 4.3223048072498402 -0.36060355925794407 0.75528110364244061 0.38264084140372806
decision_type=2 10 10 10 10 10 2 8 10 2 8 10 8 8 8 2 2 2 10 2 10 2
left_child=3 6 20 8 -5 16 7 18 11 10 -10 13 -13 -1 -8 -16 -6 -4 -2 -9 21 -3
right_child=1 2 17 4 5 -7 14 19 9 -11 -12 12 -14 -15 15 -17 -18 -19 -20 -21 -22 -23
leaf_value=0.0062367542175656059 0.037102058194786833 0.04663778169024467 -0.021918042550543998 -0.015550758369045015 -0.016630931993786558 0.041165014457804537 -0.029876438573089043 -0.021285872504872294 0.024780898425797872 -0.038247196572920125 -0.0085324071585208532 0.0092290558222767483 -0.0031354968650577678 -0.00059781543777642332 0.0025971650656285926 -0.0058246001661482107 0.013696460391552964 0.012026670385583874 0.014016648475623547 0.008714033150194124 0.017612699168616394 0.033905858724342805
leaf_weight=20.760338834952563 1.9342719083651894 0.86739191878586952 1.0769381951540711 1.3974230540916313 0.96498086024075691 1.730908755213022 0.7803982263430953 0.98720348253846202 1.2359928777441362 1.8694796236231921 5.7823357447050512 29.133435540832579 23.110523376148194 832.37683875649236 139.52314428379759 12.328312876634298 3.7828363897278909 1.3894804026931522 1.8954083714634178 1.0654444852843878 1.6843380592763422 1.5115765165537594
leaf_count=697 26 10 22 35 23 18 17 20 20 33 125 868 708 32229 4904 239 116 23 33 22 17 36
internal_value=0.000268285 0.00283756 0.0175316 -0.000191559 0.0108282 0.016518 0.00223226 0.0147227 -0.000286491 -0.0101499 -0.00266562 -0.000189665 0.0037595 -0.000431502 0.00175089 0.00191343 0.0075325 -0.00279497 0.0256765 -0.00571416 0.0298698 0.038548
internal_weight=1087.19 165.044 6.52973 922.145 7.87615 6.47873 158.514 5.88233 914.269 8.88781 7.01833 905.381 52.244 853.137 152.632 151.851 4.74782 2.46642 3.82968 2.05265 4.06331 2.37897
internal_count=40241 5369 108 34872 192 157 5261 101 34680 178 145 34502 1576 32926 5160 5143 139 45 59 42 63 46
is_linear=0
shrinkage=0.03


Tree=191
num_leaves=27
num_cat=0
split_feature=3 26 16 7 1 26 23 9 16 12 8 22 22 20 6 11 0 9 1 3 16 21 21 15 23 21
split_gain=0.921915 2.3847 1.04208 2.11362 1.528 1.3923 1.3623 1.04689 1.01774 1.42804 2.16589 2.95372 1.48561 1.22378 1.33871 1.21452 1.72151 1.5744 1.16906 1.1136 1.52435 1.14038 0.936146 0.896451 0.66049 0.417509
threshold=0.96922996002524731 -1.3280197798617384 0.54281181955347857 0.25126262626262635 0.50154736029050861 1.7297323157262838 -1.8745089597638402 0.23116161616161621 0.51803859285949749 0.3951621659041637 0.95979797979797987 0.021489164539854746 0.0011512815791697138 0.24605467726259053 0.99500000000000011 0.32883917272078739 0.6833684584136418 0.99500000000000011 -0.051303717687366003 0.015154639175257735 1.0562813354297109 0.53484860943752432 0.27609206242677004 0.66479400749063677 -0.021685281573026696 0.48089678270178232
decision_type=2 8 8 10 2 10 2 10 10 10 2 2 2 8 2 10 2 10 2 2 10 2 2 8 2 2
left_child=8 22 3 7 6 -5 -4 -3 9 15 12 -12 -11 14 18 17 -17 -1 -10 20 -15 -21 -2 25 -25 -24
right_child=1 2 4 5 -6 -7 -8 -9 13 10 11 -13 -14 19 -16 16 -18 -19 -20 21 -22 -23 23 24 -26 -27
leaf_value=-0.0013784249600930188 -0.0053638706342384532 0.0028745930042279582 -0.025144360865318356 -0.0033103057463964207 -0.034226638706653316 0.028429673501142477 0.00063911460794234608 0.026790481321284993 0.017591480667145103 0.0040700094371900475 -0.012323847883966328 -0.058663398713495143 -0.0081364880000448104 0.013129409123113125 -0.034356321710738699 0.0091923072455050939 -0.0077577967429649404 -0.021042315289914511 0.0036847472603290313 -0.0015427990854388254 -0.019782785434281407 0.0010070845383748947 0.039798789216198734 -0.011723961471700043 0.024518095203737159 0.021612065100528419
leaf_weight=261.96694788686 1.1976223066449163 2.4020099882036474 1.9296191008761514 12.943834729492663 1.2434931360185135 1.3760634418576945 41.71390471374616 5.2428121329285204 7.2446607891470256 14.776169084012507 8.4486622083932144 1.4505026880651701 22.85083744674921 10.303992400877176 0.71665011160075565 21.164581006858501 7.2365845250897101 3.7165162796154609 21.844214311335236 308.46788876643404 1.4440214652568091 323.28814649907872 2.2622599117457867 0.94058777112513781 0.87225758656859376 2.2820501932874322
leaf_count=11973 22 37 43 188 20 16 881 67 246 406 115 25 702 178 27 445 137 73 955 10228 28 13432 22 27 13 37
internal_value=-0.000232878 0.0029904 0.00118494 0.00653936 -0.00143515 -0.000260268 -0.000500855 0.0192761 -0.000469186 -0.00180291 -0.00662788 -0.0191139 -0.00334298 0.000207492 0.00615031 -0.00102316 0.00487344 -0.00165349 0.00714826 -6.77648e-05 0.00908397 -0.000237949 0.0189668 0.0235504 0.00571404 0.0306658
internal_weight=1089.33 74.4065 66.8517 21.9647 44.887 14.3199 43.6435 7.64482 1014.92 341.611 47.5262 9.89916 37.627 673.31 29.8055 294.085 28.4012 265.683 29.0889 643.504 11.748 631.756 7.55478 6.35716 1.81285 4.54431
internal_count=40343 1373 1252 308 944 204 924 104 38970 13876 1248 140 1108 25094 1228 12628 582 12046 1201 23866 206 23660 121 99 40 59
is_linear=0
shrinkage=0.03


Tree=192
num_leaves=26
num_cat=0
split_feature=2 18 13 19 8 17 17 2 3 8 26 18 4 23 20 8 24 18 4 26 4 24 26 20 20
split_gain=1.35812 1.38315 1.73119 1.16766 1.85559 1.41469 2.39978 1.48483 1.22873 1.93108 2.44507 1.31509 0.970462 0.996741 0.918953 1.16418 1.15572 2.2969 1.16682 0.906976 0.833405 2.01604 0.809829 0.772945 0.660701
threshold=0.1335161845900886 0.17192118226600989 -0.39228383107967157 36.500000000000007 0.015154639175257735 -0.39118137585889184 -0.44082526880775247 -0.15543435236685832 0.050252525252525264 0.53804123711340213 -1.1921143274134556 0.20881782945736438 0.06592783505154641 0.048283914020597458 0.4311251657087522 0.076082474226804128 2.8456507920703635 0.91010101010101019 0.20809278350515467 1.2005294996235487 0.98994949494949502 3.4335645666154329 0.37778655748121126 0.5354837258513373 0.44419535112239678
decision_type=2 10 8 8 2 8 8 2 2 2 8 10 2 2 10 2 8 10 2 8 2 8 10 10 10
left_child=3 2 -2 4 22 6 -6 -7 9 10 -5 -11 -4 -14 16 -16 17 -3 -18 -17 23 -22 24 -10 -1
right_child=1 14 12 8 5 7 -8 -9 20 11 -12 -13 13 -15 15 19 18 -19 -20 -21 21 -23 -24 -25 -26
leaf_value=0.0084750138765205246 0.03983074226422275 0.027743658032142911 -0.032916030374830985 -0.025871703431330946 -0.0011249519908996619 0.01881814318709606 -0.027882520783632937 0.002216933141877377 -0.0013606663716951429 0.015385136726933726 0.0016122593917445658 0.0010089568593186406 -0.007002572294326128 0.0064351560368792783 0.037472638938979737 0.0043326077086934056 -0.019881565518233186 -0.015599436941818314 0.010969657414541535 -0.019568703543914052 -0.0055232936380668184 0.018117631180376084 -0.0029337858885817828 0.0018577209508248002 0.031045987131069288
leaf_weight=1.8030593814328302 0.92696515657007694 7.6450883308425563 0.87917992565781489 3.2140300553292036 65.746968433260918 4.9713029917329541 3.161690078675746 196.85611343896016 625.15522221615538 15.454463087487968 31.127694089896977 9.0982420342043024 10.609140440355988 9.3428363096900267 0.76597468834370186 6.1228165868669748 1.3314719833433653 1.2853970234282313 6.4387330710887909 1.863838782534003 6.303847147151826 6.6938019203953445 1.3636305714026091 75.244097840972245 3.3097719475626945
leaf_count=27 13 143 25 82 2438 104 126 6852 25121 259 729 166 392 308 10 129 25 42 137 59 157 133 24 2822 38
internal_value=0.000292019 0.00526953 -0.000284311 6.81083e-05 0.00173832 0.0013587 -0.00235265 0.00262585 -0.000531412 0.00363332 -0.000959955 0.0100579 -0.00206939 -0.000710138 0.0100171 0.00214312 0.0141437 0.0215051 0.00568311 -0.00124522 -0.000875231 0.00665181 0.0176077 -0.00101491 0.0230862
internal_weight=1096.72 47.2114 21.7581 1049.5 277.213 270.736 68.9087 201.827 772.291 58.8944 34.3417 24.5527 20.8312 19.952 25.4533 8.75263 16.7007 8.93049 7.77021 7.98666 713.397 12.9976 6.47646 700.399 5.11283
internal_count=40361 1283 738 39078 9609 9520 2564 6956 29469 1236 811 425 725 700 545 198 347 185 162 188 28233 290 89 27943 65
is_linear=0
shrinkage=0.03


Tree=193
num_leaves=30
num_cat=0
split_feature=26 2 23 25 18 1 15 8 12 21 0 22 18 3 7 21 6 3 11 11 4 26 6 22 16 22 25 17 21
split_gain=1.51311 1.59105 2.28913 1.94573 1.22653 1.19098 1.0721 1.99461 2.10378 1.60871 1.63694 1.54538 1.42736 1.06345 1.79308 2.1434 2.32624 2.10453 1.48128 1.44219 1.34939 1.22121 1.81764 1.19377 1.14319 1.07149 0.941365 0.858467 0.838785
threshold=0.30076290092747021 0.12263596368941027 1.0089943987106558 3.8618312264881531 0.78319623971797891 0.13661734874459036 0.10169816138917263 0.14070707070707075 0.030384123899194277 0.38501083171968392 1.5107708689989272 0.0048145705641906037 0.62033462033462039 0.14716494845360825 0.030151515151515155 0.58559404482618804 0.096391752577319606 0.030151515151515155 -0.14097458750268818 0.34502195761366222 0.55835051546391767 0.27721125371542782 0.13065656565656569 0.053835329181755667 1.0079944279771327 -0.025808558723582089 3.6655818551922414 1.0713487458681625 0.51872120107874198
decision_type=10 2 2 10 8 2 8 2 8 2 2 2 8 2 10 2 2 2 8 10 2 10 2 2 10 2 10 8 2
left_child=13 6 4 -4 28 -5 7 8 -2 11 -11 -8 -9 14 17 16 -16 19 -17 -1 -19 23 -23 25 -25 -15 -24 -6 -3
right_child=1 2 3 5 27 -7 9 12 -10 10 -12 -13 -14 21 15 18 -18 20 -20 -21 -22 22 26 24 -26 -27 -28 -29 -30
leaf_value=0.0096470873238623991 0.00044918594949945508 0.030829628325252042 0.037420844784207034 -0.0042348577342534643 -0.010694122045666513 -0.038862640492393713 0.0012484807676641429 0.016013844443362325 -0.036211171771854338 -0.00038895136350187054 -0.027743737287561729 0.011826941660535543 0.0037820523638054946 0.0029240963841273967 -0.02034528604883263 0.016916392531139336 -0.0018219758268726999 0.0073973632400091199 0.0020088987449170675 0.029396485684719465 -0.0040041036952270133 -0.046518221844152004 -0.03007427286949246 0.0087178724652108488 -0.02188344319658235 -0.0015237578493247819 0.0035891755375908477 0.018773279353943132 0.013744261300565993
leaf_weight=13.413804919924589 6.5592264351434988 4.9107570759952068 0.73601673543453117 2.7237437935546041 2.1280113216489562 1.3306231424212454 32.806134834419936 14.713319866918026 1.7941471263766287 181.37791625596583 1.9904373995959748 20.009841602295637 20.617834593169391 53.357807506807148 6.7729265512898555 8.0237884074449521 61.581088192295283 19.842631782405078 23.770818453282121 4.4257991854101411 17.654524367302656 1.2840253408066917 1.0157678266987207 16.760744192637507 1.1757750958204258 563.8505442161113 2.8321069781668484 1.5291666057892146 5.4630242753773928
leaf_count=242 102 72 8 82 96 35 1113 199 38 7956 40 521 346 1768 120 236 1548 555 1003 50 576 31 37 431 39 22756 132 54 130
internal_value=0.000188551 0.00200926 0.0104524 -0.00745323 0.0165657 -0.0155995 0.00144145 0.00575885 -0.00742477 0.000642903 -0.000685884 0.00525623 0.00887586 -0.000494852 0.00173065 -0.00066411 -0.00365738 0.00606468 0.005771 0.0145467 0.00202929 -0.00103529 -0.015611 -0.000917523 0.00671189 -0.00113924 -0.00529735 0.00162701 0.0218322
internal_weight=1094.45 298.69 18.8213 4.79038 14.031 4.05437 279.869 43.6845 8.35337 236.184 183.368 52.816 35.3312 795.762 155.485 100.149 68.354 55.3368 31.7946 17.8396 37.4972 640.277 5.1319 635.145 17.9365 617.208 3.84787 3.65718 10.3738
internal_count=40316 10792 477 125 352 117 10315 685 140 9630 7996 1634 545 29524 4330 2907 1668 1423 1239 292 1131 25194 200 24994 470 24524 169 150 202
is_linear=0
shrinkage=0.03


Tree=194
num_leaves=29
num_cat=0
split_feature=22 8 23 17 9 4 20 3 14 5 20 3 25 8 17 10 2 6 5 1 17 4 20 23 26 1 26 1
split_gain=0.789042 1.46729 1.70647 1.55614 2.4764 2.01158 1.38279 1.31698 1.2681 1.82348 1.50866 1.22142 0.898231 1.82586 0.858678 0.851785 0.788111 1.29739 1.92515 1.07676 2.57085 0.994357 1.27062 0.777 0.772435 1.31189 1.20553 0.489947
threshold=-0.033687162564287158 0.49242268041237119 0.26173018904207596 0.6249083224358909 0.61927835051546409 0.94422680412371141 0.4636863459597988 0.11670103092783506 0.74691169742260188 0.74358300021039359 0.51390027376326164 0.97989898989898994 3.795461057227651 0.14070707070707075 -0.15987038684905616 0.85283505154639183 0.033884030248694429 0.98994949494949502 0.8461498001262362 0.69093689713054784 -2.2697467816704546 0.98994949494949502 0.65933569565035854 -1.6292241813295347 -0.64718956335445721 -0.24409235364125101 -0.43355121148014791 -0.22850106631619851
decision_type=2 2 2 8 8 2 10 2 10 2 8 2 8 2 10 2 2 2 2 2 10 2 10 2 8 2 8 2
left_child=1 2 8 5 11 7 -6 -3 9 -1 -10 -5 13 -4 -7 -14 19 24 27 21 -21 23 -23 -2 25 -18 -26 -19
right_child=16 3 12 4 6 14 -8 -9 10 -11 -12 -13 15 -15 -16 -17 17 18 -20 20 -22 22 -24 -25 26 -27 -28 -29
leaf_value=-0.0036310303308890179 0.002591584292236018 -0.026338544670505223 -0.036288601907560149 -0.0051689769773753513 0.027575976862321543 -0.0076603799181249755 0.0010843602727744241 0.0069586592074127405 0.012180045023698993 0.023523069673331433 -0.020592507926251235 0.04110421304869092 -0.001034253139771125 -0.0021937116657780309 -0.051190606856535363 -0.032119047144245023 0.014812681796369995 0.023921348293939611 -0.038044778195692595 -0.048097914765781583 0.011681001544230839 0.0038798534715844776 0.037603979164944776 -0.0013389535770020533 -0.0074458786869652941 0.0023213872245598263 0.00082564199579937428 -0.006065152714654503
leaf_weight=3.6620126012712699 48.857927666977048 1.1624895194545413 2.5412736041471389 5.8876580954529372 8.8338572639040631 0.7673730431124568 2.2186745060607782 13.303767364006488 2.3135698609985402 5.6748672937974334 2.7871770486235619 0.56243531778454769 12.153655719012018 3.1857219566591084 0.87048349436372408 0.84877839498221952 8.5125399464741331 0.67189519573003043 1.9044017568230627 1.3866325914859774 1.2146424455568183 19.944351457059387 1.0588678251951922 615.47234396473505 16.992715205065906 68.126863559707999 237.48337921267375 1.815300423651933
leaf_count=157 1920 34 66 245 199 24 54 438 54 95 85 8 415 118 19 47 151 14 35 23 19 394 13 24159 626 2567 8248 91
internal_value=-0.000132288 0.00302739 -0.00144909 0.00744531 0.0136376 0.000715293 0.0222581 0.00428294 0.00630144 0.012873 -0.00572771 -0.00113405 -0.0074236 -0.0173228 -0.0307957 -0.00306342 -0.00033844 0.000853642 -0.0153452 -0.000919821 -0.0201847 -0.000846698 0.00558004 -0.00104988 0.00106849 0.00370883 0.000273309 0.00203545
internal_weight=1090.22 66.7738 33.1671 33.6067 17.5026 16.1041 11.0525 14.4663 14.4376 9.33688 5.10075 6.45009 18.7294 5.727 1.63786 13.0024 1023.44 335.507 4.3916 687.935 2.60128 685.333 21.0032 664.33 331.115 76.6394 254.476 2.4872
internal_count=40318 2058 1037 1021 506 515 253 472 391 252 139 253 646 184 43 462 38260 11732 140 26528 42 26486 407 26079 11592 2718 8874 105
is_linear=0
shrinkage=0.03


Tree=195
num_leaves=28
num_cat=0
split_feature=13 26 25 0 9 8 11 23 2 12 17 7 17 8 11 17 24 7 26 1 2 0 2 26 25 17 16
split_gain=1.10235 1.5825 1.22319 2.13904 1.78148 1.59235 1.84989 1.17349 1.05938 0.885705 1.25912 1.18731 2.20594 1.34602 0.997546 1.85411 1.76961 1.6433 1.53369 1.45875 1.03048 0.955549 1.38658 1.25861 0.839653 0.760522 0.517922
threshold=-0.74323476355172768 -1.4615676658474108 4.5161419027776022 0.99238187149619306 0.9794866400168315 0.96984848484848496 0.19266469389100219 -0.011417510685827281 -0.054319796558824122 0.25670438406427609 0.41975717049818223 0.8666631601094047 0.55489914783091976 0.88329896907216499 -0.14097458750268818 -1.253442929617377 11.894495719612333 0.98984745413316855 1.7732472522305123 -0.076741919690290705 -0.00063880782938988015 0.844301140512839 0.070672425494380561 -1.6809357707357637 4.5511169283073558 -0.39118137585889184 0.44770870295332627
decision_type=8 8 8 2 10 2 8 2 2 10 8 8 10 2 8 8 10 10 8 2 2 2 2 8 10 10 10
left_child=1 8 5 4 -4 7 -7 -3 25 14 21 12 -12 -13 15 19 -17 20 -19 -2 -16 22 -11 -23 26 -1 -10
right_child=9 2 3 -5 -6 6 -8 -9 24 10 11 13 -14 -15 17 16 -18 18 -20 -21 -22 23 -24 -25 -26 -27 -28
leaf_value=0.0090385335582990906 0.0050921390762862966 -0.0045930946954190269 0.0022472556982192173 -0.034429677521733398 -0.023002522030280605 0.037322180636029378 0.0030637886597673024 0.0094274855921012892 0.010731907105227407 -0.00080850523929938928 0.0085720649100279444 0.0041000335038145477 -0.0055698565548890121 0.016068146361764245 -0.0029296142986126863 0.0014993136170876708 0.02721723249194551 0.017039209895802633 -0.0034528720408386485 -0.02120227152089961 -0.00040493923635955638 -0.027020132399916848 0.0061496885633122557 -0.0028593559889014074 0.018956859607970469 0.037996954017864099 -0.025072307423783989
leaf_weight=1.225765608251095 2.8464928693138063 9.764797102659946 28.667950948234651 1.7091634059324849 2.756654765456914 2.9693971574306479 2.7162173129618168 11.944881625473498 0.59044634317979239 90.549873725511134 18.320944067556411 23.678652762901038 21.667130694258958 13.156921055167912 274.88995112245902 170.36418833304197 2.4424714529886833 8.2818779889494163 5.4502505254931739 5.7038830788806063 309.12865686696023 2.0369498492218554 36.030739792156965 40.978838375303894 1.7787766638211904 2.4428963717073202 0.94647966139018536
leaf_count=28 83 301 698 31 42 19 36 293 14 3564 549 694 740 197 13202 4146 29 113 94 218 13210 58 1048 788 35 28 34
internal_value=-2.05133e-05 0.00369263 0.00213243 -0.0017454 3.22742e-05 0.00682255 0.0209557 0.00312117 0.0172139 -0.00026496 0.0013027 0.00448893 0.000909409 0.0083748 -0.000760788 0.00118808 0.00186281 -0.00135207 0.00890595 -0.0124486 -0.00159327 -0.000140592 0.00117212 -0.00400345 0.00492391 0.0283214 -0.0113173
internal_weight=1093.04 67.5134 60.5291 33.1338 31.4246 27.3953 5.68561 21.7097 6.98436 1025.53 246.42 76.8236 39.9881 36.8356 779.108 181.357 172.807 597.751 13.7321 8.55038 584.019 169.596 126.581 43.0158 3.3157 3.66866 1.53693
internal_count=40292 1559 1420 771 740 649 55 594 139 38733 7638 2180 1289 891 31095 4476 4175 26619 207 301 26412 5458 4612 846 83 56 48
is_linear=0
shrinkage=0.03


Tree=196
num_leaves=25
num_cat=0
split_feature=18 1 24 19 18 8 12 19 24 21 18 1 18 12 16 3 8 18 22 8 22 12 16 2
split_gain=0.684082 1.60461 1.96517 1.38874 1.53859 1.27237 1.16768 1.12812 1.131 1.11191 1.08207 1.07909 0.868577 1.41618 1.15908 2.12788 1.38171 0.946992 1.35177 1.15786 0.85895 1.14019 0.944162 0.651787
threshold=0.83827375762859646 0.089019312333757594 11.894495719612333 81.500000000000014 0.8765243902439025 0.8666631601094047 -0.28273213910164052 11.500000000000002 5.3526502632243398 0.62740015711847208 0.94519519519519524 -0.13793625114548971 0.75277777777777788 1.2385949172604689 0.34020189104127158 0.63958762886597953 0.10654639175257734 0.73606811145510853 0.031254672887126633 0.85283505154639183 -0.033687162564287158 0.23746093759162609 0.56954738882871869 -0.032366914343763063
decision_type=10 2 10 8 8 2 8 8 10 2 10 2 10 10 8 2 2 10 2 2 2 8 8 2
left_child=12 2 5 4 -4 11 23 -8 -9 -5 -7 -2 17 14 15 -14 -16 20 19 -19 21 -1 -22 -3
right_child=1 6 3 9 -6 10 7 8 -10 -11 -12 -13 13 -15 16 -17 -18 18 -20 -21 22 -23 -24 -25
leaf_value=0.00012636225437047996 -0.011044482019406596 0.030295255457851437 0.017418549489645878 0.039255920976809563 -0.03180214887317067 0.012195395869235555 -0.023726647832517694 0.0028277137683124271 0.017142410763261166 0.0049557035824611215 -0.0022211494859120666 -0.00098038155676093402 -0.045635609567329732 0.01892776979703829 -0.013964992924565069 -0.0045266102811649979 -0.001214242181003754 0.0046509612677725432 -0.027334411386966448 0.025539962538071875 0.0016941744537025902 0.0088532757111104109 -0.00076630992501451839 0.0083732255719440388
leaf_weight=33.80770522961393 11.305995007976888 3.0043205618858337 1.5191707611083978 2.5616950774565344 0.91632753890007723 11.165922604035588 1.1277805715799329 17.165596206206839 6.9905175333842626 1.2734103295952079 8.0738934734836203 63.12057370133698 1.6707868250086892 2.4847560962662092 8.9018891518935543 3.5221675578504801 54.331446019466966 7.2913006879389251 0.8718921188265093 3.5513540636748075 179.60466721374542 22.402777553535998 642.39286691183224 2.0559600861743093
leaf_count=1105 325 38 24 29 24 282 37 431 114 31 271 2843 33 34 272 59 1615 234 18 77 6076 634 25774 33
internal_value=0.000151663 0.00219163 0.000357038 0.0166161 -0.00110016 -0.000731443 0.00823377 0.00560101 0.00697023 0.0278669 0.00614556 -0.0025092 -0.00012494 -0.00332031 -0.0041282 -0.0177531 -0.00300927 0.000129674 0.00860301 0.0114929 1.66471e-05 0.00360449 -0.000228699 0.0213885
internal_weight=1091.11 130.281 99.937 6.2706 2.4355 93.6664 30.3442 25.2839 24.1561 3.83511 19.2398 74.4266 960.834 70.911 68.4263 5.19295 63.2333 889.923 11.7145 10.8427 878.208 56.2105 821.998 5.06028
internal_count=40413 4482 3829 108 48 3721 653 582 545 60 553 3168 35931 2013 1979 92 1887 33918 329 311 33589 1739 31850 71
is_linear=0
shrinkage=0.03


Tree=197
num_leaves=28
num_cat=0
split_feature=22 2 20 8 13 9 12 26 20 22 4 26 11 4 26 10 10 21 18 19 22 23 5 23 21 26 16
split_gain=1.27418 1.76163 1.37726 1.29621 2.1709 1.81575 1.1788 1.02697 1.38333 1.66192 1.76124 1.31281 1.32203 1.25414 1.23188 2.10799 1.78607 1.37174 1.23068 2.29614 1.27915 1.19971 0.953844 0.714461 0.872061 0.590939 0.158729
threshold=-0.026884080279522306 0.12263596368941027 0.51390027376326164 0.9794866400168315 0.44474526091781069 0.90360824742268053 -0.60647339742260131 0.30076290092747021 0.5757883055356926 -0.014707632280466778 0.025309278350515465 -0.080572270790846778 1.0000000180025095e-35 0.080404040404040422 0.55705954265336322 0.080404040404040422 0.10050505050505053 0.33741334863023148 0.15075757575757578 25.500000000000004 -0.0099500133164795359 0.071712452766672971 0.95979797979797987 0.38866301774252826 0.54720422625542964 0.28855457889938241 0.53337115100038901
decision_type=2 2 10 2 8 8 8 8 10 2 2 10 10 2 8 2 2 2 8 8 2 2 2 2 2 8 10
left_child=1 2 3 5 -5 -1 -4 8 11 21 -11 12 -2 -13 15 17 -17 -9 19 -16 -20 -10 -8 25 -25 -3 -26
right_child=7 23 6 4 -6 -7 22 14 9 10 -12 13 -14 -15 18 16 -18 -19 20 -21 -22 -23 -24 24 26 -27 -28
leaf_value=0.0034989241898253716 -0.0034528925711565747 -0.045745536747541379 -0.03463353488512242 0.011958770721153811 -0.031563452330167593 0.014195990608129773 -0.0048612778369978961 0.039134817455223729 -0.0026495113820741256 0.027625345911680563 0.0035020524857160558 -0.017086382392645857 0.00033038222850727386 -0.0043068638513823728 -0.0086039993869353026 -0.034885558883006915 0.0029852418458342529 0.011455569204689781 -0.0049204170046311417 0.0054285207777523556 -8.3256147769659021e-05 -0.040131067576867671 0.015651502012439804 0.022454546740940405 -0.013610011891314623 -0.0075008080720680688 -0.039834389273252883
leaf_weight=45.236151415389031 143.0443588453345 1.0671593984588974 1.0423795264214275 2.0034567480906835 2.1261008642613888 20.870128475129604 13.155733779538425 2.0994570665061456 2.0055322535336013 2.9431409505195907 36.562412355095148 7.6503300671465686 198.46178573416546 71.542566888500005 12.397185506299136 1.1493819020688523 45.083917231764644 6.9319521598517895 57.604683469049633 68.386850734241307 337.29672735929489 1.2461141943931577 2.414655693806707 0.6437487034127114 0.55591539572924376 0.55154331400990475 0.33165054954588413
leaf_count=1668 5862 32 23 30 38 483 469 23 69 37 1218 209 7609 3008 379 35 1896 106 2120 1827 12878 49 32 14 27 26 17
internal_value=-0.000197514 0.00322075 0.0040201 0.00585743 -0.0104486 0.00687605 -0.00374784 -0.000506883 -0.00153879 0.00360237 0.00529922 -0.00206131 -0.00125429 -0.00554141 0.000393848 0.00463335 0.00204376 0.0178899 -9.86934e-05 0.00327508 -0.000788858 -0.0170134 -0.00168016 -0.0188179 -0.0041285 -0.0327143 -0.0234091
internal_weight=1084.41 89.9986 86.8486 70.2358 4.12956 66.1063 16.6128 994.406 463.456 42.7572 39.5056 420.699 341.506 79.1929 530.95 55.2647 46.2333 9.03141 475.685 80.784 394.901 3.25165 15.5704 3.15002 1.53131 1.6187 0.887566
internal_count=40184 2859 2743 2219 68 2151 524 37325 18061 1373 1255 16688 13471 3217 19264 2060 1931 129 17204 2206 14998 118 501 116 58 58 44
is_linear=0
shrinkage=0.03


Tree=198
num_leaves=30
num_cat=0
split_feature=22 8 3 4 24 7 16 10 8 19 12 4 26 22 26 22 6 12 26 7 21 24 17 18 21 11 20 19 24
split_gain=0.864048 1.20347 1.52687 1.38598 1.21563 1.19649 1.18779 1.69542 1.12498 1.05745 1.04647 0.928467 1.69986 2.20929 2.17161 1.23902 1.24833 0.9206 0.80982 0.715368 0.655204 1.78783 1.71875 1.22035 1.1443 4.05015 0.786352 0.475606 0.475109
threshold=-0.033687162564287158 0.42134020618556706 0.045618556701030939 0.17762886597938146 1.0368721111994292 0.12060606060606062 0.63435310778052112 0.11055555555555556 0.015154639175257735 37.500000000000007 -0.42686017087638267 0.086237113402061874 -0.9928627269504956 0.017902040338434042 -1.8253864856977497 0.064141060596837871 0.77159793814432998 -0.52370859208212994 -1.2872642448734568 0.57071428571428584 0.26526251499382164 3.3272750437497987 2.0902210104247492 0.029857397504456332 0.29186229759462812 0.44892691564958837 0.73298819784699709 30.500000000000004 2.4897810689613364
decision_type=2 2 2 2 10 8 10 2 2 10 8 2 8 2 10 2 2 8 10 10 2 10 10 8 2 10 10 8 10
left_child=1 2 9 6 8 -5 7 -3 -4 27 -7 12 13 14 -2 16 -14 -6 -15 -17 21 23 -23 -13 25 -22 -26 -1 -8
right_child=11 3 4 5 17 10 28 -9 -10 -11 -12 20 15 18 -16 19 -18 -19 -20 -21 24 22 -24 -25 26 -27 -28 -29 -30
leaf_value=0.011351283804934819 -0.025672957413644792 0.034347101731034724 0.02206398786530113 -0.037792468046963061 -0.027932336651151676 -0.013696745868817521 0.033066974624740758 -0.008259465078214321 -0.010971521553995955 -0.0074186230346393678 0.0062492812920482317 0.048167328956829791 -0.0028124124502455364 0.02989878177028385 0.0049653170877687666 0.028599839974911587 -0.010151978892127995 0.0067740048156250754 0.0058751060519632988 -0.00037212354254548236 -0.0026935995696448977 0.010629418834745479 -0.0250893237379104 -0.0014770801469890695 -0.00022655069016905131 -0.044955656272114661 0.010890414885058449 0.036497194040760003 0.010403981198206808
leaf_weight=1.1559273395687371 2.6108453404158363 1.2262396104633793 0.98683072347194567 0.61696901824325578 0.74240989424288273 2.6044292552396655 3.492695608176291 2.6724535031244159 15.492160535417495 1.2188285104930399 26.002893775235865 0.45018108561634917 74.839173532091081 3.5803951052948833 10.280287785455585 1.5738979075103992 28.913646382279694 9.3604159569367731 1.9509891718626011 1.4962160075083373 19.512101837433878 24.944424527697269 1.2743920390494157 44.193751715589315 798.01471606409177 2.2792537696659556 5.7678616512566796 1.6336869951337574 1.0930831683799622
leaf_count=20 79 13 15 25 19 61 67 86 564 31 889 7 1910 64 241 18 729 262 37 25 655 541 29 1651 32160 26 161 24 25
internal_value=-0.000212711 0.00305415 -0.00136725 0.00664091 -0.00396997 0.00354193 0.0173152 0.0051414 -0.00899322 0.0158925 0.00443338 -0.000431099 -0.0028506 0.00556539 -0.00123986 -0.00430201 -0.00485779 0.0042236 0.0214253 0.0144804 -9.30597e-05 0.00267528 0.00889327 -0.000976475 -0.000330678 -0.00711397 -0.000146776 0.0260775 0.0276649
internal_weight=1089.98 68.299 30.5903 37.7088 26.5818 29.2243 8.48447 3.89869 16.479 4.00844 28.6073 1021.68 125.245 18.4225 12.8911 106.823 103.753 10.1028 5.53138 3.07011 896.437 70.8627 26.2188 44.6439 825.574 21.7914 803.783 2.78961 4.58578
internal_count=40434 2101 935 1166 860 975 191 99 579 75 950 38333 3103 421 320 2682 2639 281 101 43 35230 2228 570 1658 33002 681 32321 44 92
is_linear=0
shrinkage=0.03


Tree=199
num_leaves=26
num_cat=0
split_feature=3 9 22 8 19 22 19 17 8 4 2 18 20 22 21 22 11 19 11 20 22 9 6 11 11
split_gain=1.0059 1.42361 1.40088 2.17737 1.83152 1.41388 2.32665 2.46248 1.69236 1.4846 1.96563 1.28002 1.21664 1.1731 1.12007 1.03327 1.32216 2.26034 1.26885 1.02504 0.984447 1.78793 1.65926 0.811964 0.749826
threshold=0.12685567010309282 0.010050505050505053 0.047816520890552605 0.44164948453608249 54.500000000000007 -0.0073651734768884142 61.500000000000007 0.077594529635708273 0.11670103092783506 0.13701030927835053 0.11434021720353145 0.43534002229654406 0.44962342143458739 0.029046127662977379 0.63240878371585862 0.064141060596837871 -0.042173761060876551 57.500000000000007 0.46800521500452069 0.427000875804455 0.0065293128714280953 0.86298969072164955 0.42346141830677919 -0.26388446763027312 -0.055038337707715705
decision_type=2 8 2 2 8 2 10 10 2 2 2 8 10 2 2 2 10 10 10 10 2 10 2 10 10
left_child=2 12 5 4 23 6 7 -1 -8 10 -7 -6 -2 -11 24 20 17 -17 -18 -16 22 -22 -3 -4 -5
right_child=1 15 3 14 11 9 8 -9 -10 13 -12 -13 -14 -15 19 16 18 -19 -20 -21 21 -23 -24 -25 -26
leaf_value=-0.0046303357885722754 0.033869624461702989 0.0017058322223344607 -0.042023052912210195 -0.067652585017670144 0.032723947214040434 -0.00034143757136204545 -0.038808207506914466 0.010475680196814861 -0.0081672113874861289 0.0045250869641186775 -0.039102632264154516 -0.007649052295158683 -0.0017063120100397897 0.013528695330528091 -0.040440021417275679 -0.011805586225063185 0.022536932337031315 0.019058192073920635 -0.015476828579641822 0.013266277728257565 -0.0028987998795510519 0.0026189315875487203 -0.0016539110124463286 -0.0053917153450330473 -0.028088267323771999
leaf_weight=24.861384592950344 2.0137272570282216 289.98562937183306 0.82511939201504025 0.78558247908949852 1.8422853657975795 23.898179433774207 2.1700647613033635 15.938549046404658 6.4269989565946162 85.387248216196895 1.2384920166805375 1.1466770377010105 1.5168132288381455 15.368117847014217 0.5506851617246864 5.7282768096774799 5.7263875920325509 3.4050374934449792 0.91677831951528777 0.76297917496412992 284.85635451856069 64.893937997985631 243.28459088969976 1.601843448355792 0.95546216238290094
leaf_count=688 36 9266 18 17 27 512 60 401 209 2468 22 35 35 335 23 166 138 71 18 28 11910 1558 12133 38 23
internal_value=-1.54851e-05 -0.000427497 0.00200765 -0.00990795 0.001515 0.00258345 -0.00171785 0.00127085 -0.0159016 0.00427118 -0.00225121 0.0172354 0.0185853 0.0058984 -0.0301606 -0.000502181 0.00710771 -0.000299104 0.0172909 -0.00924728 -0.000638143 -0.00187502 0.000173075 -0.0178456 -0.0459402
internal_weight=1086.09 902.328 183.76 8.47063 5.41593 175.289 49.397 40.7999 8.59706 125.892 25.1367 2.98896 3.53054 100.755 3.05471 898.797 15.7765 9.13331 6.64317 1.31366 883.021 349.75 533.27 2.42696 1.74104
internal_count=40235 35331 4904 209 118 4695 1358 1089 269 3337 534 62 71 2803 91 35260 393 237 156 51 34867 13468 21399 56 40
is_linear=0
shrinkage=0.03


Tree=200
num_leaves=30
num_cat=0
split_feature=8 17 18 3 11 8 3 26 7 1 0 14 22 2 0 0 16 9 17 20 18 7 9 13 20 14 8 24 22
split_gain=1.31811 1.78463 1.90881 2.50793 1.43781 1.36464 1.94533 1.43774 1.51233 1.3444 1.32786 2.18927 2.95726 1.74651 1.84008 1.72393 1.24713 2.0274 1.22877 1.23843 1.87988 1.22123 1.1586 1.07437 1.05226 1.05193 1.37631 0.850113 0.820571
threshold=0.76409636019356209 0.47202349756133694 0.3133928571428572 0.040202020202020211 0.57497665423749045 0.21106060606060609 0.75128865979381454 0.55705954265336322 0.98974332000841592 -0.027517900363231772 -0.37880104267278597 0.16760299625468167 0.0063827139169534549 0.018317791402882321 1.1535601162688722 -0.3448182282572631 0.41529328482458738 0.090454545454545468 0.34210584391564031 0.37302525645230533 0.15954545454545457 0.89345360824742281 0.21824742268041239 1.7467206752746318 0.57354871957116826 0.15759905381431108 0.91959595959595974 -4.6244913808140904 0.0042798126283463342
decision_type=2 10 8 2 10 2 2 10 8 2 2 8 2 2 2 2 10 10 10 8 10 10 8 10 8 10 2 8 2
left_child=4 18 16 -4 10 6 24 21 -9 -5 11 22 -13 15 -15 -12 17 -3 19 20 -2 -7 -1 -21 -6 28 -27 -18 -20
right_child=1 2 3 9 5 7 -8 8 -10 -11 13 12 -14 14 -16 -17 27 -19 25 23 -22 -23 -24 -25 -26 26 -28 -29 -30
leaf_value=0.010624763602667927 -0.0029103939046294077 0.022658475506523491 -0.034567163456109266 0.0099447684318605088 0.012904082900407355 0.010980004916697253 -0.036761656337097104 -0.018278099698880779 0.019821223026100666 -0.00065514857760992271 -0.015332340407758861 -0.0023224669982560252 0.011586924208118615 0.00025264317430029559 0.023859978074206964 -0.0022840541421100843 -0.010854442680654686 -0.010992676926250977 0.033441073980017832 -0.0007943436614045779 0.0090978897793753243 0.032985352550394718 -0.010265833816603953 0.013609267039380219 -0.014350485922839933 -0.0059504030836176518 -0.03778904140170191 0.016373730773680047 -0.016039379177940259
leaf_weight=2.8934187674894956 18.190661347936839 2.4631042229011681 1.6399622419849027 16.869874273892492 3.8158612605184343 6.7378688654862327 1.3069954514503477 2.3418747354298826 1.5638351161032913 29.776470593176782 9.333856061100958 23.6645098766312 32.857704708352685 276.85163129260764 3.0037993607111266 384.88113111071289 1.0845029335469005 4.6594569208100438 0.70204466674476751 182.87177309533581 33.051074046641588 3.4228254789486527 13.71401658374816 4.7826403714716426 1.9146509468555448 3.0452167768962681 2.0408662417903543 21.319729171227667 0.52888169698417187
leaf_count=47 860 31 31 443 62 168 32 39 16 861 217 407 477 11309 61 17524 21 86 24 5531 991 40 235 91 38 151 57 460 22
internal_value=4.33197e-06 0.00161226 0.00557068 0.0018964 -0.000671706 0.00705053 -0.00373475 0.0124465 -0.00302324 0.00317836 -0.000889813 0.00294977 0.00576339 -0.00130637 0.00050603 -0.002593 0.0115794 0.000644471 0.000356138 0.000701469 0.00483499 0.0183929 -0.00662618 -0.000427247 0.00379792 -0.0127036 -0.0187261 0.0150557 0.0121812
internal_weight=1091.33 323.026 77.8131 48.2863 768.304 21.1039 7.03751 14.0664 3.90571 46.6463 747.2 73.1296 56.5222 674.07 279.855 394.215 29.5268 7.12256 245.213 238.896 51.2417 10.1607 16.6074 187.654 5.73051 6.31701 5.08608 22.4042 1.23093
internal_count=40332 9660 1933 1335 30672 395 132 263 55 1304 30277 1166 884 29111 11370 17741 598 117 7727 7473 1851 208 282 5622 100 254 208 481 46
is_linear=0
shrinkage=0.03


Tree=201
num_leaves=28
num_cat=0
split_feature=23 2 24 2 19 8 12 19 21 2 10 8 25 13 6 0 23 23 10 0 25 0 18 19 6 23 23
split_gain=0.782133 2.44154 1.66683 1.46112 1.42127 1.27837 1.74 1.25186 2.25881 1.23175 1.25084 1.17173 1.12284 1.0591 1.02261 0.950675 3.06844 2.04622 1.64526 0.96438 1.94268 1.05825 0.890429 1.14572 0.940284 0.708648 0.435935
threshold=0.43006642077202839 0.12959033823304478 4.4314806766966948 0.13821577160493412 109.50000000000001 0.015154639175257735 -0.4985232160892466 88.500000000000014 0.58559404482618804 -0.044961625633938754 0.030151515151515155 0.74113402061855682 4.2039184801225833 -0.23392085184908493 0.13065656565656569 1.7799472545222128 -1.2354715416968645 -0.23640200701023342 0.35025773195876292 1.5107708689989272 6.3482844157750984 0.844301140512839 0.053342816500711245 81.500000000000014 0.055773195876288664 0.89126958619723007 0.92924855088349034
decision_type=2 2 10 2 10 2 8 10 2 2 2 2 8 10 2 2 2 2 2 2 8 2 10 8 2 2 2
left_child=5 4 22 -4 7 6 -1 11 -9 10 -8 -2 -11 25 -5 19 18 -18 -17 21 -21 -7 23 -3 -24 -6 -15
right_child=1 2 3 14 13 15 9 8 -10 12 -12 -13 -14 26 -16 16 17 -19 -20 20 -22 -23 24 -25 -26 -27 -28
leaf_value=0.035909975076557958 -0.00059739864846299518 0.013171202464686366 0.019099607763529886 -0.057135300520169803 0.00085131749540083069 -0.00052049568457324634 -0.040764658027680124 -0.018008790424346579 0.0062253701608775362 -0.0012990171255646157 0.00044831919985976565 0.0032720460125044179 0.017357455332415082 0.017292205071361002 -0.0083302204340739931 -0.014186070697051393 0.0099849701475007019 -0.016857990198780953 -0.064274392589505902 0.018024591347584041 -0.019704599449784272 -0.0060417894141517187 -0.0005080667795607888 -0.024858975954124146 0.023279633511145304 0.033498209715190318 -0.014659270962860719
leaf_weight=1.7509469380602238 214.28251350624487 2.5411329539492753 0.94601846113800947 0.6446285694837568 0.77725541032850776 659.44666088791564 0.97315165773034396 8.6898565134033543 5.7532847630791357 5.4110286748036716 2.0782225197181106 104.91796136600897 6.2648041411302993 0.59888708405196567 0.96449706330895424 1.1542518287897103 5.7694565225392571 4.588548954576253 1.207793118432164 5.849632932804524 1.5547011308372019 32.796557334251702 1.7611723607406009 0.99100451217964325 9.91537674423307 2.6004145103506744 1.0726185333915053
leaf_count=18 8589 95 15 13 21 25953 19 295 281 93 55 3115 116 30 32 18 79 73 25 79 34 784 27 52 188 51 71
internal_value=-6.0359e-05 0.00109124 0.0119326 -0.0104874 0.000522627 -0.000623571 0.00763739 0.000283557 -0.00835535 0.004276 -0.0126954 0.000674449 0.00871133 0.0163201 -0.0278819 -0.000814659 -0.0089426 -0.00190634 -0.0397979 -0.000666888 0.0101025 -0.000782079 0.0156993 0.00250115 0.0196917 0.0259856 -0.00321131
internal_weight=1085.3 356.457 17.7638 2.55514 338.693 728.846 16.4782 333.644 14.4431 14.7272 3.05137 319.2 11.6758 5.04918 1.60913 712.368 12.7201 10.358 2.36204 699.648 7.40433 692.243 15.2087 3.53214 11.6765 3.37767 1.67151
internal_count=40221 12875 422 60 12453 27346 301 12280 576 283 74 11704 209 173 45 27045 195 152 43 26850 113 26737 362 147 215 72 101
is_linear=0
shrinkage=0.03


Tree=202
num_leaves=26
num_cat=0
split_feature=12 25 20 22 9 2 3 19 16 17 9 16 4 8 4 2 17 18 9 19 3 4 5 17 25
split_gain=1.51711 1.0665 1.18238 1.06108 1.91455 1.39388 1.04405 1.06386 1.0074 0.89373 1.54448 1.33493 1.00317 0.869942 0.869647 0.857124 0.752952 0.633832 1.85063 1.37496 1.16615 1.02364 2.55123 0.825888 0.486411
threshold=0.63246497479961206 7.0399127481281774 0.35829813892599321 0.0017117038110947324 0.020101010101010106 0.088117795439686841 0.59896907216494855 37.500000000000007 1.2140102593780799 3.2728385611719211 0.8256364401430677 1.0167610816239938 0.055773195876288664 0.52788659793814452 0.96984848484848496 0.07937422261097643 -2.1466034814456312 0.58616118769883363 0.73332632021880928 36.500000000000007 0.015154639175257735 0.98484536082474239 0.91959595959595974 0.077594529635708273 8.0180554027048938
decision_type=10 10 10 2 8 2 2 8 10 10 10 8 2 2 2 2 10 10 8 8 2 2 2 8 10
left_child=9 2 8 5 -5 -4 15 13 14 17 11 12 -11 -8 -2 24 -9 21 19 -19 -20 23 -23 -1 -3
right_child=1 6 3 4 -6 -7 7 16 -10 10 -12 -13 -14 -15 -16 -17 -18 18 20 -21 -22 22 -24 -25 -26
leaf_value=-0.0027845362638650134 0.0094298205987040345 -0.022134389787565805 0.0016386593869362146 -0.055017352524889228 -0.002191822766217611 0.022947086497426029 0.0097037325890171281 0.038366940976877963 -0.021650828430092639 -0.030264861631997573 0.029224038095612651 -0.03835893601673155 0.010678810959960903 -0.041012047535455176 -0.0088949707190442272 -0.056047839722958889 0.0035045740438969511 0.0070250978822634924 -0.034606005854176884 0.00088861256867911107 -0.0020782834328338935 0.010761012002070481 -0.0086108409475418157 -0.00058776745142310311 0.0056056690405677624
leaf_weight=234.22435618983582 42.003017456736416 1.8431835812516508 12.128032131120561 0.63597124442458408 21.236220660153776 3.5780209042131892 0.50319437403231837 0.72386975213885296 1.026275137439369 0.60740379616617968 2.4503052588552237 0.6876985104754566 4.7526409039273858 0.77051415853202343 2.4677525088191024 0.50924682337790717 2.4269105037674312 46.241022188216448 1.0009207045659412 113.57879105163738 110.63256674772128 18.968452863860879 9.0319949304684979 449.84595534810796 0.82287104753777374
leaf_count=10469 881 61 324 13 549 58 26 13 39 13 31 23 145 23 51 15 66 1471 22 4194 3210 419 140 18024 41
internal_value=-0.000216374 0.00349806 0.00448213 0.000544022 -0.00372782 0.00649297 -0.00725898 0.0021608 0.0077348 -0.00055589 0.00913127 0.000990482 0.00603905 -0.0209761 0.00841295 -0.0203846 0.011514 -0.000639591 0.000593883 0.0026641 -0.00236993 -0.00110981 0.00451231 -0.00133994 -0.0135725
internal_weight=1082.7 90.6751 83.0753 37.5782 21.8722 15.7061 7.59979 4.42449 45.497 992.022 8.49805 6.04774 5.36004 1.27371 44.4708 3.1753 3.15078 983.524 271.453 159.82 111.633 712.071 28.0004 684.07 2.66605
internal_count=40321 2160 1915 944 562 382 245 128 971 38161 212 181 158 49 932 117 79 37949 8897 5665 3232 29052 559 28493 102
is_linear=0
shrinkage=0.03


Tree=203
num_leaves=26
num_cat=0
split_feature=12 22 4 1 14 7 20 24 14 5 12 6 10 22 25 23 12 11 22 22 20 10 22 10 12
split_gain=0.947633 2.09423 2.33753 1.44003 1.80613 2.00003 1.35373 1.40945 1.23837 2.1404 1.20024 1.21879 1.44908 1.64235 1.0409 0.986274 0.921676 1.24711 0.950929 0.912407 1.8654 0.798899 1.73139 1.11813 0.694
threshold=-0.31178673667601958 0.014434062402023195 0.015154639175257735 -0.18760643146053682 0.1266714209306472 0.8325257731958764 0.55557944382152968 0.85092755044313129 0.88483642793987627 0.8974332000841575 0.24898033234937691 0.97989898989898994 0.045618556701030939 0.0074642561755672758 8.0180554027048938 -1.4069557451664532 0.27222792535047891 0.27026883741593194 -0.0085019040805083598 -0.13380590989336844 0.28991346210032271 0.035463917525773207 -0.026884080279522306 0.045618556701030939 -0.14718153443988805
decision_type=8 2 2 2 10 10 10 10 10 2 10 2 2 2 10 2 10 10 2 2 10 2 2 2 8
left_child=1 2 -1 6 5 -5 7 -3 14 -10 19 16 -13 -14 -4 -6 17 -12 -18 20 -2 22 -21 -23 -22
right_child=10 3 8 4 15 -7 -8 -9 9 -11 11 12 13 -15 -16 -17 18 -19 -20 21 24 23 -24 -25 -26
leaf_value=-0.032835235507847713 0.031317945200225072 -0.036462452249179392 0.0028268702138929641 0.0037438844675800245 0.025932032838330111 -0.035149218722772289 0.01518378053339562 0.0042746670689440729 -0.00066277043840155716 -0.022770505608638685 0.0031645459196991362 0.0085005386018070211 -0.0046819815823896573 -0.03613230810679087 -0.022336920796430109 0.010165748456101607 0.0047060667590860528 0.020099657628957456 0.00012584233694022781 0.022761945354360894 -0.0039462651523956378 -0.01023488544722367 0.0010944243001171064 -0.0011128783685479975 -0.042656325627868197
leaf_weight=1.9562879158183921 0.53023215290158932 1.8431654106825583 67.473643689416349 5.4817511830478898 4.0437735076993695 1.5199036775156853 1.484317412599921 1.3060022629797456 16.493885505013171 5.1789581831544629 13.823943931143733 2.7415724955499154 3.6047611483372748 2.5525405141524971 1.5126118157058943 30.538658582605422 52.374320834875107 5.4590002465993157 184.53921254025772 3.6728957816958419 0.57987103564664721 12.329920087009667 34.454882450401783 630.9099917432759 1.4824380585923793
leaf_count=39 15 50 1760 102 66 27 21 22 368 104 608 36 113 90 53 594 1470 116 5695 45 24 216 493 28118 58
internal_value=-0.000102379 0.00221261 -0.00039024 0.00742845 0.00919609 -0.00469894 -0.00843556 -0.0195682 0.000309875 -0.00594565 -0.000441028 0.00127263 -0.00964187 -0.0177199 0.00227512 0.0120093 0.00165174 0.00795887 0.00113839 -0.00110522 -0.0188687 -0.00103763 0.00318168 -0.00128773 -0.031772
internal_weight=1087.89 138.833 92.6154 46.2176 41.5841 7.00165 4.63349 3.14917 90.6591 21.6728 949.056 265.095 8.89887 6.1573 68.9863 34.5824 256.196 19.2829 236.914 683.96 2.59254 681.368 38.1278 643.24 2.06231
internal_count=40303 3206 2324 882 789 129 93 72 2285 472 37097 8128 239 203 1813 660 7889 724 7165 28969 97 28872 538 28334 82
is_linear=0
shrinkage=0.03


Tree=204
num_leaves=28
num_cat=0
split_feature=22 6 7 18 5 21 5 7 18 12 2 19 12 17 1 2 22 7 7 8 5 8 1 22 22 5 17
split_gain=0.895131 1.12783 1.70926 2.22719 1.25835 1.0047 1.45644 2.36687 1.98842 1.60223 1.29016 1.02026 0.861116 1.13962 0.835438 0.933635 0.784487 0.978199 0.737391 1.39811 1.25828 0.710539 1.71686 0.797447 0.673914 0.661091 0.326346
threshold=-0.033687162564287158 0.11670103092783506 0.94871660004207881 0.27149877149877155 0.78460972017673059 0.25875527912157509 0.9497474747474749 0.71281296023564078 0.53950103950103967 -0.27577171259106709 -0.0077672611580580026 24.500000000000004 0.55420888922673817 -0.071427203337876694 -0.30712121293638189 -0.066573001659323935 -0.073331322984696176 0.46195876288659804 0.015154639175257735 0.90360824742268053 0.85283505154639183 0.98484536082474239 0.14106900255027341 -0.0099500133164795359 0.0006576083759989561 0.72082474226804127 0.72928441130491117
decision_type=2 2 8 10 2 2 2 10 8 8 2 10 10 8 2 2 2 8 8 2 2 2 2 2 2 2 8
left_child=1 2 16 -4 -5 6 7 9 -9 -2 11 -8 14 25 -3 -16 -1 -18 19 20 -7 23 -23 -20 -12 -14 -15
right_child=5 12 3 4 -6 18 10 8 -10 -11 24 -13 13 26 15 -17 17 -19 21 -21 -22 22 -24 -25 -26 -27 -28
leaf_value=0.037195390186106472 0.013652903808872364 0.016602097449581341 0.022348990686520118 -0.00025052452268428243 -0.028037415672295885 0.0003978553706666042 -0.017643451939190168 0.026911963836373336 0.0033698455335045979 -0.00046644913785687383 -0.012439108296475871 0.016100600641813585 -0.026710980785443053 0.039620215672198471 0.0073804526194635898 -0.0035841033187254522 0.029629536415401957 0.0073608390192744944 -0.0028792088987844543 -0.027380545026873662 0.029709299258627878 0.0060106150211825084 -0.0078393587995847017 -0.00051723829950444213 -0.042958823183913065 0.013898046119245246 0.016299872786169935
leaf_weight=1.6037819758057583 8.4027199214324337 2.4628919539973131 2.8605641648173314 4.5126597629860044 2.1731114871799946 2.5867042848840347 1.4568984471261504 6.7424646764993641 6.1963318628259012 51.97434750571847 1.3397200573235744 1.8061267863959072 0.70120367687195517 1.1414068965241306 8.7667428618296963 34.474267918150872 2.574673257768155 5.718346201814712 156.05112283537164 0.79340690374374379 2.6875675525516272 35.717640092596412 10.400923890992997 732.52945319167338 1.2669429108500478 0.74319000821560621 1.0251165479421618
leaf_count=22 199 39 37 78 35 116 24 93 132 1805 24 27 25 21 310 1350 35 92 5983 21 36 524 137 29055 26 15 22
internal_value=-0.000179418 0.0031337 0.00925279 0.000196071 -0.00928224 -0.000402765 0.00284263 0.00399384 0.0156377 0.00149855 -0.0115366 0.00103432 0.000721152 0.0148248 -0.000393131 -0.00136113 0.0179888 0.0142744 -0.000675934 0.00974853 0.0153338 -0.000743606 0.00288709 -0.000932044 -0.0272729 -0.00581625 0.0285859
internal_weight=1088.71 68.758 19.4431 9.54634 6.68577 1019.95 79.1856 73.3159 12.9388 60.3771 5.86969 3.26303 49.3148 3.61092 45.7039 43.241 9.8968 8.29302 940.767 6.06768 5.27427 934.699 46.1186 888.581 2.60666 1.44439 2.16652
internal_count=40283 2081 299 150 113 38202 2330 2229 225 2004 101 51 1782 83 1699 1660 149 127 35872 173 152 35699 661 35038 50 40 43
is_linear=0
shrinkage=0.03


Tree=205
num_leaves=24
num_cat=0
split_feature=10 21 14 22 17 17 21 9 7 19 23 15 7 16 14 9 26 3 7 17 26 15 18
split_gain=0.921559 1.50528 1.56642 3.02727 1.91622 2.10362 1.87204 1.84342 1.20992 1.1436 1.1281 0.921995 1.19773 1.47936 1.40115 1.19595 0.816174 1.43432 1.67267 1.10382 0.691518 1.38418 0.687401
threshold=0.035463917525773207 0.18735585923921447 0.1266714209306472 0.037779630002959384 0.20850593583534319 -0.17163442565651962 0.30577494566530822 0.076082474226804128 0.12685567010309282 50.500000000000007 -0.22508802102643147 0.011561079925153704 0.96984848484848496 0.3320709594805285 0.91977011494252892 0.80206185567010324 0.85599967493986806 0.69229960025247228 0.97469072164948456 2.3446015129605811 0.76884633941996661 0.067798774259448427 0.13245614035087722
decision_type=2 2 8 2 8 10 2 8 8 8 2 8 10 10 10 10 10 2 10 10 10 8 8
left_child=1 8 3 6 5 -4 -3 -6 -1 -5 -10 12 13 15 -15 -2 20 18 -18 -19 22 -22 -13
right_child=11 2 4 9 7 -7 -8 -9 10 -11 -12 16 -14 14 -16 -17 17 19 -20 -21 21 -23 -24
leaf_value=-0.036550012803889434 -0.012338762322166045 -0.028054097633126988 0.0031518963584288803 -0.053108344583270191 -0.013533684899680955 -0.022640603303236417 0.0041080835605309717 0.010851094879249602 0.011591541674865336 -0.013181316931803666 -0.024359886906821521 0.0012988188646994539 0.024797137921012024 0.00095216892406082936 0.028633464067253388 0.014818367498206506 -0.00024557250468269993 0.0041648580346394098 -0.028999892177027638 0.023542370615833766 0.024727046147188764 -0.010081397249058197 -0.0011200405965355771
leaf_weight=1.4448826415464271 5.9579300377517956 1.8061438081786096 12.476318757981064 1.3297815695404995 2.9832179686054578 3.6869215182960025 16.587930274195969 43.115496626123786 1.8695487314835191 1.2549050878733399 1.3547435076907277 124.8921855641529 2.7163160592317572 3.6216245405375957 3.0164054036140442 1.9329281747341154 96.504395492607728 59.779297785367817 1.8557442519813765 2.7682556216604999 1.114523719996211 13.270524020306766 689.45220486912876
leaf_count=37 91 36 169 23 49 67 240 535 33 18 31 3972 26 51 29 30 4000 1902 41 56 15 553 28422
internal_value=-0.000107599 0.00283809 0.00376784 -0.00332188 0.00615667 -0.00273151 0.000950027 0.00927307 -0.0137371 -0.0337232 -0.00351409 -0.000364785 0.00651223 0.00309369 0.0135309 -0.00568641 -0.000484622 0.00147058 -0.000788075 0.00502248 -0.000864249 -0.00738451 -0.000749071
internal_weight=1094.79 87.9099 83.2407 20.9788 62.262 16.1632 18.3941 46.0987 4.66917 2.58469 3.22429 1006.88 17.2452 14.5289 6.63803 7.89086 989.637 160.908 98.3601 62.5476 828.729 14.385 814.344
internal_count=40426 1238 1137 317 820 236 276 584 101 41 64 39188 227 201 80 121 38961 5999 4041 1958 32962 568 32394
is_linear=0
shrinkage=0.03


end of trees

feature_importances:
beta_mkt_interact=341
near_52w_ratio_252_raw=271
size_mom_126=267
upside_beta_42=233
downside_beta_42=231
val_mom_resid_126_252_10=228
smart_beta_mom_126=225
gdelt_tone_x_attention_21=201
raw_momentum_252_5=199
smart_residual_mom_189_42=199
smart_beta_smb_84=198
gdelt_abnormal_attention_5_60=197
filing_clock_expected_until=194
obv_mom_soft_126_21_20=191
market_corr=191
val_roc_pb_252=188
log_mcap=188
short_flow_ratio=181
smart_beta_hml_252=179
rel_upside_beta_63=174
gross_profitability=170
abnormal_volume=165
rel_downside_beta_252=160
val_mom_dist_252_21=158
gdelt_attention_5=153
earnings_yield=137
val_roc_pe_252=136

parameters:
[boosting: gbdt]
[objective: lambdarank]
[metric: ndcg]
[tree_learner: serial]
[device_type: cpu]
[data_sample_strategy: bagging]
[data: ]
[valid: ]
[num_iterations: 2000]
[learning_rate: 0.03]
[num_leaves: 63]
[num_threads: 0]
[seed: 42]
[deterministic: 0]
[force_col_wise: 0]
[force_row_wise: 0]
[histogram_pool_size: -1]
[max_depth: 5]
[min_data_in_leaf: 20]
[min_sum_hessian_in_leaf: 0.001]
[bagging_fraction: 0.762762]
[pos_bagging_fraction: 1]
[neg_bagging_fraction: 1]
[bagging_freq: 1]
[bagging_seed: 400]
[bagging_by_query: 0]
[feature_fraction: 0.73016]
[feature_fraction_bynode: 1]
[feature_fraction_seed: 30056]
[extra_trees: 0]
[extra_seed: 12879]
[early_stopping_round: 0]
[early_stopping_min_delta: 0]
[first_metric_only: 0]
[max_delta_step: 0]
[lambda_l1: 0]
[lambda_l2: 0]
[linear_lambda: 0]
[min_gain_to_split: 0]
[drop_rate: 0.1]
[max_drop: 50]
[skip_drop: 0.5]
[xgboost_dart_mode: 0]
[uniform_drop: 0]
[drop_seed: 17869]
[top_rate: 0.2]
[other_rate: 0.1]
[min_data_per_group: 100]
[max_cat_threshold: 32]
[cat_l2: 10]
[cat_smooth: 10]
[max_cat_to_onehot: 4]
[top_k: 20]
[monotone_constraints: ]
[monotone_constraints_method: basic]
[monotone_penalty: 0]
[feature_contri: ]
[forcedsplits_filename: ]
[refit_decay_rate: 0.9]
[cegb_tradeoff: 1]
[cegb_penalty_split: 0]
[cegb_penalty_feature_lazy: ]
[cegb_penalty_feature_coupled: ]
[path_smooth: 0]
[interaction_constraints: ]
[verbosity: -1]
[saved_feature_importance_type: 0]
[use_quantized_grad: 0]
[num_grad_quant_bins: 4]
[quant_train_renew_leaf: 0]
[stochastic_rounding: 1]
[linear_tree: 0]
[max_bin: 255]
[max_bin_by_feature: ]
[min_data_in_bin: 3]
[bin_construct_sample_cnt: 200000]
[data_random_seed: 175]
[is_enable_sparse: 1]
[enable_bundle: 1]
[use_missing: 1]
[zero_as_missing: 0]
[feature_pre_filter: 1]
[pre_partition: 0]
[two_round: 0]
[header: 0]
[label_column: ]
[weight_column: ]
[group_column: ]
[ignore_column: ]
[categorical_feature: ]
[forcedbins_filename: ]
[precise_float_parser: 0]
[parser_config_file: ]
[objective_seed: 16083]
[num_class: 1]
[is_unbalance: 0]
[scale_pos_weight: 1]
[sigmoid: 1]
[boost_from_average: 1]
[reg_sqrt: 0]
[alpha: 0.9]
[fair_c: 1]
[poisson_max_delta_step: 0.7]
[tweedie_variance_power: 1.5]
[lambdarank_truncation_level: 30]
[lambdarank_norm: 1]
[label_gain: ]
[lambdarank_position_bias_regularization: 0]
[eval_at: 5]
[multi_error_top_k: 1]
[auc_mu_weights: ]
[num_machines: 1]
[local_listen_port: 12400]
[time_out: 120]
[machine_list_filename: ]
[machines: ]
[gpu_platform_id: -1]
[gpu_device_id: -1]
[gpu_use_dp: 0]
[num_gpu: 1]

end of parameters

pandas_categorical:[]
