tree
version=v4
num_class=1
num_tree_per_iteration=1
label_index=0
max_feature_idx=26
objective=lambdarank
feature_names=raw_momentum_252_5 obv_mom_soft_126_21_20 smart_residual_mom_189_42 rel_downside_beta_252 rel_upside_beta_63 smart_beta_smb_84 smart_beta_hml_252 downside_beta_42 smart_beta_mom_126 upside_beta_42 near_52w_ratio_252_raw size_mom_126 val_roc_pb_252 val_roc_pe_252 earnings_yield log_mcap val_mom_dist_252_21 val_mom_resid_126_252_10 gross_profitability filing_clock_expected_until short_flow_ratio market_corr beta_mkt_interact abnormal_volume gdelt_tone_x_attention_21 gdelt_attention_5 gdelt_abnormal_attention_5_60
feature_infos=[-0.86383821712244147:6.1099477282859498] [-2.4708329501253834:2.0061761446998765] [-0.27512101748440826:0.32322867071261296] [0.01:1] [0.01:1] [0.01:1] [0.01:1] [0.01:1] [0.01:1] [0.01:1] [0.01:1] [-2.2456929276422528:2.4650548310986373] [-2.0612054822852137:4.3295581454744276] [-6.1391979972464465:5.9403892824306537] [0.011235955056179775:1] [0.011235955056179775:1] [0:1.3983047772213324] [-10.050546463876657:8.5826102369516448] [0.021276595744680851:1] [-213:313] [0.039367586539539944:0.90895781884550009] [-0.15784156815269682:0.93597265990877454] [-0.40708654727559618:0.26458698666636526] [-8.1745794109812806:6.7856860341635681] [-32.918770370307342:27.870741824102666] [0.69314718055994529:11.317874960109936] [-6.69409202488941:6.7383226922435444]
tree_sizes=3384 3378 3163 3361 3481 3368 3360 3359 3369 3574 3244 3472 3340 3357 3146 3369 3477 3235 3375 3379 3047 3379 3586 3158 3471 3244 3590 3271 3164 3355 3353 3353 3283 3365 3358 3260 3257 3364 3475 2947 3060 3359 2808 3463 3161 2729 3599 2953 3365 3367 3385 2950 3172 2731 2735 3041 3288 2933 3033 2821 3486 3041 2414 3469 3164 3061 3370 3156 3253 2852 2835 2527 2944 3152 2834 2747 3056 3254 3165 2511 2855 3388 3349 3136 3262 3145 2417 3286 3180 3589 2861 3616 3468 3189 3265 2413 3170 2945 2833 2417 3489 2742 2304 2730 2939 2966 3257 2426 3162 3189 1753 2527 3032 3065 3384 2738 2615 1875 3160 2301 2514 2537 1981 2863 3276 2849 3162 3187 2193 2616 2934 3269 3052 2860 2633 2838 3052 3292 2617 2535 3379 2430 2724 1983 2953 2082 2196 3291 2839 3522 3160 2728 1984 3054 3393 2300 2837 2837 2300 2297 2866 3276 2860 2829 2852 3074 2515 3070 2211 2324 2846 3173 2944 2929 2848 2751 3175 3072 3053 2626 2953 3079 3199 2418 2342 2954 3616 3060 3289

Tree=0
num_leaves=30
num_cat=0
split_feature=6 10 15 19 19 1 19 22 15 24 21 5 10 3 9 0 22 22 19 0 3 3 21 22 24 4 22 22 3
split_gain=7.20457 7.34367 5.55811 4.77319 3.64277 3.57181 3.41409 4.27358 3.63566 3.2991 3.54267 3.19483 2.06029 1.98643 1.73546 1.68283 2.79937 1.91054 1.40807 1.68866 1.50511 1.40399 1.37649 1.63487 1.33163 1.23756 0.825294 0.688913 0.586944
threshold=0.16080808080808084 0.14359351988217969 0.99438202247191021 38.500000000000007 31.500000000000004 -0.036601311591984015 44.500000000000007 -0.034215578387739691 0.9245295789901179 -0.28304717423150044 0.68256603109836911 0.60912371134020626 0.44387170675830473 0.8325257731958764 0.1743635598569325 0.074530473068604289 0.0088465383059413098 0.0072362627265858724 11.500000000000002 0.43873478704332863 0.8325257731958764 0.83589312013465189 0.62161455346602579 0.0079726300830774057 2.7636574915268324 0.16080808080808084 0.0060811196006896493 0.11963290435117778 0.19793814432989695
decision_type=2 2 10 8 10 2 8 2 8 8 2 2 2 2 10 2 2 2 10 2 2 2 2 2 10 2 2 2 2
left_child=2 15 6 4 5 -4 9 12 -9 10 -1 22 -8 -11 -5 16 21 28 19 -13 -20 -2 23 -3 -19 -24 -16 -18 -17
right_child=1 11 3 14 -6 -7 7 8 -10 13 -12 18 -14 -15 26 17 27 24 20 -21 -22 -23 25 -25 -26 -27 -28 -29 -30
leaf_value=-0.0098632539837157952 -0.0043560164765020443 -0.0060677152604231722 0.029738516170824455 -0.051877455540819267 0.053359379889120852 -0.042258229067380707 0.042044733305893887 0.0036541566809537786 -0.012634817640697833 0.010546405420928264 0.016502656808032701 0.0015895398611411469 0.0085308038141818851 0.022228466441972128 -0.0365016482654296 0.016445196117886571 0.014508472096386116 -0.0075697531263074847 -0.00017327015573387659 0.018379501310591101 -0.0099782571364826506 0.013031278377926912 -0.018762672018486089 0.0021638982386020683 0.033935082677756544 -0.0075373780798675457 -0.0056342490829188055 -0.019211680000249479 0.036710329236332301
leaf_weight=11.779044781345876 21.736634864006195 77.070456125074998 1.1048985016532245 2.6493837833404541 1.1716174869798122 1.413588289637117 3.3109661461785427 56.973234390141442 15.738897330593316 36.295010420493782 7.5113589302636674 22.876480462495241 3.2926622806116939 20.498967697843909 1.3743646345101299 1.9258720264770071 20.411699544172738 2.8526145061478023 80.308990031480789 7.0534573541954151 17.088326301425695 5.1747114062309256 9.7270418428815884 30.23309412971139 0.92010988574475039 96.8404745683074 1.8012760868296025 0.56025711260735889 3.8732280023396015
leaf_count=370 1356 4740 19 17 13 29 57 1669 355 931 149 1190 87 466 29 111 1059 164 4494 306 875 208 506 1745 34 5676 34 26 139
internal_value=-5.45239e-05 -0.00223617 0.00521922 -0.0170381 0.00965802 -0.0106722 0.00658203 0.00222691 0.000128328 0.0111221 0.000403188 -0.00390703 0.0253342 0.0147629 -0.0339498 0.00768628 0.00539075 0.0191697 -0.000144704 0.00554636 -0.00189355 -0.00101266 -0.00614692 -0.00374843 0.00255264 -0.00856198 -0.0189931 0.0136077 0.0299803
internal_weight=563.569 398.653 164.915 9.51513 3.6901 2.51849 155.4 79.3158 72.7121 76.0844 19.2904 341.198 6.60363 56.794 5.82502 57.4551 47.8833 9.57182 127.327 29.9299 97.3973 26.9113 213.871 107.304 3.77272 106.568 3.17564 20.972 5.7991
internal_count=26854 22629 4225 141 61 48 4084 2168 2024 1916 519 19532 144 1397 80 3097 2649 448 6865 1496 5369 1564 12667 6485 198 6182 63 1085 250
is_linear=0
shrinkage=0.03


Tree=1
num_leaves=30
num_cat=0
split_feature=15 9 22 17 18 14 14 15 1 20 21 1 24 11 20 25 16 1 1 16 23 3 18 4 5 9 4 13 22
split_gain=22.816 8.8978 7.89333 7.1448 9.83144 7.1472 6.67926 9.96138 6.10936 6.03226 7.4263 6.16517 6.50964 5.56596 5.15087 4.7776 4.57053 4.48808 4.01596 3.67921 3.63307 3.51789 3.05966 2.99495 2.34865 1.8026 1.69768 0.569343 0.509262
threshold=0.20231407169609419 0.87314432989690738 -0.021560615381049985 -0.24370642558547673 0.44151846785225723 0.11410488245931284 0.86930641821946175 0.89713949843260199 -0.26474579449087626 0.41468067460956121 0.41849009300294482 0.093686602792317372 4.3684687783940328 0.39658568905917418 0.460928580639198 5.8935904178032912 0.57762729892990627 0.15386268769047673 -0.20704553343510732 0.50749745419938008 -1.0474660645872802 0.87691984010098889 0.13840996168582378 0.020513359983168528 0.8871765200925732 0.40103092783505162 0.86298969072164955 0.42667607833818449 -0.029105906400366553
decision_type=8 10 2 10 10 10 8 10 2 8 2 2 10 10 10 10 10 2 2 8 2 2 10 2 2 10 2 10 2
left_child=2 3 8 6 21 -6 19 -8 28 10 15 12 -11 16 18 -4 20 -18 -10 -2 -3 -5 26 -13 -12 -16 -15 -24 -1
right_child=1 13 9 4 5 -7 7 -9 14 11 24 23 -14 22 25 -17 17 -19 -20 -21 -22 -23 27 -25 -26 -27 -28 -29 -30
leaf_value=0.040306792935268135 -0.016494144322603814 -0.0071964798898593333 0.018960512558433753 -0.0055435374688822545 0.019476922846157554 0.0027397941041050252 -0.002224439289333469 0.026514343946326905 -0.053584750069342872 0.0016076050390817912 -0.0036248262598531848 0.037352386750951372 0.016819340319738703 -0.011743696914536805 -0.015123035818887048 -0.010555168123812721 -0.0043550055394434911 0.020196650588414241 0.025556981675371935 -0.0064820926600412552 0.015436419467576032 0.0049597608912534527 0.055401633130928579 0.014452227185139815 -0.016846577163793935 0.0079721391969249846 0.035533692702382533 0.034109685993078009 0.058363993988622631
leaf_weight=3.3611648362129927 36.428604843094945 7.7736873971298328 19.386039394885305 186.41541346209124 29.199323896318674 107.50217156717554 102.16380338836461 12.14532944280654 0.59287087246775527 115.75638862513006 36.13266394007951 5.8156909868121138 32.406933514401317 1.7685170806944364 4.6830160580575457 6.6215159464627495 54.072330234572291 7.6489382646977893 21.637346146628264 354.41282198345289 35.684982039965689 33.921813427470624 2.5542009919881821 44.232911307364702 18.173114843666553 8.677637583576141 1.1142861666157839 2.0274687232449651 2.4161047004163256
leaf_count=38 889 130 229 4957 256 2257 2177 95 15 1817 677 50 372 39 84 89 1012 100 258 9055 535 641 20 542 296 179 22 26 12
internal_value=6.35785e-05 -0.00221776 0.00701566 -0.00325374 -5.34942e-06 0.00631483 -0.00554969 0.000829052 0.0192434 0.00519952 -0.00173634 0.00800985 0.00493478 0.00571171 0.0145985 0.0114458 0.00393519 -0.00131239 0.0234463 -0.00741527 0.011388 -0.00392651 0.0307442 0.0171132 -0.00804941 -0.000122905 0.00653037 0.0459796 0.0478585
internal_weight=1294.73 974.834 319.893 862.189 357.039 136.701 505.151 114.309 41.3681 278.525 80.3133 198.212 148.163 112.644 35.5909 26.0076 105.18 61.7213 22.2302 390.841 43.4587 220.337 7.46447 50.0486 54.3058 13.3607 2.8828 4.58167 5.77727
internal_count=26869 22211 4658 20327 8111 2513 12216 2272 586 4072 1291 2781 2189 1884 536 318 1777 1112 273 9944 665 5598 107 592 973 263 61 46 50
is_linear=0
shrinkage=0.03


Tree=2
num_leaves=28
num_cat=0
split_feature=10 6 11 0 22 19 21 17 10 18 5 9 2 24 5 0 26 0 11 21 2 1 2 9 5 2 14
split_gain=41.0149 49.2177 12.8479 11.2095 8.16751 7.11484 6.83693 6.9953 6.51694 5.86173 5.4145 5.38648 5.21065 5.10534 5.00113 4.98069 4.94387 4.52941 4.30556 3.74111 3.55106 3.48958 3.31329 5.33393 3.64898 3.23644 2.65474
threshold=0.14070707070707075 0.16080808080808084 0.34002626296415178 0.18960968109554036 -0.034215578387739691 23.500000000000004 0.58567473130511838 -1.3430351723154945 0.070353535353535376 0.14119601328903655 0.99500000000000011 0.94871660004207881 -0.055320010139501816 0.44304436689395438 0.64142857142857157 0.35096995885160215 1.3712071190859028 0.1139196873094357 -0.16270989520277188 0.56317068214136456 0.0066473997752284492 0.0022750021250345746 -0.066027231504120765 0.8871765200925732 0.97469072164948456 0.018345676064712633 0.57719393282773568
decision_type=2 2 10 2 2 10 2 8 2 8 2 10 2 10 2 2 10 2 8 2 2 2 2 10 2 2 10
left_child=3 15 14 6 -5 16 7 13 11 -7 21 -8 -9 -1 19 18 -4 -10 26 -3 -20 -6 23 -17 -24 -16 -2
right_child=1 2 5 4 10 9 8 12 17 -11 -12 -13 -14 -15 25 22 -18 -19 20 -21 -22 -23 24 -25 -26 -27 -28
leaf_value=-0.00027792905128772499 0.00050209573446916272 -0.0077348903868292174 0.021386653008641558 0.056419185086771573 0.014233856848759198 0.015297350845096869 0.032970873567704159 0.011465487171652114 0.0056834937438972949 -0.0098900531413616388 -0.018398656256691109 0.0066456101102197254 0.00028520731898784519 -0.043050758011942254 -0.0088301216821301057 -0.0065768684563718106 -0.034060290054569224 0.052314019709623204 -0.0030155969268301453 -0.01386381932500185 0.0067846461893609246 0.032600367891983895 0.014827838219914537 0.025295184778224584 -0.0071086994586244453 -0.0013746680364910607 0.028352495682896696
leaf_weight=5.2086377032101137 4.6028664652258149 151.11715688649565 22.373488350771371 5.6996503192931405 24.181307124905288 11.58451598510146 21.724733949638903 64.052495958283544 51.476450000889599 29.471058306284249 3.3549985941499463 10.317370508797465 90.560451681725681 4.8501050379127264 121.28054386004806 18.943526564165953 1.5473818080499757 1.9456105940043915 70.575930565595627 220.30903376732022 62.96090507414192 15.139152985066174 105.04595638439059 6.2964925132691851 7.2987908143550149 92.273908198811114 9.3126329164952022
leaf_count=81 65 4836 281 27 263 218 245 820 731 648 31 98 1260 38 3214 189 23 7 1135 8044 922 121 1186 38 58 2314 86
internal_value=-0.000212078 -0.00330307 -0.00786119 0.0094695 0.0226889 0.00479453 0.00691293 0.00333982 0.0137976 -0.00278301 0.0181839 0.0244943 0.00491693 -0.020902 -0.00926692 0.00709061 0.0177999 0.00738176 0.00325994 -0.0113702 0.00160509 0.0213053 0.011196 0.00137408 0.0134027 -0.00560872 0.0191403
internal_weight=1233.51 934.994 649.957 298.511 48.3751 64.9764 250.136 164.672 85.4642 41.0556 42.6755 32.0421 154.613 10.0587 584.981 285.037 23.9209 53.4221 147.452 371.426 133.537 39.3205 137.585 25.24 112.345 213.554 13.9155
internal_count=26979 23257 19578 3722 442 1170 3280 2199 1081 866 415 343 2080 119 18408 3679 304 738 2208 12880 2057 384 1471 227 1244 5528 151
is_linear=0
shrinkage=0.03


Tree=3
num_leaves=30
num_cat=0
split_feature=10 11 18 7 0 10 25 0 5 21 20 22 9 10 9 2 13 12 9 3 7 8 9 7 7 2 7 13 25
split_gain=41.1863 29.4812 16.6643 13.3967 12.3755 7.32176 6.35599 6.55429 5.42161 5.40356 5.02493 4.97917 4.74878 4.68431 4.39402 4.20703 4.11179 4.82089 4.0679 4.792 3.79433 3.77984 3.40238 3.3273 3.09625 2.9364 2.7054 1.56379 1.30637
threshold=0.14359351988217969 0.34002626296415178 0.21807065217391305 0.917946560067326 0.35096995885160215 0.67005154639175268 5.867296956919609 0.13393933134941008 0.8461498001262362 0.40307721500944049 0.41067742176978322 0.070253435957887883 0.92391752577319608 0.070353535353535376 0.85640648011782039 -0.029242381048281699 -0.24051780884883664 -0.39402693008782946 0.60912371134020626 0.61927835051546409 0.60102040816326541 0.96453608247422695 0.75383968020197778 0.80512308015989908 0.52020408163265319 -0.0065222842499166149 0.96453608247422695 0.33428889728136929 2.4766574703178592
decision_type=2 10 10 10 2 2 10 2 2 2 10 2 10 2 8 2 8 10 8 2 8 2 10 10 10 2 10 8 10
left_child=3 2 25 8 20 10 7 13 11 -8 12 14 -3 -5 -1 -12 17 -10 23 -20 -4 -11 -18 -7 -6 27 -27 -2 -9
right_child=1 5 4 6 24 18 9 28 16 21 15 -13 -14 -15 -16 -17 22 -19 19 -21 -22 -23 -24 -25 -26 26 -28 -29 -30
leaf_value=-0.0033266429070125474 -0.011084423548347733 -0.0010646823055812304 -0.0090915662823697549 0.024895761977959219 0.010215743044105064 -0.011819019940588923 -0.044244946575678845 0.03152802167370166 -0.021326367514637078 -0.0022143142391803997 0.044272274442763569 0.034384405647767569 0.026814884499793076 0.0034136976815223965 0.0074902652684565836 0.019027922076979488 0.017960821826623691 0.011302463417445811 -0.0049957731902828964 0.016648361841348873 -0.0019064210625198562 0.042372074218537038 0.0064826424533503272 0.020572650795905017 0.00028707754660145654 -0.0087420187111832987 0.017465959108484835 -0.017390256792262342 0.051155399407008702
leaf_weight=82.697895560413599 78.46095038112253 19.132515698671344 119.97481227386743 35.007152914069593 74.720794948749244 20.345236593857411 2.0624387841671696 5.014263700693844 7.2386491615325239 6.3737657545134407 7.3532733246684066 4.1639795042574397 7.7162085156887761 12.361452797427772 57.159718428738415 30.944200517609715 56.387156329117715 9.3258048035204393 14.788728764280675 24.387963749468327 147.42987480107695 2.3393043577671051 39.540669279173017 3.319797556847333 45.470236330293119 188.09822194091976 3.6130145564675322 64.483714883215725 7.7989613898098469
leaf_count=1189 3056 322 3690 268 1280 337 24 40 99 73 51 38 57 170 665 337 554 110 268 215 3848 10 440 36 681 6530 74 2498 34
internal_value=6.279e-05 -0.00341893 -0.00577053 0.00910267 -0.00153624 0.00985143 0.0206396 0.0244389 0.0059113 -0.00057954 0.0168987 0.00205671 0.00694779 0.0192897 0.00109422 0.0238749 0.0108462 -0.0029563 0.00254568 0.00847796 -0.00513014 0.00975634 0.0132296 -0.00727503 0.00645957 -0.0106747 -0.0082481 -0.013929 0.0434745
internal_weight=1177.71 850.24 722.252 327.471 387.596 127.988 70.9573 60.1818 256.514 10.7755 65.1462 144.022 26.8487 47.3686 139.858 38.2975 112.492 16.5645 62.8417 39.1767 267.405 8.71307 95.9278 23.665 120.191 334.656 191.711 142.945 12.8132
internal_count=26994 23280 21657 3714 9499 1623 619 512 3095 107 767 1892 379 438 1854 388 1203 209 856 483 7538 83 994 373 1961 12158 6604 5554 74
is_linear=0
shrinkage=0.03


Tree=4
num_leaves=31
num_cat=0
split_feature=15 0 10 18 10 24 24 8 17 16 12 26 20 18 24 5 3 24 18 25 1 20 0 0 15 5 20 8 19 10
split_gain=50.7295 18.9895 14.6393 12.5214 8.25252 7.52375 7.024 5.5547 5.21477 4.99448 7.73614 4.92553 4.28331 4.27436 4.09345 3.9883 3.50926 6.86453 4.99209 3.2557 3.23178 3.12489 5.10088 4.52201 2.99476 2.6022 2.1198 2.09372 1.92222 1.653
threshold=0.25143678160919547 0.35096995885160215 0.14359351988217969 0.21807065217391305 0.070353535353535376 4.5362405441284794 -0.70045858532719529 0.99500000000000011 1.2001579473842667 0.98999959812345062 -0.8811546383768577 -0.094239881425711838 0.57863035024920095 0.12347560975609757 5.8022730913814611 0.17762886597938146 0.94871660004207881 1.3157622975609022 0.11583184257602865 6.065266814677007 0.2530997867983486 0.48880482522453977 -0.16248324819213858 0.067565920049891717 0.034286833855799378 0.61927835051546409 0.460928580639198 0.030770039974752791 18.500000000000004 0.06592783505154641
decision_type=8 2 2 10 2 10 10 2 10 10 10 10 10 10 10 2 2 10 8 10 2 10 2 2 10 2 8 2 10 2
left_child=4 2 21 26 8 16 25 -8 9 12 -11 24 -1 27 -13 -10 18 -18 -6 -15 -17 23 -23 -2 -7 -5 28 -4 -3 -28
right_child=1 3 13 6 5 11 7 -9 15 10 -12 14 -14 19 -16 20 17 -19 -20 -21 -22 22 -24 -25 -26 -27 29 -29 -30 -31
leaf_value=0.026114766851135913 -0.0039704782385230055 0.0055944493728918359 0.0090300217863370762 0.0026003372168039128 0.012643934311841498 -0.011474586803446292 0.011255590737035547 0.050011661986798815 0.029355811504410446 -0.022393283773392524 0.014145684453778326 0.033163603860417785 0.006956029588565199 -0.0099824549696932181 0.012030409227227647 -0.0071042474367532579 0.025640976719715294 -0.0035599642748594868 -0.00097720886726042604 -0.0022320556494417575 0.031707947877281255 0.018975760536478214 -0.0076728509316187953 0.01584649259374692 0.010580887959428071 -0.015469653654849329 0.019692195161409434 -0.014052236055971289 -0.008640452785889834 -0.017144604090083799
leaf_weight=53.247421657666564 71.220005206763744 13.235694521572439 3.604983201250433 20.865720110014085 28.603090248070657 6.9040877409279338 93.948164014145732 3.4505540449172249 4.0240315282717374 5.9426832385361186 42.588789872825146 16.171650549396873 13.082808457314966 152.50759726343676 16.837854698300362 19.209879161790017 15.855443672277035 13.34229057934135 157.87433561636135 71.719143813475966 2.1466098614037028 19.82498176954687 9.592488110996781 12.128103995695708 28.06007529143244 10.929317792877553 1.1557732373476053 186.85264551267028 24.052502515725791 21.32516354508698
leaf_count=382 1109 377 100 449 433 47 1227 21 25 58 354 149 113 5338 200 207 146 154 3261 2108 12 213 153 124 338 223 12 8009 808 740
internal_value=8.64415e-05 -0.00478084 -0.00770428 0.00337932 0.00831258 0.00536927 0.00863196 0.0126286 0.0142656 0.0169849 0.00967148 0.0140724 0.0223359 -0.0103106 0.0223837 0.00195904 0.00262631 0.0122972 0.00111209 -0.00750348 -0.00320311 0.00188003 0.0102861 -0.00108688 0.00622577 -0.00361109 -0.00797452 -0.0136153 -0.00358768 -0.0152508
internal_weight=1140.3 716.413 527.45 188.963 423.891 283.649 129.194 97.3987 140.242 114.862 48.5315 67.9737 66.3302 414.684 33.0095 25.3805 215.675 29.1977 186.477 224.227 21.3565 112.766 29.4175 83.3481 34.9642 31.795 59.7691 190.458 37.2882 22.4809
internal_count=26890 21011 17154 3857 5879 4728 1920 1248 1151 907 412 734 495 15555 349 244 3994 300 3694 7446 219 1599 366 1233 385 672 1937 8109 1185 752
is_linear=0
shrinkage=0.03


Tree=5
num_leaves=30
num_cat=0
split_feature=15 6 10 0 15 10 11 13 7 16 0 20 25 0 10 22 0 12 6 25 13 4 1 7 25 12 17 0 24
split_gain=52.0144 24.2956 16.6284 7.31651 6.34396 5.86107 8.69528 5.29566 5.2496 4.90817 4.59278 4.34164 7.57706 5.19592 4.21528 4.18326 10.2071 8.23398 4.11508 4.00922 3.95926 3.84679 2.57085 2.23748 2.23745 2.18457 1.95567 1.82489 1.51768
threshold=0.21966051857792038 0.17762886597938146 0.14359351988217969 0.35096995885160215 0.28162590879048255 0.13701030927835053 0.30271957621835638 -0.74205270622138642 0.99500000000000011 0.9203142975626093 0.074530473068604289 0.35150162003259638 3.0837047738070065 0.30525402732102563 0.020513359983168528 0.0098251435012990645 0.13174165857730005 0.70783906956767217 0.97469072164948456 4.1669032069040286 2.904581245205605 0.010050505050505053 0.23694360161139658 0.025309278350515465 4.1143557296459914 0.23135288668589624 -0.99001260573311989 -0.32648015195866797 2.2878763260064701
decision_type=8 2 2 2 8 2 10 8 10 10 2 8 10 2 2 2 2 10 2 10 10 2 2 10 10 10 8 2 10
left_child=5 3 4 26 25 11 19 24 18 -9 -6 12 14 -14 -1 16 -13 -17 -8 23 21 -4 -21 -7 -5 -3 28 -28 -2
right_child=1 2 20 7 10 6 8 9 -10 -11 -12 15 13 -15 -16 17 -18 -19 -20 22 -22 -23 -24 -25 -26 -27 27 -29 -30
leaf_value=-0.021460269854035485 -0.018058300839413424 -0.012587538369872562 0.038818605975497827 0.04714257018999346 0.0017944514546092926 0.0019018358770254312 0.015644097435634875 0.0018889504040386278 -0.034189687042896835 0.016647276878543085 0.019001683884791103 0.003718768304181629 -0.023549654253076632 0.028151170853752343 0.019748266243370702 0.021606555469823041 0.026222600846059936 -0.017043092579272067 -0.022640749149017134 0.0043558999037177221 0.030712907891538802 -0.011695698914718706 0.044797944408212838 -0.010066944034126491 0.019256637941086584 -0.048792097849678341 0.019395793501582215 -0.0012894738665432562 0.0046266077980529194
leaf_weight=2.587038408964875 10.57501681987196 10.720060871914027 1.3614497445523728 3.8443744257092458 70.058723583817482 22.292858097702265 69.186193368397653 58.965324337594211 2.0720205008983603 30.913579358719289 17.43445301335305 68.739867164753377 11.166195612400768 2.074511542916297 16.373783126473427 74.166226125322282 24.642592882737517 5.3165242429822674 2.6225548516958943 57.632173543795943 2.0076445331796995 396.18918935302645 1.4502593502402295 38.051683188416064 7.933561896905303 1.7439916487783182 4.0311726424843064 80.294930920470506 3.5437687970697871
leaf_count=19 255 179 23 20 1091 513 715 843 23 295 162 700 136 11 147 574 146 51 48 1029 34 16824 11 986 53 26 48 1931 85
internal_value=-0.00010719 -0.00503437 -0.00857277 0.00379854 0.0023707 0.00854583 0.00479794 0.0094437 0.0128875 0.00696503 0.00522328 0.0120788 0.00196497 -0.0154493 0.0141257 0.0139628 0.00965728 0.0190213 0.0142459 -0.000206471 -0.0113105 -0.0115227 0.00534861 -0.00564536 0.0283587 -0.0176533 -0.0020308 -0.000300624 -0.0123645
internal_weight=1097.99 699.617 499.516 200.102 99.9572 398.374 193.308 101.657 73.8808 89.8789 87.4932 205.067 32.2015 13.2407 18.9608 172.865 93.3825 79.4828 71.8087 119.427 399.558 397.551 59.0824 60.3445 11.7779 12.4641 98.4449 84.3261 14.1188
internal_count=26978 21869 18339 3530 1458 5109 3325 1211 786 1138 1253 1784 313 147 166 1471 846 625 763 2539 16881 16847 1040 1499 73 205 2319 1979 340
is_linear=0
shrinkage=0.03


Tree=6
num_leaves=30
num_cat=0
split_feature=15 6 10 11 1 5 9 14 1 2 6 7 14 15 2 9 7 19 13 3 12 12 5 7 9 15 12 5 19
split_gain=57.5006 23.2384 19.8468 8.00713 7.34332 6.17314 6.05951 5.92843 4.88241 4.54476 4.14458 3.90479 3.82936 8.73697 4.63583 4.87959 3.70787 3.60165 3.52576 3.41148 3.34942 3.15537 3.07456 2.91927 2.50069 2.34252 2.31863 2.24863 2.21804
threshold=0.20231407169609419 0.1743635598569325 0.13333683989059544 0.34002626296415178 0.15985202186868544 0.8256364401430677 0.90360824742268053 0.037268518518518527 -0.079776307180254857 -0.18208177717681132 0.85640648011782039 0.015154639175257735 0.31444622792937404 0.045715778474399171 -0.093912426563071055 0.43366656253254199 0.13333683989059544 61.500000000000007 1.5122207656540501 0.53030612244897968 0.32217389637974342 0.33216115700894527 0.23855670103092785 0.15731958762886603 0.72082474226804127 0.26471402852790477 0.030724552685838666 0.31979381443298976 10.500000000000002
decision_type=8 2 2 10 2 2 8 10 2 2 2 10 10 10 2 8 10 8 10 2 10 10 2 8 10 8 8 2 8
left_child=4 3 6 17 5 8 19 16 11 -9 -10 -1 13 26 -14 -16 -7 27 28 -3 -15 -8 -5 -24 -19 -20 -6 -2 -4
right_child=1 2 18 22 12 7 21 9 10 -11 -12 -13 14 20 15 -17 -18 24 25 -21 -22 -23 23 -25 -26 -27 -28 -29 -30
leaf_value=-0.0047917445747225782 -0.0025851637103512237 -0.0087041897908080642 -0.0060804747392106699 -0.013644674366089802 -0.010154523708358672 0.0057308929880972347 0.010227226537067978 0.056934571958926865 0.0018073689136309907 0.012108726147355964 -0.014154655917859119 0.017508528336567283 0.042027331368547444 0.02154061420263844 0.031309961098734594 0.010983647710055203 -0.025323312646301551 -0.010482746197281101 0.033777837641263679 0.0063759992975213247 -0.011524902114781544 0.039625558198129504 -0.015364544762297681 0.021542072902134862 0.0045650954233953985 -0.0019843735768714748 -0.054437623170324884 0.0063475821110555736 -0.012976102352116903
leaf_weight=9.5522143803536874 37.210002246312797 32.962398931384087 47.95084134163335 2.7985830660909405 2.2021019309759167 8.0623712781816703 33.461830806918442 2.0632023513317099 79.558093194384128 152.26556301955134 17.941859908401966 27.15923918876797 8.5826194453984481 16.104324752464894 16.288567716255784 30.594160227105021 6.0623911097645751 34.91762013360858 2.2341002058237764 22.867606459185481 3.3267146795988074 3.6436376394703975 2.0624506622552898 29.786999952048063 13.89423206169158 6.2884824327193209 2.0592480599880219 79.656320963054895 337.27080484526232
leaf_count=136 755 582 1967 37 21 92 444 9 1428 1697 290 311 39 119 117 277 75 806 23 323 28 29 24 243 256 201 23 1364 15173
internal_value=-2.49033e-05 -0.00521235 -0.00875225 0.00338761 0.00930877 0.00718111 0.00371759 0.0110054 0.00238114 0.012708 -0.00112995 0.0117061 0.017444 0.00734815 0.0217565 0.0180457 -0.00759767 0.000644786 -0.0116955 -0.00252744 0.0158796 0.013114 0.0165031 0.0191521 -0.0061994 0.00739029 -0.0315538 0.00350341 -0.0121178
internal_weight=1068.83 687.006 486.68 200.326 381.823 302.665 92.9355 168.454 134.211 154.329 97.5 36.7115 79.1577 23.6924 55.4653 46.8827 14.1248 165.678 393.744 55.83 19.431 37.1055 34.648 31.8495 48.8119 8.52258 4.26135 116.866 385.222
internal_count=26889 22227 18742 3485 4662 4038 1378 1873 2165 1706 1718 447 624 191 433 394 167 3181 17364 905 147 473 304 267 1062 224 44 2119 17140
is_linear=0
shrinkage=0.03


Tree=7
num_leaves=30
num_cat=0
split_feature=10 11 0 7 20 21 18 1 9 1 24 20 16 5 21 24 24 16 13 3 0 9 2 20 26 3 26 23 20
split_gain=43.3107 30.5671 10.9939 9.92196 7.68356 6.63961 6.50986 5.53408 5.13778 4.93519 5.85822 5.17431 4.89554 4.64791 4.32272 3.71526 3.70208 4.29022 3.20185 3.19199 3.73823 3.31042 3.11621 2.86941 2.83797 2.07802 1.96937 1.92516 1.91808
threshold=0.14070707070707075 0.34002626296415178 0.34633834226882249 0.93407216494845369 0.50159406857063982 0.52872144006466015 0.21807065217391305 0.22419140708724619 0.94422680412371141 0.30024891746999854 2.8641976125048507 0.37152369872994034 1.0019995483306303 0.80512308015989908 0.5698130961525153 4.6418918810644305 3.4662505093503166 0.94602325062761072 -0.90252829297372927 0.611122448979592 0.84461951133950108 0.76144329896907226 -0.077889088847829774 0.55326607092046143 -1.4755592561707054 0.38072164948453613 -0.9425882443665885 0.15511531562856468 0.51070334272798101
decision_type=2 10 2 10 10 2 10 2 10 2 10 8 10 2 2 10 8 10 8 2 2 10 2 10 10 2 8 2 10
left_child=3 2 13 9 5 8 27 -7 -3 10 14 -12 16 24 -1 -15 17 -5 -8 20 -6 -21 -11 -24 -2 -18 -14 -4 -28
right_child=1 4 6 12 19 7 18 -9 -10 22 11 -13 26 15 -16 -17 25 -19 -20 21 -22 -23 23 -25 -26 -27 28 -29 -30
leaf_value=0.00018850878349951529 -0.014614773534713707 0.0070161373687087697 -0.014189402084612866 0.0068194015084489679 0.018903768876385181 -0.015232432473667817 0.027124670077359966 0.008730775443601884 0.033968630489258522 0.043496917386185302 -0.0056784247032303807 0.021493074683709971 0.029317874844824742 -0.005404400698673509 0.0091790267277061435 0.012065957761699464 0.020214851137268838 0.028602900261912406 0.0029144999247519101 0.018206437818570852 -0.008770145609505316 0.040527450708554638 0.00057386326323504106 0.037078967925371201 -0.0087714612122731014 0.037741066565100796 -0.01036634130116218 -0.001897120026802527 0.012911124389508309
leaf_weight=129.87997333426028 105.84710233705118 32.711868865415454 28.308961490169168 18.932206690311432 14.948167921975257 21.241195306181908 5.1513914624229074 14.659639219753442 7.9031827002763739 4.8397846240550271 7.8673416869714847 31.816803520545363 2.3231081962585449 58.847550451755524 76.470448549836874 13.461439354345201 9.6491229012608546 14.270497596822677 107.77757663931698 16.059197057969872 6.2214709045365444 9.5278336871415359 5.536430321633814 2.9814755618572235 255.0715380278416 16.500190386548638 7.6347065158188325 19.273930431343615 5.4675389900803566
leaf_count=1749 4652 344 1221 171 190 514 38 247 42 22 100 269 20 2095 962 206 69 98 1998 142 87 58 54 11 10735 91 77 758 44
internal_value=0.000370146 -0.00378705 -0.00660946 0.00929004 0.00980704 0.0039522 9.716e-05 -0.00544737 0.0122608 0.00651453 0.00555034 0.0161064 0.0189179 -0.00909428 0.00352026 -0.00215202 0.0228311 0.0161819 0.00401888 0.0193883 0.0107708 0.0265181 0.0242739 0.0133515 -0.0104851 0.0312739 0.00386096 -0.00921029 -0.000652705
internal_weight=1051.18 717.012 593.739 334.17 123.273 76.5159 160.512 35.9008 40.6151 259.392 246.035 39.6841 74.7774 433.228 206.35 72.309 59.352 33.2027 112.929 46.7567 21.1696 25.587 13.3577 8.51791 360.919 26.1493 15.4254 47.5829 13.1022
internal_count=27064 23327 21703 3737 1624 1147 4015 761 386 3167 3080 369 570 17688 2711 2301 429 269 2036 477 277 200 87 65 15387 160 141 1979 121
is_linear=0
shrinkage=0.03


Tree=8
num_leaves=30
num_cat=0
split_feature=15 11 1 7 18 19 16 24 22 17 5 7 23 18 7 11 12 18 24 19 26 1 14 15 7 4 18 7 19
split_gain=47.5742 11.6571 7.68748 7.23558 5.75498 4.87968 4.8232 4.69607 4.26271 3.87546 3.89777 3.80758 6.38596 3.68856 3.53786 3.46355 3.44882 2.81566 3.85472 3.7937 2.71633 2.48667 2.94683 2.59024 2.30444 1.84608 1.76474 1.09357 1.07605
threshold=0.22940036006093342 0.34002626296415178 0.096072267640839218 0.92820324005891031 0.13423423423423428 59.500000000000007 0.22266184604156503 -3.6971845132305541 -0.021560615381049985 -0.64562365482605677 0.87314432989690738 0.98974332000841592 0.37584034134691846 0.14119601328903655 0.35025773195876292 -0.22702279928585864 -0.33284042287396637 0.13423423423423428 -3.6971845132305541 24.500000000000004 -0.82113213204460878 0.048502360732852273 0.18301271040879427 0.58047040169133213 0.8256364401430677 0.84268041237113411 0.10990338164251208 0.94871660004207881 10.500000000000002
decision_type=8 10 2 10 10 10 8 8 2 10 2 10 2 8 10 10 8 8 8 8 8 2 10 10 8 2 10 10 10
left_child=2 9 3 6 25 8 20 24 -5 10 26 17 -13 -8 -9 -7 -12 19 -19 -4 -1 22 -11 -23 -6 27 -2 -3 -27
right_child=1 4 11 5 7 15 13 14 -10 21 16 12 -14 -15 -16 -17 -18 18 -20 -21 -22 23 -24 -25 -26 28 -28 -29 -30
leaf_value=0.043270518982262363 -0.013138756561479578 -0.018306104620764388 -0.004687074309339438 0.039973009638541362 0.003112028848752499 -0.024062384599800826 0.0094530702186897235 0.0059631936524842518 0.015410550998280715 0.00083844692138278622 -0.052422707423246881 -0.031276464920939211 0.022054815609512706 -0.00018515235902998698 0.024231215219185014 0.0081145721047864265 0.0028571938736396975 0.034088509007676807 0.011736517613944411 0.032159862579106656 0.010997312901395126 0.0060770645953225049 -0.0077168214141443373 -0.005316678561718192 -0.050043094294708108 0.037515218768480206 -0.0080037957380519713 0.021232101551038048 -0.0022843635873172783
leaf_weight=3.7607036419212818 118.02865864755586 9.3739194236695731 2.9864056650549173 7.7272196663543573 1.4782986259087922 3.8643716927617815 45.141891336068511 17.238953365013003 35.911493076011539 46.25548717752099 1.0524932928383348 4.1828842908143979 3.9092187266796827 171.50798185216263 21.367014748509973 13.629601315595208 29.079184008762244 7.57965621445328 82.786823620088398 15.924482099711897 6.2445159927010518 37.26200390374288 167.26799257332459 34.662449584342539 1.4579924279823897 0.98009101860225145 123.01453118864447 0.67491823248565275 1.6252203630283473
leaf_count=25 5290 377 34 45 19 36 567 243 304 1433 18 34 33 2975 233 148 733 64 825 108 65 943 6482 1132 22 16 4558 16 54
internal_value=-9.79121e-05 -0.00538505 0.00787303 0.00523401 0.00789668 0.0143934 0.00276356 0.0132922 0.0197599 -0.00667824 -0.00924652 0.0143439 -0.00551263 0.0018231 0.0160739 0.00100677 0.000926278 0.0158143 0.0136113 0.026341 0.023128 -0.00423839 -0.0058635 0.000586094 -0.0232817 -0.00981609 -0.0105182 -0.0156506 0.0126878
internal_weight=1015.98 610.819 405.157 287.788 54.1964 61.1327 226.655 41.5423 43.6387 556.623 271.175 117.369 8.0921 216.65 38.606 17.494 30.1317 109.277 90.3665 18.9109 10.0052 285.448 213.523 71.9245 2.93629 12.6541 241.043 10.0488 2.60531
internal_count=26832 21569 5263 4165 980 533 3632 517 349 20589 10599 1098 67 3542 476 184 751 1031 889 142 90 9990 7915 2075 41 463 9848 393 70
is_linear=0
shrinkage=0.03


Tree=9
num_leaves=32
num_cat=0
split_feature=15 6 10 8 6 18 9 26 15 20 26 26 9 6 11 11 9 20 15 6 9 18 11 6 10 11 11 9 25 8 19
split_gain=41.1871 18.9323 16.6821 5.81419 5.49999 6.35605 6.23815 6.10894 5.67308 5.4036 5.47899 7.29057 5.30161 4.51683 3.98879 3.72493 6.90007 3.70023 3.48466 4.42318 3.48193 3.09005 2.74449 2.8084 2.65095 3.06154 2.68395 2.55042 2.19973 2.15341 1.33227
threshold=0.24278267842822779 0.16080808080808084 0.13701030927835053 0.96922996002524731 0.13065656565656569 0.16472868217054268 0.92820324005891031 1.2434850002691851 0.11561079925153704 0.40376100779739782 0.13258368213185864 -0.91210302558937506 0.65989690721649497 0.42346141830677919 -0.49417353014702486 0.41237456148485313 0.88329896907216499 0.67677334028707625 0.45618838992332972 0.061540079949505583 0.94871660004207881 0.032795698924731186 0.34002626296415178 0.041026719966337055 0.75128865979381454 -0.19764090068966308 0.27152716468929233 0.66163265306122454 3.4428678393472434 0.76409636019356209 29.500000000000004
decision_type=8 2 2 2 2 8 8 10 10 10 10 8 8 2 10 10 10 10 8 2 10 10 10 2 2 8 10 10 8 2 8
left_child=4 3 12 22 9 6 17 8 -7 24 11 -11 28 -14 -9 30 -17 -6 20 -20 -5 -8 29 -24 25 -1 -26 -12 -3 -2 -4
right_child=1 2 15 18 5 7 21 14 -10 10 27 -13 13 -15 -16 16 -18 -19 19 -21 -22 -23 23 -25 26 -27 -28 -29 -30 -31 -32
leaf_value=-0.022693207015703584 -0.0019521546235714519 0.0096611282582519976 -0.0088910063446713053 0.015681052502299953 0.0088235570937677289 0.0089278414140491515 -0.0012241520156408407 -0.050687807427079151 -0.0004152854867321627 0.029140909529870349 0.018073691814454503 0.0016715201463933895 0.027639171707685373 0.0054997463131048648 -0.0078187208213098131 -0.012643659745967081 0.030149585100036218 -0.026076324279326667 -0.033445644478110485 0.028596874627690113 0.050615563263076105 0.028282062697159192 0.02414727793774539 0.0036621863874303916 0.0048862223552921776 0.010139739953193215 -0.050201769943090009 0.037383631810518722 -0.010429876759698595 0.0078381940070003722 -0.013077738460710524
leaf_weight=2.9024606123566628 95.385106615722179 6.2962197596207288 98.246866501867771 5.7852157372981274 51.843131640926003 128.48803416546434 3.6781936809420612 2.1858323197811869 107.36180034978315 13.561400007456539 10.383259216323497 24.236365689896047 10.584164347499607 38.32303305901587 18.371864711400121 8.8102438235655409 5.5132252387702456 2.8863843977451316 1.9992132205516107 2.1424791552126408 4.6169879138469696 24.282879251986742 9.2221989855170268 17.363803336396813 1.5786678250879043 21.413364827632911 1.6054808385670183 15.120153762400149 22.191398317925632 25.658721663989127 225.19944222969934
leaf_count=33 2342 110 4791 62 590 1534 51 28 2088 88 96 217 110 592 338 357 64 44 21 24 24 198 63 175 26 241 16 75 452 501 11438
internal_value=0.000365778 -0.00486907 -0.00826445 0.00382309 0.00739598 0.00564007 0.0128726 0.00330761 0.00467473 0.0139534 0.0187771 0.0115272 0.00429847 0.010291 -0.0123768 -0.011143 0.00382782 0.00698297 0.0219207 -0.00135132 0.0311866 0.0244006 0.00204018 0.0107681 0.00285002 0.00622063 -0.0228897 0.0295219 -0.00598944 0.000123191 -0.011806
internal_weight=1007.24 577.338 415.165 162.174 429.899 339.098 82.6906 256.408 235.85 90.8012 63.3012 37.7978 77.3948 48.9072 20.5577 337.77 14.3235 54.7295 14.5439 4.14169 10.4022 27.9611 147.63 26.586 27.5 24.3158 3.18415 25.5034 28.4876 121.044 323.446
internal_count=26789 21126 17914 3212 5663 4871 883 3988 3622 792 476 305 1264 702 366 16650 421 634 131 45 86 249 3081 238 316 274 42 171 562 2843 16229
is_linear=0
shrinkage=0.03


Tree=10
num_leaves=29
num_cat=0
split_feature=10 6 5 11 7 5 13 26 25 7 3 24 10 19 1 2 22 7 23 14 21 26 2 19 25 6 0 17
split_gain=32.5279 27.7701 8.68808 7.88053 7.71541 6.6823 6.37523 4.04498 4.6043 4.89722 3.95276 3.93983 3.8855 3.81337 3.4889 3.6589 3.39244 3.31783 3.21017 2.91422 2.79633 2.62 2.55087 2.5374 2.41051 2.26608 2.19679 1.90152
threshold=0.10050505050505053 0.23116161616161621 0.7817525773195878 0.34002626296415178 0.91376288659793825 0.055773195876288664 2.904581245205605 -0.71447586555210474 3.5929627448302406 0.99500000000000011 0.96922996002524731 1.8366236177732225 0.12308015989901117 44.500000000000007 0.2530997867983486 -0.013707517307364397 0.00040129564969535841 0.17762886597938146 0.76341872572369374 0.56691631390426578 0.40612390708431945 0.38254395163508731 0.056485080186607452 10.500000000000002 6.0877530913994393 0.20101010101010106 0.8867967972262889 0.74694639352844261
decision_type=2 2 2 10 10 2 10 10 8 8 2 8 2 8 2 2 2 10 2 10 2 10 2 8 10 2 2 10
left_child=4 3 6 10 5 17 20 25 9 -9 16 23 -13 22 15 -7 -2 27 -12 -16 -3 -15 -5 -4 -10 -6 -27 -1
right_child=1 2 11 13 7 14 -8 8 24 -11 18 12 -14 21 19 -17 -18 -19 -20 -21 -22 -23 -24 -25 -26 26 -28 -29
leaf_value=-0.043179754286391078 0.0046480777629338589 -0.0040873807045830862 0.0082278250425450658 0.024869177338248012 0.040456288495623098 0.002581614039996277 0.037947092259291965 -0.02633925701941494 0.0231366040046409 0.022272418254429362 0.017793069385750857 0.021466344881944065 0.00093947597562875546 0.010709787588463787 -0.0038807354605102816 0.01213436671221237 -0.0034841469899254203 0.011195083294008857 -0.0095041301706307712 0.029678559135557937 -0.011628749331767104 -0.0082615262210650464 0.0079580426817570799 -0.010226042262943118 -0.0018591840973457459 0.018432279681897139 0.042712907150821273 -0.010565009805485796
leaf_weight=3.912667799741028 80.347812751308084 52.518412704579532 7.9671323718503118 25.720652963034809 6.4390493500977746 91.764697560109198 2.4685986014083019 5.3898880630731592 14.780479123815896 2.8520838990807542 20.449003119021658 9.5132988672703487 65.038680393248796 24.602058249525726 2.9909534510225049 59.473009762354195 108.52562541607767 2.430285295471549 4.7845361530780783 10.519925825297831 281.13351437123492 8.9295982867479307 11.669800161384044 42.360879455227405 4.5385103356093159 30.829560454934835 3.7629224136471739 2.7323795398697257
leaf_count=48 1863 2004 198 181 39 1193 30 53 109 20 255 86 1574 222 37 721 2751 34 74 60 13299 92 100 1429 61 215 16 36
internal_value=7.74584e-05 -0.00302479 -0.00757598 0.00433623 0.00962453 0.00626248 -0.0100863 0.0181445 0.00925546 -0.00951748 0.00146526 -0.000819298 0.00355883 0.0130034 0.00764302 0.00633816 -2.46533e-05 -0.0187991 0.0126172 0.0222494 -0.0104417 0.00565766 0.0195911 -0.00730472 0.0172645 0.0241152 0.0210735 -0.0297689
internal_weight=988.446 746.03 461.001 285.029 242.416 173.824 336.121 68.5925 27.561 8.24197 214.107 124.88 74.552 70.9221 164.749 151.238 188.873 9.07533 25.2335 13.5109 333.652 33.5317 37.3905 50.328 19.319 41.0315 34.5925 6.64505
internal_count=26800 24158 18620 5538 2642 2129 15333 513 243 73 4943 3287 1660 595 2011 1914 4614 118 329 97 15303 314 281 1627 170 270 231 84
is_linear=0
shrinkage=0.03


Tree=11
num_leaves=31
num_cat=0
split_feature=15 6 10 7 24 13 2 20 6 10 3 13 10 24 25 26 9 9 22 7 19 2 24 20 9 12 21 23 2 2
split_gain=29.5444 17.3043 15.5504 5.20573 4.88699 4.27183 4.22645 3.85448 3.45503 3.43474 3.27647 3.2452 3.09257 5.10289 3.01032 2.91968 2.89986 2.88397 2.71661 2.92978 4.1728 3.17413 2.40958 2.35048 2.33604 3.13383 2.37064 2.04082 1.45957 1.40655
threshold=0.24117158288325721 0.14070707070707075 0.13701030927835053 0.92820324005891031 -0.37150413337195459 -0.90252829297372927 0.010320325936475834 0.37443817987133859 0.98974332000841592 0.010256679991584264 0.96922996002524731 0.19435047494490612 0.070353535353535376 1.800632970146985 2.7880391873464698 -0.25653969084543865 0.19793814432989695 0.77159793814432998 -0.021560615381049985 0.99500000000000011 46.500000000000007 -0.021651114404968013 -0.78481542036274787 0.12494924904001321 0.87314432989690738 0.58764191192985615 0.55937520646893801 0.61674650133613973 -0.043689828043703256 0.049733107793179826
decision_type=8 2 2 10 8 8 2 8 2 2 2 8 2 10 8 10 8 10 2 10 10 2 10 10 10 10 2 2 2 2
left_child=3 4 12 6 16 7 9 -6 11 15 -11 -8 13 -3 -7 -1 29 -10 27 21 -21 -20 -18 -14 26 -26 -4 28 -5 -2
right_child=1 2 24 18 5 14 8 -9 17 10 -12 -13 23 -15 -16 -17 22 -19 19 20 -22 -23 -24 -25 25 -27 -28 -29 -30 -31
leaf_value=0.0070781906506375298 0.0045934979635764896 0.015252827667344312 -0.0076595770247470064 0.046238223365602342 0.043329306177181247 -0.010764173584828488 0.00018710781005513375 0.0065303029133620067 0.0057274736927016663 -0.0011264344330545208 0.012672527453148411 0.011576419257583391 -0.033393597784103918 -0.022980970733412112 0.0067778017010427499 0.041235859387687611 -0.0072444209346060476 -0.0392366959973416 0.0202732702785672 -0.015385963340617858 0.016567044814174009 0.006707952598881968 -0.035988692509504074 0.00069463960304379723 -0.0067693225981834502 0.019854605839959034 -0.013166970761767106 0.0056478280770547234 0.023083072111338455 0.039921337667539115
leaf_weight=6.9546485133469105 3.8016228871420052 30.244463304057717 109.98183464724571 3.6535949297249308 5.2839810959994766 9.6433648588135821 28.529039938002825 4.972454885020853 2.6720882337540379 151.60138822626323 17.24858552031219 106.82595794228837 1.9018779583275307 3.5058697629719964 101.1955117569305 3.3308047205209714 22.549686064012356 2.4710000809282064 29.125343506224453 8.596611160784958 6.4292163746431461 33.243053586222231 2.9704560749232725 42.547145530581474 21.987715673632923 4.8581434134393922 195.16798405861482 3.9709008317440739 7.4374089147895566 1.3833875600248573
leaf_count=67 94 395 5519 21 26 196 552 62 41 2537 151 1376 39 52 1821 21 571 40 217 61 56 343 64 800 1046 75 10429 32 56 20
internal_value=7.55934e-05 -0.00439835 -0.00760073 0.00617702 0.00425513 0.00696561 0.00436356 0.0254887 0.00825884 0.00130845 0.000283175 0.00917587 0.00443469 0.0112812 0.00525159 0.0181397 -0.00643452 -0.0158756 0.0124464 0.0101778 -0.00171398 0.0130428 -0.0105902 -0.000763923 -0.0104356 -0.00195134 -0.011182 0.0241033 0.0307108 0.0140191
internal_weight=974.085 561.995 410.195 412.09 151.8 121.095 319.634 10.2564 140.498 179.135 168.85 135.355 78.1994 33.7503 110.839 10.2855 30.7052 5.14309 92.4561 77.3942 15.0258 62.3684 25.5201 44.449 331.996 26.8459 305.15 15.0619 11.091 5.18501
internal_count=26780 21209 18355 5571 2854 2105 4785 88 2009 2776 2688 1928 1286 447 2017 88 749 81 786 677 117 560 635 839 17069 1121 15948 109 77 114
is_linear=0
shrinkage=0.03


Tree=12
num_leaves=30
num_cat=0
split_feature=15 6 10 8 10 24 1 21 12 26 9 8 21 12 10 21 12 9 19 13 5 0 4 9 8 19 15 12 21
split_gain=33.1894 16.0882 14.1809 9.72059 5.56703 5.64491 5.32125 5.26251 6.6096 4.58998 4.42682 4.0401 3.97984 3.8617 3.63328 3.63112 3.54562 2.77325 3.1362 2.6734 2.59132 2.48417 2.29916 2.15231 2.71617 1.53763 1.4456 1.3882 0.799425
threshold=0.22940036006093342 0.1743635598569325 0.13065656565656569 0.96922996002524731 0.10050505050505053 4.1047631181168569 0.12039980757835916 0.74116781662278464 0.28315282517568879 -1.6781596390620148 0.57071428571428584 0.96453608247422695 0.680947937144745 0.35304534899111611 0.15385019987376397 0.3027247467945921 0.73497616253027998 0.96922996002524731 80.500000000000014 1.5122207656540501 0.7817525773195878 0.35096995885160215 0.17762886597938146 0.94422680412371141 0.98974332000841592 29.500000000000004 0.27012557832121614 -0.076519891050939412 0.42145962636340512
decision_type=8 2 2 2 2 10 2 2 8 10 8 2 2 8 2 2 10 8 8 10 2 2 2 10 2 8 10 10 2
left_child=4 3 10 17 7 6 20 8 12 15 22 -12 -1 -8 -11 -7 -10 21 -19 25 -6 -2 -3 24 -5 -4 -21 -9 -25
right_child=1 2 19 23 5 9 13 27 16 14 11 -13 -14 -15 -16 -17 -18 18 -20 26 -22 -23 -24 28 -26 -27 -28 -29 -30
leaf_value=0.0068088436800950317 -0.0012347517760588999 0.0023492004105926116 -0.0080487727046557704 0.026683601682672121 -0.0067527395325954762 0.017120022507039603 0.020317888472588617 0.051017234667915849 0.021616964230329341 0.036256338089203588 0.0066539762284457274 0.047233363517643484 -0.019173060806177287 0.0016335309438852152 0.011002167076569673 -0.028267269584089049 0.00081996427113413929 -0.003039852385814511 -0.029186125670403719 0.037889558074545027 0.0018651750656092758 0.0072155753417166889 -0.016232554618746002 0.046741565883745687 -0.010971413220068661 -0.012685134576888626 0.0013838393320765342 0.02340092512674715 0.027167829046725368
leaf_weight=96.998463080730289 66.175269933417439 11.766070442274215 92.994519396219403 5.5143866408616287 60.807300717569888 2.435587763786315 18.480933426879346 3.3027400150895119 46.079622812569141 5.5944838225841513 50.460214195773005 2.3091753330081692 5.6130291353911153 21.581173015758395 61.375899938866496 4.5500695826485753 8.7844025790691358 24.138160637579858 4.9807993229478624 1.1737322881817807 64.936808438971639 59.425582384690642 12.213967006653546 3.873128153383731 2.5082745533436537 209.20950000640005 5.8029650780372322 3.2504402659833422 3.645374521613121
leaf_count=922 1808 205 4910 53 1527 24 183 18 320 33 752 17 73 244 671 74 81 493 150 17 1066 840 293 15 36 11685 199 32 31
internal_value=0.000172424 -0.00458044 -0.0079694 0.0031013 0.00671913 0.00380557 0.000731274 0.0109779 0.00988174 0.010698 0.00357277 0.00842972 0.00538759 0.0102528 0.0131118 -0.0124427 0.0182871 0.000829455 -0.00751217 -0.0108346 -0.00230227 0.00276335 -0.00711521 0.0257186 0.0149108 -0.0112584 0.00752542 0.0373193 0.0372512
internal_weight=959.982 556.191 385.93 170.261 403.791 239.762 165.806 164.029 157.476 73.956 76.7494 52.7694 102.611 40.0621 66.9704 6.98566 54.864 154.72 29.119 309.181 125.744 125.601 23.98 15.5412 8.02266 302.204 6.9767 6.55318 7.5185
internal_count=26772 21504 18078 3426 5268 3822 3020 1446 1396 802 1267 769 995 427 704 98 401 3291 643 16811 2593 2648 498 135 89 16595 216 50 46
is_linear=0
shrinkage=0.03


Tree=13
num_leaves=30
num_cat=0
split_feature=15 3 6 0 16 0 1 22 26 1 15 5 14 22 13 19 8 0 8 21 26 13 20 22 2 0 9 13 4
split_gain=31.263 14.4961 9.99625 5.35732 5.31421 5.16044 5.46308 4.01289 4.57278 3.89147 3.59978 3.54358 3.54152 4.34407 3.22101 3.21057 3.16757 3.05394 2.98164 2.95771 2.91179 2.7707 2.47142 2.31843 2.26567 2.24527 2.35028 1.71161 1.53327
threshold=0.22940036006093342 0.96453608247422695 0.12308015989901117 -0.29076718098303006 1.0506335175754244 0.35641396290028621 0.15985202186868544 -0.021560615381049985 -0.9722914840338629 -0.10991156860380834 0.42107064622124873 0.88329896907216499 0.9648090815273479 0.0084010728791340528 2.904581245205605 31.500000000000004 0.041026719966337055 0.35096995885160215 0.076082474226804128 0.59377311832479862 0.74040788274369185 0.18225496131990407 0.39837844070315326 -0.0276909859411484 0.078540999138197329 -0.50265049347809243 0.99500000000000011 0.70774170683994997 0.22840206185567014
decision_type=8 2 2 2 10 2 2 2 8 2 10 2 10 2 10 10 2 2 2 2 10 10 10 2 2 2 8 10 2
left_child=3 2 17 4 12 6 9 21 -9 -5 16 14 13 -1 -4 -13 -3 23 -19 -18 24 -7 -14 -2 -12 -6 -27 -8 -22
right_child=1 10 11 5 25 7 27 8 -10 -11 20 15 22 -15 -16 -17 19 18 -20 -21 28 -23 -24 -25 -26 26 -28 -29 -30
leaf_value=0.0053096148765258231 0.015278793679759364 -0.019681806528644045 -0.009181947957417955 0.010145250775995672 -0.035731242305572133 0.02888308023888991 0.012167239969170587 0.020382095193720435 0.0039963226364034491 -0.0030661502829213497 -0.010726580000478721 0.010112593321510054 0.010582923932176759 0.018881504355086315 0.027926153481745892 -0.0092251498879644591 0.017505855397745494 -0.024562192349910226 0.0084699164826170566 0.043301671515639899 0.036921926884941156 -0.0011119058911969392 0.03978111881086261 -0.004955463555642939 0.02440001359586692 -0.0065086874572989608 0.030763914119926381 0.036909670427202598 0.00016243586328088479
leaf_weight=40.244820887688547 5.6657732194289556 1.5628153160214449 359.0965842786245 23.884436371736228 1.9098464734852303 13.385695132426919 16.506119240075353 18.645293007604778 86.157196950167418 125.50967861432582 9.9785573780536669 17.460249645169828 3.914230350404976 44.913274604827166 2.1176333222538224 13.861385478172449 14.403601830825211 2.577426526695489 53.697603164240718 5.5386399216949931 2.8159904880449167 3.4953742092475286 7.8242192734032869 50.711153949610889 1.9806211022660125 9.5728441122919286 1.8105665184557445 2.968899877741932 1.6023025503382085
leaf_count=436 115 33 17640 350 23 109 147 187 1039 2391 293 473 30 383 28 549 158 39 714 52 35 41 48 1350 47 119 17 21 53
internal_value=0.000168112 -0.00452217 -0.00586435 0.00652419 0.0121567 0.00438809 0.000994244 0.00909799 0.0069115 -0.000953973 0.0133767 -0.00812505 0.014597 0.0124676 -0.0089644 0.00155468 0.0214471 0.00201307 0.00695703 0.0246702 0.00277964 0.0226724 0.0300449 -0.00292196 -0.00490908 -0.0056305 -0.000580365 0.0159391 0.023591
internal_weight=943.813 543.07 505.188 400.742 110.19 290.553 168.869 121.684 104.802 149.394 37.8825 392.536 96.8965 85.1581 361.214 31.3216 21.5051 112.652 56.275 19.9422 16.3775 16.8811 11.7384 56.3769 11.9592 13.2933 11.3834 19.475 4.41829
internal_count=26920 21579 20908 5341 1056 4285 2909 1376 1226 2741 671 18690 897 819 17668 1022 243 2218 753 210 428 150 78 1465 340 159 136 168 88
is_linear=0
shrinkage=0.03


Tree=14
num_leaves=28
num_cat=0
split_feature=5 6 1 22 9 9 0 13 8 1 17 26 1 3 8 7 12 7 3 17 4 9 20 17 4 1 1
split_gain=23.0993 12.1359 4.68234 4.60633 5.4562 5.39747 4.2676 3.89651 3.8554 3.7456 3.40484 3.58989 3.30192 3.06568 2.97341 2.91982 2.79965 2.68237 2.5118 2.50631 2.33673 2.74595 2.38575 2.05644 1.47694 1.39662 0.926451
threshold=0.79190721649484541 0.23116161616161621 0.091011200733117012 -0.020132422886541396 0.010256679991584264 0.90360824742268053 0.34633834226882249 0.64914895189075184 0.99500000000000011 0.22419140708724619 1.4845368195913686 1.4947726320983241 -0.081847509699921342 0.13065656565656569 0.85283505154639183 0.98974332000841592 0.2346832734772766 0.010050505050505053 0.67178624026930367 0.73331419820419841 0.16747422680412374 0.99500000000000011 0.4243859460988933 0.048939992274054177 0.98484536082474239 0.15386268769047673 0.16603546116023779
decision_type=2 2 2 2 8 8 2 10 2 2 10 8 2 2 2 10 8 8 2 10 2 8 10 10 2 2 2
left_child=1 9 12 6 25 8 20 -7 -6 15 11 -11 14 17 -3 19 23 -4 -15 -1 22 -22 -2 -8 -14 -5 -18
right_child=3 2 13 4 5 7 16 -9 -10 10 -12 -13 24 18 -16 -17 26 -19 -20 -21 21 -23 -24 -25 -26 -27 -28
leaf_value=-0.0016786149426062024 0.031453285025887748 -0.0049079794667664456 -0.033892080295593263 0.016555866681992656 -0.00026740916860889548 0.0068231397892439495 0.028007365620169762 0.023611745732339186 0.027786541105679567 0.0022946300899327312 0.044245216851117687 0.028518542773717143 -0.01006654765075107 -0.0094669339276047103 0.013205288040773361 0.026301449783770057 0.038484845539256927 0.015966889289152578 0.0052500128433596652 0.0076679554876421096 0.0074135119849314439 -0.020007283212239109 0.0065661822047974189 -0.015456554984400205 0.0070219081841930283 0.044981192058276609 0.01803519399352866
leaf_weight=146.70970592601225 6.5533202989026886 49.540757921058685 1.0428159013390512 2.8244749177247277 164.70379567611963 109.88293411862105 1.8576123733073475 14.030648245941846 4.5300991637632242 18.651907932013273 2.7205611020326605 6.2800350822508397 257.51764348661527 24.374703103676438 9.7640595659613592 3.8714384799823156 9.5776850199326891 14.125713173765689 18.253812712151557 31.336183700710535 19.317013090010736 3.9607404721900812 7.3603421379812062 2.0730664134025574 4.6338856057263902 3.4629070330411196 2.5180544666945925
leaf_count=3672 72 1758 12 37 3245 1533 19 139 44 199 14 48 12622 952 304 37 88 252 555 667 374 72 102 23 137 17 30
internal_value=-6.66938e-05 -0.00370331 -0.00690489 0.00600535 0.00455991 0.00396683 0.0141383 0.0087241 0.000483547 0.00209051 0.0123775 0.0089001 -0.00831834 0.000956442 -0.00192578 0.000526832 0.0270799 0.0125392 -0.00316504 -3.36129e-05 0.00856155 0.00274783 0.018288 0.0050842 -0.00976449 0.0322117 0.0342277
internal_weight=941.476 588.823 379.253 352.653 299.435 293.147 53.2178 123.914 169.234 209.57 27.6525 24.9319 321.456 57.797 59.3048 181.917 16.0264 15.1685 42.6285 178.046 37.1914 23.2778 13.9137 3.93068 262.152 6.28738 12.0957
internal_count=27024 21229 16592 5795 5015 4961 780 1672 3289 4637 261 247 14821 1771 2062 4376 160 264 1507 4339 620 446 174 42 12759 54 118
is_linear=0
shrinkage=0.03


Tree=15
num_leaves=30
num_cat=0
split_feature=10 11 0 0 22 23 14 24 8 22 11 11 22 12 13 13 11 14 10 5 4 5 8 5 22 21 26 3 5
split_gain=24.6096 18.3176 5.96645 5.27155 10.0096 4.43984 4.38278 4.07704 4.56114 3.8025 4.2686 4.08174 3.70888 4.36028 3.49106 3.39697 3.28368 3.15249 3.07242 6.98122 3.04929 3.03397 2.96443 2.68216 2.15541 2.14743 1.55886 1.31656 1.12703
threshold=0.13701030927835053 0.33062291593932619 0.35096995885160215 0.13174165857730005 0.0098251435012990645 0.5142774496346485 0.20112359550561801 4.7584631096112018 0.015154639175257735 -0.0057978869099695731 0.058547692575045225 0.54720009118004864 0.021096598203186028 1.2553515516963967 1.2329579588805386 -1.1615736589552075 0.013000170179614303 0.976607387140903 0.67005154639175268 0.071796759941089847 0.85283505154639183 0.81221649484536096 0.98974332000841592 0.87314432989690738 -0.015858757712291022 0.56650329000316135 0.42203982491592812 0.95897328003366311 0.69036082474226812
decision_type=2 10 2 2 2 2 8 10 2 2 10 10 2 10 10 8 8 10 2 2 2 2 2 2 2 2 10 2 2
left_child=3 2 17 4 7 16 -7 8 -1 20 21 -12 18 14 -14 27 -6 23 22 -20 28 -11 -3 -2 -19 -17 -9 -4 -5
right_child=1 12 15 9 5 6 -8 26 -10 10 11 -13 13 -15 -16 25 -18 24 19 -21 -22 -23 -24 -25 -26 -27 -28 -29 -30
leaf_value=0.018891632970216996 -0.0089962906877324774 0.018044837999203291 0.0099492449311273674 0.019096985516468611 0.011978248466839916 -0.018497110873170644 0.0087561750871325891 0.027305105025868755 -0.0034005463948816395 0.0066596400787047151 -0.0093444071623059819 0.024379908906599194 -0.0032523659203632775 -0.043224679680159264 0.028551471319311256 0.0023583377750125731 0.025481100744946351 0.026847173732708479 -0.059738759360129824 0.0066850474730899018 -0.00082737313041978755 0.02881528739787553 -0.0050384111692421225 -0.000970187143333893 -0.0001245698598940516 -0.0053869634636159623 -0.0010870910301369896 0.043848124650019513 0.041163688836653486
leaf_weight=8.9390489906072599 326.68175078136846 43.212176107335836 2.0953234480693936 2.7353039383888236 55.36446400359273 6.9917660448700216 22.08852309640497 6.3481640079990012 108.83829286880791 9.5483175748959201 12.203772122040393 4.3925875760614863 22.459914934821434 2.158295855857431 3.6048374958336344 73.940961815882474 22.91871041059494 3.3240616992116001 1.4717126572504629 43.973836545832455 2.4728460162878028 13.326478293165563 5.6633743150159708 42.328287487383932 13.481385280378161 57.093112042639405 2.3977763615548611 2.0302235409617424 8.7358531765639764
leaf_count=89 16276 539 35 28 596 80 261 49 1736 109 126 32 396 38 30 1769 235 54 18 653 22 90 53 1274 290 2023 20 9 61
internal_value=0.000117417 -0.00314192 -0.0055967 0.00741791 0.0054759 0.0122132 0.00220367 -0.000241108 -0.00170862 0.0159213 0.0111638 -0.000418533 0.00729415 -0.00224696 0.00114621 -0.00017248 0.0159314 -0.00749692 0.0101491 0.00453397 0.0293883 0.0195672 0.0153701 -0.00807563 0.00521035 -0.00101638 0.0195211 0.0266312 0.0359019
internal_weight=930.821 643.519 520.975 287.302 233.887 107.363 29.0803 126.523 117.777 53.4152 39.4712 16.5964 122.544 28.223 26.0648 135.16 78.2832 385.815 94.3211 45.4455 13.944 22.8748 48.8756 369.01 16.8054 131.034 8.74594 4.12555 11.4712
internal_count=26991 23457 21730 3534 3066 1172 341 1894 1825 468 357 158 1727 464 426 3836 831 17894 1263 671 111 199 592 17550 344 3792 69 44 89
is_linear=0
shrinkage=0.03


Tree=16
num_leaves=31
num_cat=0
split_feature=10 11 6 7 13 18 19 18 9 0 9 20 14 9 12 10 6 12 24 22 19 9 9 22 8 9 10 14 7 23
split_gain=23.9198 20.3873 11.1791 10.5673 4.72219 4.09585 3.28675 4.18854 3.2258 3.09947 3.07012 3.65393 3.34146 2.96843 2.82167 2.56382 4.18004 3.27413 2.26015 4.40672 2.93661 2.25649 2.17647 2.06929 2.37754 2.14442 1.19857 1.46859 1.28515 1.15453
threshold=0.13701030927835053 0.34002626296415178 0.24121212121212124 0.93407216494845369 0.85601293055690786 0.84698996655518399 74.500000000000014 0.4555335968379447 0.91376288659793825 0.46919436198368852 0.38264084140372806 0.61958624449458022 0.17308641975308645 0.60912371134020626 0.2284877138212382 0.75383968020197778 0.81221649484536096 0.29913670841835133 3.0730046321185647 -0.024166683809663973 77.500000000000014 0.7817525773195878 0.050252525252525264 0.00040129564969535841 0.99500000000000011 0.98484536082474239 0.39284598562949086 0.67769272826681248 0.21106060606060609 1.1497776303793021
decision_type=2 10 2 10 8 8 10 10 10 2 8 8 10 8 10 2 2 8 10 2 8 10 8 2 2 8 2 10 10 2
left_child=3 2 23 4 18 15 7 22 13 14 11 -6 -12 -8 -7 17 -17 -3 20 -20 -1 -9 -5 24 -2 -25 27 -4 -28 -11
right_child=1 5 26 6 10 9 8 21 -10 29 12 -13 -14 -15 -16 16 -18 -19 19 -21 -22 -23 -24 25 -26 -27 28 -29 -30 -31
leaf_value=-0.0013150841645175532 0.0023147419630377315 0.0224988155233833 -0.0095770941481853819 0.033180458195985085 -0.0053676992163556375 -0.016361186241166243 0.01332422895348755 0.042047878661557792 0.024992278297968816 -0.022694435426422084 0.0033057456771199588 0.023940742736615193 0.013744637926352696 -0.032728857583405414 0.017528233353070088 0.0059714381646267852 -0.041115913700669568 0.0085467528895289222 0.046837550802183575 0.0014948298776180967 -0.017096419398413696 0.01941872821560077 0.01242156230394618 -0.0011477869434334904 0.036206132364229593 -0.011833147853849812 -0.008291344474309268 -0.0022777506573012853 -0.012961782309830821 0.015108921442522731
leaf_weight=50.215585443656892 84.32189526129514 23.748606625013053 67.551407851278782 5.1336205452680579 27.368748026899997 3.3589517120271939 2.0742312595248205 9.4617371000349539 2.8426456078886986 7.4351040893234295 48.191583449020982 4.4510175362229338 64.580256090499461 3.2075709868222475 6.47084468184039 34.068744823802263 1.7856687353923906 41.749743487685919 2.2618877682834873 13.109202412888404 13.455678104422985 6.8276890739798537 39.680911593604833 92.021819195710123 1.904997419565915 20.707012292928994 99.081726046744734 39.204122870694846 114.07222575275227 0.80589683726429928
leaf_count=867 2044 220 3376 27 406 99 20 49 23 218 627 38 708 35 130 406 39 490 13 147 251 49 312 2462 16 560 5280 1907 6219 23
internal_value=-0.000189393 -0.00344636 -0.00601859 0.00690911 0.00373848 0.00772935 0.0171514 0.019535 -0.000775242 -0.00542827 0.00696164 -0.00126797 0.00928371 -0.0146432 0.00594784 0.0100753 0.00362633 0.0136055 -0.00215763 0.00816711 -0.00465016 0.0325629 0.0147995 -0.000434743 0.0030635 -0.00311057 -0.00949126 -0.00689654 -0.0107908 -0.0189976
internal_weight=931.151 638.289 518.865 292.862 223.634 119.424 69.2284 61.104 8.12445 18.0708 144.592 31.8198 112.772 5.2818 9.8298 101.353 35.8544 65.4984 79.0424 15.3711 63.6713 16.2894 44.8145 198.956 86.2269 112.729 319.909 106.756 213.154 8.241
internal_count=27061 23489 21864 3572 3057 1625 515 437 78 470 1779 444 1335 55 229 1155 445 710 1278 160 1118 98 339 5082 2060 3022 16782 5283 11499 241
is_linear=0
shrinkage=0.03


Tree=17
num_leaves=29
num_cat=0
split_feature=15 6 10 26 26 3 23 8 7 20 10 26 11 9 4 9 3 26 20 13 0 9 5 26 12 13 7 7
split_gain=24.326 12.7098 10.1739 3.91059 3.88592 3.77437 6.30048 3.45008 3.1674 5.04744 4.73502 3.76389 3.63959 3.36393 2.99609 2.7379 2.72108 2.38522 3.22228 2.32281 2.23454 2.15264 1.93922 2.325 2.12004 1.91844 1.88361 1.69368
threshold=0.22940036006093342 0.12308015989901117 0.14359351988217969 1.0827298818912507 2.1770443138968387 0.98484536082474239 0.99381657802007928 0.64974226804123725 0.92820324005891031 0.37715941649859991 0.15385019987376397 0.67638711936907103 0.24728717462747876 0.6802061855670104 0.10256679991584264 0.93407216494845369 0.35025773195876292 -0.49830512346373995 0.36640208115475631 2.904581245205605 0.067565920049891717 0.90360824742268053 0.95897328003366311 0.13258368213185864 1.0513022991447167 -1.0138378228951876 0.96922996002524731 0.46195876288659804
decision_type=8 2 2 8 10 2 2 2 10 8 2 10 8 8 2 8 2 10 10 10 2 8 2 10 8 8 10 8
left_child=5 7 3 20 -5 8 22 15 9 13 16 -12 -11 -1 -8 21 -10 25 -19 26 -3 -2 24 -24 -7 -9 -4 -17
right_child=1 2 19 4 -6 6 14 17 10 12 11 -13 -14 -15 -16 27 -18 18 -20 -21 -22 -23 23 -25 -26 -27 -28 -29
leaf_value=0.0026612901038334347 0.0014609563747127125 -0.0059399426707305676 -0.0096608541929631749 0.013030136667429417 -0.028948474592799412 0.022119681848093684 0.010003131124191355 0.038502342146527077 0.0091368940700148182 0.0031744208927633327 -0.0077546154392770508 0.023188250923945945 0.011827432236498086 -0.011781404883777923 -0.038098873044994035 0.001048864924129997 0.022523142807530684 0.015925744883910256 -0.0045716793466745714 0.01802095793334953 0.0117987647543737 0.026114847692474987 -0.0080983943344089381 0.027897275504129428 0.051502521780183705 0.013347321394612675 0.010967521448042715 -0.018980639595585019
leaf_weight=29.717251490335912 57.760820998810232 37.829430222976953 308.80131100863218 32.337826509028673 2.1143954973667851 18.4063796363771 2.1237357668578616 3.0937976203858852 31.253678961656988 159.22339190449566 17.455874082632366 4.4373859940096727 60.322354461066425 28.370794682763517 2.5825468953698874 6.2455166839063141 24.287186400964856 11.654874390922489 16.927965631708503 2.8063127398490897 7.6905795154161742 3.3736213436350218 3.8433305174112311 2.7853930443525314 2.5115992873907116 23.11635817214847 4.0359118073247364 9.7018165839836001
leaf_count=581 1266 818 17373 533 50 153 19 19 242 2638 239 43 650 533 33 160 155 150 251 31 112 53 34 18 9 359 134 228
internal_value=0.000151183 -0.00404079 -0.0067294 0.00282839 0.0104538 0.00586022 0.0156863 0.00402484 0.00496766 0.00347126 0.0103329 -0.00148303 0.00555192 -0.00439267 -0.0163926 -6.62716e-05 0.0149905 0.00978014 0.0037863 -0.00915098 -0.002943 0.00282145 0.0211669 0.007027 0.0256476 0.0163166 -0.00939473 -0.0111364
internal_weight=914.811 527.491 395.616 79.9722 34.4522 387.321 32.253 131.875 355.068 277.634 77.4341 21.8933 219.546 58.088 4.70628 77.0818 55.5409 54.793 28.5828 315.644 45.52 61.1344 27.5467 6.62872 20.918 26.2102 312.837 15.9473
internal_count=26884 21537 19051 1513 583 5347 266 2486 5081 4402 679 282 3288 1114 52 1707 397 779 401 17538 930 1319 214 52 162 378 17507 388
is_linear=0
shrinkage=0.03


Tree=18
num_leaves=30
num_cat=0
split_feature=10 11 0 3 7 17 0 20 10 8 23 0 20 8 2 9 22 11 24 7 20 11 13 8 0 7 11 23 11
split_gain=15.8082 13.5124 5.61407 5.24139 5.13762 5.91507 3.8998 3.61939 3.35107 3.27787 3.41163 3.20672 3.12683 4.12574 3.89947 3.11725 3.02052 2.99153 2.96033 2.95004 2.78163 2.68193 2.34272 2.22504 2.08464 2.05932 2.14444 1.92748 1.75508
threshold=0.14070707070707075 0.33062291593932619 0.35096995885160215 0.67178624026930367 0.917946560067326 1.4250932627984998 0.8867967972262889 0.54713628123136437 0.80206185567010324 0.96453608247422695 -0.48185126286088403 0.072093035078818049 0.46498647081394723 0.12308015989901117 -0.12014056894566726 0.82237113402061868 0.0017860273319328503 -0.40327019302199568 2.6328759352028004 0.83589312013465189 0.45806319594980921 0.26164926432808328 -0.70771617665468123 0.99500000000000011 0.10358466543158752 0.8256364401430677 -0.21474195028134344 -0.045347515955079826 0.01798610001210044
decision_type=2 10 2 2 10 10 2 10 2 2 2 2 8 2 2 8 2 8 10 10 8 8 8 2 2 8 8 2 10
left_child=4 2 25 6 9 12 8 11 -3 17 16 -5 13 -6 -14 -7 -11 19 -19 -1 -8 22 -4 -23 -12 26 -2 -9 -27
right_child=1 3 21 7 5 15 20 27 -10 10 24 -13 14 -15 -16 -17 -18 18 -20 -21 -22 23 -24 -25 -26 28 -28 -29 -30
leaf_value=0.012469079107242433 0.0037969784397716127 0.0098384085968956769 0.019624896278650345 -0.041631678004129299 -0.0061118250514188783 0.0090375682575205389 -0.033851339683528568 0.033203646941753165 -0.0090834173791191856 0.021721375140461255 0.0027488179446731389 0.0090932865369216902 -0.010837102337888952 0.015228079041904695 0.023635490099241339 -0.037818119725744642 -0.024360964173057238 -0.0020179649457392414 0.0080963579268135428 -0.012579540506798513 -0.0052080922939906774 -0.008725310935856016 0.001315119715712347 0.031909148553739129 0.034405902868259862 -0.0077193408360281546 -0.009753528566772033 0.010981905925510479 -0.0011333803363343554
leaf_weight=33.986209692433476 11.067211927380411 26.955249108374119 6.7713754214346409 1.149217509664594 12.332501351833342 2.1598204150795928 4.5382213937118623 9.280228606425224 12.252649118658153 2.3420355375856152 2.4907206110656244 46.770398805849254 3.2491990812122813 24.063962667249143 32.423501948826015 3.1294395495206118 2.8233555182814598 126.57333952561021 32.791372639592737 4.8333781063556662 9.3137139929458499 32.597050947602838 88.32476660516113 1.2596758310683061 7.537665156647563 73.928448123857379 209.16172093432397 5.6528619658201924 71.770446316804737
leaf_count=374 459 438 83 24 121 24 137 64 277 21 32 545 29 176 230 30 30 2149 349 63 134 1079 2601 21 50 3610 10700 54 3011
internal_value=-0.000444914 -0.0031857 -0.00534522 0.00603419 0.00531306 0.0119364 -0.000908988 0.0118956 0.00392525 0.00291185 0.0163409 0.00787679 0.0141837 0.00799731 0.0204956 -0.018685 -0.00346681 0.00188231 6.31892e-05 0.00935031 -0.0145923 3.73854e-05 0.00261888 -0.00721346 0.0265433 -0.00724204 -0.00907257 0.0247917 -0.00447513
internal_weight=901.53 610.793 494.881 115.913 290.737 77.3584 53.0598 62.8527 39.2079 213.378 15.1938 47.9196 72.0692 36.3965 35.6727 5.28926 5.16539 198.184 159.365 38.8196 13.8519 128.953 95.0961 33.8567 10.0284 365.928 220.229 14.9331 145.699
internal_count=26915 23237 21564 1673 3678 610 986 687 715 3068 133 569 556 297 259 54 51 2935 2498 437 271 3784 2684 1100 82 17780 11159 118 6621
is_linear=0
shrinkage=0.03


Tree=19
num_leaves=30
num_cat=0
split_feature=5 15 21 7 10 16 24 10 22 20 21 25 20 21 13 2 9 10 14 20 11 12 21 12 9 22 9 24 7
split_gain=22.2936 8.55283 5.97911 6.79038 4.50334 4.33275 4.25633 3.67965 3.76989 5.33676 4.41906 4.06842 3.85012 3.58921 2.89988 2.84862 5.93718 3.18703 2.73848 2.51576 2.30068 3.13064 2.08845 2.08362 2.05378 2.04409 2.00992 1.98174 0.392559
threshold=0.87314432989690738 0.44885703215807832 0.44949084498272857 0.84268041237113411 0.040202020202020211 0.47918149590371745 4.7584631096112018 0.06592783505154641 0.0017860273319328503 0.62361841138684793 0.59921468092847252 2.2342670919695862 0.2797357685953904 0.64642312401302415 0.75724994858948758 0.13110467952088506 0.62122448979591849 0.50252525252525271 0.48666429587482224 0.57119881034056974 0.46800521500452069 0.92780350378011567 0.60731203561651992 0.21164540826860734 1.0000000180025095e-35 0.0078360990188365218 0.71281296023564078 0.65159518228918512 0.65153061224489806
decision_type=2 8 2 10 2 8 10 2 2 10 2 10 8 2 10 2 10 2 10 10 10 10 2 10 10 2 10 8 10
left_child=1 2 3 5 13 -1 -6 8 9 11 12 -2 -10 -4 15 17 -17 -9 19 -16 22 24 23 -3 -22 -5 -24 -12 -20
right_child=7 20 4 25 6 -7 -8 14 10 -11 27 -13 -14 -15 18 16 -18 -19 28 -21 21 -23 26 -25 -26 -27 -28 -29 -30
leaf_value=0.013763733931227066 0.022539251474998266 -0.0061282605764920823 0.006832782361635056 0.014929818727143978 -0.0047739782155938968 -0.0023630556525317233 0.0080350789415102059 0.0051926117670157467 -0.029493300980035792 -0.03569419932263803 0.022091791702432591 0.00067333788271494376 0.013962055211202045 0.043937213993603279 -0.0017967168578071895 0.040025676618748465 -0.012549864552614818 -0.0053501515689845782 0.045269646139152339 0.031464285111941263 -0.020898251573353375 -0.026939370315680375 -0.011061142117766595 0.0017712660183252615 0.018913159546727815 0.034290619380236802 -0.0034060969015953769 0.044724403940992662 0.027718737588651971
leaf_weight=22.008538115769625 11.333844080567358 125.62657940667123 14.253470957279207 12.82470929156989 178.55238271364942 47.04196998430416 26.859886900987476 95.667296672705561 1.909667633473872 2.7427150178700677 8.7382176741957647 23.615197248756886 46.915871992707253 2.8086896501481524 6.5889379112049919 5.2034163279458863 3.0757782645523548 35.338396342471242 2.3559445925056925 2.9687982453033328 1.3460283018648613 2.0665418673306695 117.61866991268471 39.499595645815134 8.7304903054609877 7.9504869850352398 41.853754524607211 5.7884430289268485 2.2350721098482609
leaf_count=276 82 5645 142 129 5620 1236 370 1641 23 33 64 252 391 26 111 61 59 759 19 24 56 37 6308 1521 132 56 1867 27 21
internal_value=0.000143413 -0.00280733 0.000768708 0.00730141 -0.00186892 0.00277705 -0.00309905 0.00766925 0.0121146 0.00460202 0.0165842 0.00776437 0.0122624 0.0129407 0.00474176 0.00342727 0.0204935 0.00234873 0.017682 0.00853473 -0.00612381 0.00669684 -0.00660343 -0.00423863 0.0135951 0.022339 -0.00905207 0.0311102 0.0367252
internal_weight=903.519 649.042 312.3 89.8257 222.474 69.0505 205.412 254.478 101.044 37.6918 63.3522 34.949 48.8255 17.0622 153.434 139.285 8.27919 131.006 14.1488 9.55774 336.742 12.1431 324.599 165.126 10.0765 20.7752 159.472 14.5267 4.59102
internal_count=26988 23421 7855 1697 6158 1512 5990 3567 872 367 505 334 414 168 2695 2520 120 2400 175 135 15566 225 15341 7166 188 185 8175 91 40
is_linear=0
shrinkage=0.03


Tree=20
num_leaves=27
num_cat=0
split_feature=15 3 6 9 9 24 7 21 12 7 20 19 9 8 20 19 4 24 23 21 12 20 4 17 7 6
split_gain=19.2877 9.92817 7.17327 4.76486 3.92286 4.90601 6.37979 3.72204 3.41223 3.40602 3.23317 3.21842 6.16908 3.12637 2.86467 2.57332 2.50479 3.62844 3.24863 2.3512 2.33087 2.17353 2.02922 1.80733 1.56749 1.19992
threshold=0.23702514713750669 0.96922996002524731 0.16747422680412374 0.90360824742268053 0.69229960025247228 -0.91030812610441336 0.89345360824742281 0.3334642511865214 0.41218156252789206 0.92820324005891031 0.67677334028707625 11.500000000000002 0.055773195876288664 0.98484536082474239 0.21620180058925562 87.500000000000014 0.025309278350515465 3.0730046321185647 -0.49339098677619425 0.37382295789682435 0.5301316978787568 0.37871431583948995 0.020101010101010106 0.12852016885971584 0.010050505050505053 0.27136363636363642
decision_type=8 2 2 10 10 8 8 2 10 10 10 10 10 2 8 8 2 10 2 2 10 10 2 10 8 2
left_child=7 2 15 23 22 6 -6 10 -5 11 16 12 -9 -13 -11 20 18 -18 -1 -16 -2 -17 -3 -4 -24 -7
right_child=1 4 3 8 5 25 -8 9 -10 14 -12 13 -14 -15 19 21 17 -19 -20 -21 -22 -23 24 -25 -26 -27
leaf_value=-0.003595729315141264 0.00055254215821932007 0.028563663069907586 -0.010041858538636716 -0.00036470203256699587 0.032745625701710863 0.035549773938227641 -0.041190350415734628 0.027342625735123388 0.027419676280292505 0.049925591165997332 -0.026845143091690272 -0.0008725012727384034 0.0025419924588927952 0.020957892724095602 -0.013634800500684994 -0.0030764215289884244 0.0018843609669667385 0.01605620058801523 0.032482243318651682 0.0096216673072409258 0.013909968135287507 -0.029820053802826974 -0.05937585482819565 -0.0050798698652740277 -0.0011833453310077897 0.016532337164679427
leaf_weight=2.9391573704779139 111.62951008230448 2.1118393363431123 215.54808917548507 23.135594478342686 1.9428987884894011 9.6353218564763683 2.2864333093166351 11.837217597290872 4.8042065268382421 1.5161317996680725 2.0138503387570372 179.55450617149472 38.021334493998438 6.1049214387312523 4.158381897956132 7.6506467694416624 31.072474976535887 34.107290314510465 9.5281167495995742 66.141982635483146 13.141670232638715 4.2568836575374007 0.42894117534160336 95.261528219096363 14.472667372319847 4.3269255859777322
leaf_count=24 2532 25 11878 825 18 81 41 159 97 5 29 3226 591 51 38 202 410 312 63 605 229 147 3 4942 376 47
internal_value=-0.000146888 -0.00397524 -0.00511355 -0.00745426 0.0113972 0.0210817 -0.00722515 0.00490454 0.00441278 0.00340667 0.0106834 0.0016627 0.00843006 -0.000154666 0.00912591 0.000687767 0.0116567 0.00930021 0.0239769 0.00824601 0.00195943 -0.0126371 0.00104194 -0.00852103 -0.00285841 0.0296562
internal_weight=897.629 510.633 475.428 338.749 35.205 18.1916 4.22933 386.995 27.9398 307.334 79.6609 235.518 49.8586 185.659 71.8165 136.679 77.647 65.1798 12.4673 70.3004 124.771 11.9075 17.0134 310.81 14.9016 13.9622
internal_count=26956 21443 20852 17742 591 187 59 5513 922 4675 838 4027 750 3277 648 3110 809 722 87 643 2761 349 404 16820 379 128
is_linear=0
shrinkage=0.03


Tree=21
num_leaves=30
num_cat=0
split_feature=15 8 9 4 22 21 5 9 11 22 11 17 25 7 21 12 25 17 11 17 3 9 11 18 11 19 11 11 24
split_gain=18.5184 8.02315 4.96198 3.77998 3.89545 3.66682 3.61457 3.58807 3.24689 3.47306 3.26087 3.22099 3.01867 2.9201 2.87313 3.17134 2.83828 2.80426 2.76607 2.7141 2.65105 4.2987 1.89425 1.52579 1.46104 1.44639 1.35201 1.10668 1.01214
threshold=0.24278267842822779 0.96453608247422695 0.56061224489795924 0.020513359983168528 -0.034215578387739691 0.62161455346602579 0.85283505154639183 0.75383968020197778 0.51817452244665685 -0.0043368946687643468 0.84934748251490799 -0.18713337575931371 4.4117856292058333 0.9794866400168315 0.3783540900531131 -0.11368840152963498 4.4470912676236969 -0.020562000655997923 0.36922909099715367 1.8930216914738056 0.97469072164948456 0.96922996002524731 0.28232565336423404 0.3066239316239317 1.0000000180025095e-35 29.500000000000004 -0.20286792795947936 0.38326135654233445 4.5362405441284794
decision_type=8 2 8 2 2 2 2 10 8 2 10 8 10 10 2 10 10 10 10 8 2 10 10 8 8 8 8 10 10
left_child=3 7 26 13 6 12 16 17 9 -6 -10 -8 -4 14 15 -1 -5 25 -19 -16 22 -22 -9 -15 -25 -2 -3 -28 -7
right_child=1 2 5 4 8 28 11 20 10 -11 -12 -13 -14 23 19 -17 -18 18 -20 -21 21 -23 -24 24 -26 -27 27 -29 -30
leaf_value=0.035642231671331827 -0.0046371570617913761 -0.050373076566410151 0.033023917648413864 -0.013145021157454981 -0.0038374783808859904 -0.022509593546724084 -0.0032047523741214816 -0.0031559381920184607 0.015750772101985611 0.0037453660207028118 -0.0047813834473261355 0.028732697989011746 0.0054356935105415094 0.010742201564964558 0.010416011242242739 9.1097076180529697e-05 0.014278785568008882 -0.0040260966256295922 0.012361292565893623 -0.01839174355853368 0.025360384332198425 -0.021647421381490208 0.0092045789070978254 0.018681676496942867 0.043898660619902483 -0.0098072982089911463 -0.00037861660140857525 -0.038086296038618364 0.019272893928700126
leaf_weight=5.2156753316521645 69.515605080407113 0.59176474716514349 12.168083992786711 6.0404538726434094 72.965282930061221 2.0990907233208413 3.5169874378480017 86.199381561949849 30.182831987738609 213.20821648091078 9.0485927229747158 14.809442123398187 5.0513405231758943 4.0347136035561535 6.8085410799831152 3.9827151261270064 7.7601677747443318 121.2504102177918 10.037568770349024 5.1848767772316915 7.70246708486229 2.2658553244546056 12.817767889704553 3.6007721312344083 4.8573092035949221 162.63233095780015 8.2821812708862108 0.76521892566233951 0.69440065138041962
leaf_count=40 3194 23 160 142 1242 80 47 3273 283 3343 99 134 94 26 70 37 93 5505 214 64 80 36 277 20 24 8086 348 22 25
internal_value=-8.26963e-05 -0.00389556 0.0112417 0.0048106 0.00390546 0.0197587 0.0138714 -0.00484567 0.00292152 0.00181198 0.0110151 0.0226036 0.0249309 0.0144179 0.00763597 0.0202493 0.00227554 -0.00627738 -0.00277321 -0.00203787 -7.12954e-05 0.0146752 -0.00155587 0.0259221 0.0331633 -0.00825912 -0.00644134 -0.00356789 -0.0121234
internal_weight=893.29 502.073 29.6521 391.217 357.532 20.0129 32.1271 472.421 325.405 286.173 39.2314 18.3264 17.2194 33.6846 21.1918 9.19839 13.8006 363.436 131.288 11.9934 108.985 9.96832 99.0171 12.4928 8.45808 232.148 9.63916 9.0474 2.79349
internal_count=27081 21417 752 5664 5383 359 416 20665 4967 4585 382 181 254 281 211 77 235 16999 5719 134 3666 116 3550 70 44 11280 393 370 105
is_linear=0
shrinkage=0.03


Tree=22
num_leaves=32
num_cat=0
split_feature=15 9 1 0 15 24 5 24 10 26 10 19 20 22 9 22 1 1 21 12 22 10 4 1 21 24 23 22 7 15 12
split_gain=16.3711 5.79014 5.19077 4.43585 4.12558 3.9925 4.98348 4.11103 4.07773 3.75614 3.20511 3.20406 3.15622 4.22653 3.5526 3.14571 3.03689 2.83921 2.77752 2.89419 2.59345 2.14058 3.59147 2.00986 3.22743 2.1957 1.97493 1.94289 1.78408 1.58741 0.84168
threshold=0.23122159850307408 0.9076898800757417 0.093686602792317372 0.56679315351952886 0.44448247535596935 4.0239563869804345 0.87314432989690738 7.9144045795471323 0.086237113402061874 -0.38773101908604946 0.13701030927835053 29.500000000000004 0.52258374438982991 0.010009930971013993 0.27917525773195884 -0.026435290874880377 -0.18012061195356868 0.21094598467243966 0.55937520646893801 0.25607100376302255 -0.00042696741529390229 0.8256364401430677 0.74113402061855682 -0.1287130619005607 0.5698130961525153 3.0438317572195883 1.4757999088259985 0.011741680220069101 0.80206185567010324 0.34300202839756599 0.43668300508657004
decision_type=8 10 2 2 8 10 2 10 2 10 2 8 8 2 8 2 2 2 2 10 2 2 2 2 2 8 2 2 8 10 8
left_child=2 10 5 16 30 6 8 9 -1 -7 23 -9 13 17 -15 -8 29 -4 19 -12 -20 26 -23 25 -25 -2 -14 -6 -18 -3 -5
right_child=1 3 12 4 27 7 15 11 -10 -11 18 -13 21 14 -16 -17 28 -19 20 -21 -22 22 -24 24 -26 -27 -28 -29 -30 -31 -32
leaf_value=0.0050645721265384419 -0.017888373288954536 -0.049138562780015028 0.0072610962316032182 0.040312001310783281 -0.016870968303389924 0.0029322265730254717 0.01647564246512476 -0.02657700158509943 -0.0079475498842127498 0.020734625724081066 -0.0050991529710822164 0.0043042453795667573 0.02200192454791268 0.032316970025405768 0.0085073214863880687 0.0027302822316199421 -0.0061511572162531525 -0.0094172080297575417 -0.0039434955887747919 0.0044135111783933393 -0.010437228392867216 -0.018462352129231471 0.021964808800273131 -0.0021007244970414713 0.012358099844176098 0.014597412288842824 0.00062883570949549849 0.020810452272500866 0.0077798577534338225 -0.0062824500204954727 0.021267130149774612
leaf_weight=30.626287279650569 8.4104955885559303 1.5615729978308075 18.923858518712223 5.3243513125926221 2.9552152613177904 17.45688397064805 18.123234633356333 4.1957862786948663 74.163153782486916 27.42253340780735 107.18868902511895 10.825383899733422 32.026286581531167 7.4143805475905564 23.567884259857237 86.529183919541538 12.500029447488485 17.852152265608311 92.534287097863853 39.35291975364089 137.75182888656855 3.8708466468378893 4.0438810214400291 36.441510776989162 22.456159239634871 2.4088320415467015 4.4291030848398796 2.111351459287107 24.469414886087179 1.549948113504797 3.4364575226791203
leaf_count=365 174 28 241 32 51 221 177 67 1911 284 5294 169 270 56 249 1078 446 178 4827 1375 7369 51 39 792 421 34 45 32 604 42 40
internal_value=9.66629e-06 -0.0035589 0.00469128 0.00572838 0.0203798 0.00243334 0.000480012 0.00926313 -0.00414456 0.01381 -0.00468009 -0.00432165 0.010115 0.00604207 0.0142052 0.00511064 0.000673836 -0.000835041 -0.00577331 -0.00254458 -0.0078279 0.0163349 0.00219314 0.00122889 0.00341205 -0.0106557 0.0194052 -0.00116828 0.00306953 -0.0277906 0.0328416
internal_weight=881.924 500.453 381.471 53.9083 13.8274 269.342 209.442 59.9006 104.789 44.8794 446.545 15.0212 112.128 67.7583 30.9823 104.652 40.081 36.776 376.828 146.542 230.286 44.3701 7.91473 69.717 58.8977 10.8193 36.4554 5.06657 36.9694 3.11152 8.76081
internal_count=26962 21561 5401 1275 155 4272 3531 741 2276 505 20286 236 1129 724 305 1255 1120 419 18865 6669 12196 405 90 1421 1213 208 315 83 1050 70 72
is_linear=0
shrinkage=0.03


Tree=23
num_leaves=28
num_cat=0
split_feature=15 1 10 6 6 19 23 18 4 8 18 5 6 2 19 8 18 11 8 1 2 5 19 21 13 14 21
split_gain=14.5604 6.53526 5.66181 5.42336 5.38848 4.54508 4.16948 3.81691 3.7791 5.79607 3.34419 3.0643 2.65286 2.97576 2.62797 2.62727 2.57793 2.49363 2.30906 1.90564 1.9145 1.87287 1.76158 0.962044 0.966493 0.927776 0.737663
threshold=0.41476172026346386 0.10511025408932283 0.13701030927835053 0.1743635598569325 0.22111111111111112 10.500000000000002 -1.2852997813306131 0.16472868217054268 0.87314432989690738 0.051283399957921319 0.88603896103896107 0.051283399957921319 0.75383968020197778 -0.077889088847829774 2.5000000000000004 0.96453608247422695 0.10990338164251208 0.28232565336423404 0.99500000000000011 -0.12426203681207135 0.056485080186607452 0.87314432989690738 102.50000000000001 0.56317068214136456 2.904581245205605 0.68457101658255237 0.2195298576603881
decision_type=8 2 2 2 2 10 2 8 2 2 8 2 2 2 10 2 8 10 2 2 2 2 10 2 10 10 2
left_child=1 4 15 18 14 10 12 -7 11 -10 -6 -8 13 -3 17 19 -16 -1 22 20 -2 -21 -4 26 -25 -14 -5
right_child=2 6 3 23 5 7 8 -9 9 -11 -12 -13 25 -15 16 -17 -18 -19 -20 21 -22 -23 -24 24 -26 -27 -28
leaf_value=-0.0026669128229508733 -0.016616076770700084 0.046071359952178197 -0.0002554186027556949 -0.021530687730953142 0.012637747852765911 0.0041916815598210359 -0.027375004496223414 -0.0055437534510024014 -0.030203412462921714 0.020139140445723791 -0.0032100940166562091 0.0047421590368537164 0.04422486971733075 0.006030981475392474 -0.011161977084470653 0.048090405957855131 0.008887714424383417 -0.048196532360568631 0.031356698919562054 0.0021121440742239983 0.01690046365400362 0.01563063561366836 -0.047166980857603319 -0.01021826900509919 0.021272766113544478 0.022898544287638725 -0.0053983566590946356
leaf_weight=6.6445561842992893 7.1403813101351243 2.0204631332308063 89.720072821713984 2.6373009132221332 32.442100064828992 47.621318281628191 2.7639238620176902 151.71484136488289 2.2303211204707649 26.68449488747865 19.003462196793407 81.828057119622827 4.5921021904796353 9.6441039787605405 6.108082713559269 1.1971530839800824 104.77672644611448 1.2933839317411182 2.0775135755538932 36.328734985552728 1.9534654254093764 12.36200533621013 0.72625050414353509 142.33933665417135 0.88257545698434015 3.0588445141911507 77.932425975799561
leaf_count=116 147 18 2300 161 571 880 39 4307 26 229 534 1080 28 104 88 7 1665 13 19 805 37 156 27 8956 20 29 4627
internal_value=3.87553e-05 0.00337825 -0.00443197 -0.00602311 0.00132717 -0.00116621 0.00908579 -0.00321796 0.00689314 0.016256 0.00678372 0.00369278 0.0219708 0.0129665 0.00658957 0.00410124 0.00778328 -0.0100854 8.61697e-05 0.0031899 -0.00941633 0.00554433 -0.000632101 -0.00854892 -0.0100242 0.0356986 -0.00592642
internal_weight=877.724 502.427 375.297 316.315 369.604 250.782 132.822 199.336 113.507 28.9148 51.4456 84.592 19.3155 11.6646 118.823 58.9817 110.885 7.93794 92.5238 57.7846 9.09385 48.6907 90.4463 223.792 143.222 7.65095 80.5697
internal_count=26989 9727 17262 16110 8174 6292 1553 5187 1374 255 1105 1119 179 122 1882 1152 1753 129 2346 1145 184 961 2327 13764 8976 57 4788
is_linear=0
shrinkage=0.03


Tree=24
num_leaves=31
num_cat=0
split_feature=15 6 1 10 21 9 8 21 17 10 5 9 16 25 13 25 8 22 9 19 9 9 20 25 10 7 19 9 10 7
split_gain=15.0054 6.38614 6.02106 5.53248 3.93881 3.79133 3.97156 3.78785 3.49504 3.25621 3.71335 5.74265 3.83453 3.55454 4.30249 3.19331 3.12746 2.91973 2.89528 2.78074 2.19097 3.00704 2.65593 2.18806 2.0515 1.84421 1.73003 1.4326 1.36025 1.34329
threshold=0.24117158288325721 0.12685567010309282 0.10511025408932283 0.070353535353535376 0.44626557900919578 0.94422680412371141 0.94422680412371141 0.43421449139251495 1.56784818963538 0.13701030927835053 0.99500000000000011 0.98974332000841592 0.98449160962081594 4.4117856292058333 0.33428889728136929 7.6940517128774841 0.64974226804123725 0.0039414735389291149 0.9794866400168315 23.500000000000004 0.93407216494845369 0.90360824742268053 0.47787827722921411 6.065266814677007 0.21824742268041239 0.010256679991584264 4.5000000000000009 0.72306964022722509 0.14359351988217969 0.76144329896907226
decision_type=8 2 2 2 2 10 2 2 10 2 2 8 8 10 8 8 2 2 10 10 8 8 8 10 2 10 10 10 2 8
left_child=2 16 9 15 7 28 -7 19 17 10 11 -1 -12 25 -15 18 20 -6 -3 -4 21 -2 -22 24 -18 -11 -25 -17 -5 -10
right_child=1 3 4 5 8 6 -8 -9 29 13 12 -13 -14 14 -16 27 23 -19 -20 -21 22 -23 -24 26 -26 -27 -28 -29 -30 -31
leaf_value=0.0032094214631581794 -0.00079908274416531217 0.0051739078195126142 0.026530795944270921 -0.002016613911411468 -0.0054806791503204874 -0.00064603098969746213 0.034219393703883778 0.046347456588619877 0.011190306740203602 0.00059905153010414078 0.019070630416500266 0.018273398593093751 -0.018327022792472104 0.011683477559602772 -0.0037535310674679002 0.01014150179586981 -0.0033851301655153107 0.008445922311730988 -0.03767736131259973 0.0096020691374254057 -0.0057285814469459524 0.028539170516286159 -0.037899551727535813 0.029685195669857098 0.014208472460721917 -0.0095543713098001273 -0.0091637272568253145 0.044980390222515397 -0.0081438103783372361 0.03936551879698244
leaf_weight=95.726534623652697 52.331627967767417 24.491648681461818 12.174273841083048 36.887643401976675 22.087260700762272 13.226690391544254 3.7810164447873822 3.6178918927907935 2.7428255639970294 24.749556465540081 3.2183060944080326 29.886770602315664 10.577824093401432 31.446737132035196 33.623438102658838 1.8252886179834593 7.2478953525423995 35.046765368431807 1.5063535925000895 30.892613051459193 11.597009682096537 3.3452078979462376 2.883898970670999 1.1691483352333296 33.697865030728281 46.068461641669273 8.7731741089373809 2.541229747235775 281.13724830141291 3.4241380505263805
leaf_count=1109 1269 407 92 900 274 441 44 21 29 593 28 278 102 588 568 30 99 368 25 262 289 47 102 22 459 1245 203 23 17057 26
internal_value=-0.000102463 -0.00360537 0.00432016 -0.00558378 0.0102535 -0.0066951 0.00710497 0.0168643 0.00537804 0.0019497 0.00517092 0.00679355 -0.00960305 -0.001355 0.00370678 0.00667815 0.0023668 0.00306208 0.00269106 0.0143875 -0.00174009 0.000963635 -0.0121355 0.00802883 0.0110942 -0.00600594 -0.00459536 0.0304171 -0.00743312 0.0268343
internal_weight=871.726 486.443 385.283 365.397 109.986 335.033 17.0077 46.6848 63.301 275.298 139.409 125.613 13.7961 135.888 65.0702 30.3645 121.046 57.134 25.998 43.0669 70.1577 55.6768 14.4809 50.8881 40.9458 70.818 9.94232 4.36652 318.025 6.16696
internal_count=27000 21417 5583 18927 1072 18442 485 375 697 4511 1517 1387 130 2994 1156 485 2490 642 432 354 1707 1316 391 783 558 1838 225 53 17957 55
is_linear=0
shrinkage=0.03


Tree=25
num_leaves=29
num_cat=0
split_feature=7 11 10 22 22 8 7 10 24 10 22 20 18 3 23 9 2 22 5 18 14 24 10 9 5 17 23 24
split_gain=13.9632 9.38672 8.33992 4.40476 5.15785 4.3056 3.81988 3.63174 4.46545 4.38385 4.51264 4.12279 2.91986 2.88361 2.93619 2.92002 4.30501 3.9222 3.62494 2.37712 2.23463 1.95468 1.8723 2.63798 1.6413 1.482 1.21848 0.58781
threshold=0.917946560067326 0.34002626296415178 0.13701030927835053 0.0057836556745429818 -0.034215578387739691 0.9794866400168315 0.87314432989690738 0.67005154639175268 3.6498992283890219 0.64142857142857157 0.018562068077919398 0.52607278847499372 0.10990338164251208 0.8666631601094047 -1.8876694359652568 0.90360824742268053 -0.12014056894566726 0.044171625176001691 0.94871660004207881 0.82426470588235301 0.92727005583308852 0.65159518228918512 0.045618556701030939 0.86298969072164955 0.95897328003366311 -0.33611007556867895 -0.50376459417665143 4.6418918810644305
decision_type=10 10 2 2 2 2 10 2 10 2 2 8 10 2 2 10 2 2 2 10 10 8 2 8 2 10 2 10
left_child=1 2 3 4 -1 12 -5 9 19 10 -3 -10 -4 15 -15 16 25 -18 21 -9 -7 -17 24 -24 -16 -2 -20 -11
right_child=13 7 5 6 -6 20 -8 8 11 27 -12 -13 -14 14 22 18 17 -19 26 -21 -22 -23 23 -25 -26 -27 -28 -29
leaf_value=0.012403329011282034 -0.053864736065750804 0.01508402009323827 -0.0082954234028597036 0.0089817752654492156 -0.0050931255386846537 0.0060434034694206613 -0.014783491747784729 -0.011557121431641736 -0.0010840675179320531 0.028051349384446454 -0.0055873141614889788 0.027629308161405977 -0.0033063311953759429 -0.015906503117589 0.039304671476377326 -0.015193571183393758 0.0063605235867202183 -0.028599980873440681 0.014529044268699652 0.016310342910431857 0.037925558442011356 0.011951272308998536 0.0049113645822933009 0.021487402902584121 0.012208373092689814 -0.010025876153462593 0.037164842829373844 0.048391173153382823
leaf_weight=18.739236150868237 1.5124803856015208 37.223354572430253 176.14606631547213 87.510148514993489 79.478128615301102 12.75304156122729 6.5421017017215481 20.450163523200903 9.8893515146337467 2.3962800223380318 12.763752363622187 8.2592458166182023 263.51733479602262 2.532686546444892 5.673032093793152 3.2703232690691966 51.961253056768328 3.058104431256651 3.2610689997673035 3.1837392542511216 2.3419117815792552 8.8441642653197032 15.399533591233192 19.687685372773558 3.1175489313900471 1.2825196050107468 6.2272966392338258 2.7419673204421997
leaf_count=248 27 447 9973 1203 1357 351 97 526 132 36 208 61 10619 31 35 62 796 50 27 50 22 116 214 194 24 22 41 12
internal_value=0.000317804 -0.00124546 -0.00254962 0.00268851 -0.00175492 -0.00476427 0.00732871 0.00746202 0.000791225 0.0125182 0.00980578 0.0119831 -0.00530515 0.00956037 0.0155013 0.00608859 0.00257222 0.00441734 0.0154992 -0.00780308 0.0109898 0.00462348 0.0173142 0.0142123 0.0296951 -0.0337487 0.0293851 0.0389055
internal_weight=869.764 743.936 647.028 192.27 98.2174 454.758 94.0523 96.9079 41.7825 55.1254 49.9871 18.1486 439.663 125.828 46.4105 79.4172 57.8144 55.0194 21.6029 23.6339 15.095 12.1145 43.8778 35.0872 8.79058 2.795 9.48837 5.13825
internal_count=26981 25342 23870 2905 1605 20965 1300 1472 769 703 655 193 20592 1639 498 1141 895 846 246 576 373 178 467 408 59 49 68 48
is_linear=0
shrinkage=0.03


Tree=26
num_leaves=32
num_cat=0
split_feature=15 6 10 25 11 7 6 5 19 21 19 13 22 3 21 0 2 13 19 8 6 22 24 25 17 6 4 8 17 15 19
split_gain=13.2536 7.50605 9.75042 3.26963 3.02012 3.00939 6.89506 5.77322 4.38113 3.72483 3.01075 2.91113 2.97806 2.84987 3.65057 2.76974 2.70636 3.31506 2.89597 2.64369 2.7551 2.47579 3.77759 3.77265 2.31979 1.95884 1.92912 1.77215 2.93275 2.80979 1.33389
threshold=0.20231407169609419 0.12308015989901117 0.13333683989059544 4.4117856292058333 0.34002626296415178 0.99500000000000011 0.46428199520983032 0.95897328003366311 81.500000000000014 0.64642312401302415 2.5000000000000004 0.35645721374559708 0.0035457783343905117 0.99500000000000011 0.5974517531445166 0.074530473068604289 -0.0013263277747911654 -0.74205270622138642 29.500000000000004 0.96453608247422695 0.35202540872643967 0.012171271662557855 3.0438317572195883 7.3439371693988393 2.0451042853736374 0.42134020618556706 0.28141414141414151 0.63958762886597953 -0.15681856379970036 0.27012557832121614 29.500000000000004
decision_type=8 2 2 8 10 8 2 2 10 2 8 10 2 2 2 2 2 8 8 2 2 2 8 10 8 2 2 2 10 8 8
left_child=3 4 13 5 27 7 25 10 -9 -8 -1 26 -13 15 -15 -3 21 24 -19 30 -21 23 -23 -5 -18 -7 -6 29 -29 -2 -4
right_child=1 2 19 16 11 6 9 8 -10 -11 -12 12 -14 14 -16 -17 17 18 -20 20 -22 22 -24 -25 -26 -27 -28 28 -30 -31 -32
leaf_value=-0.044448909903579907 0.022298927318620397 5.1969622007144518e-05 -0.0051294747678557349 0.0021767533314392207 0.036070350120414187 0.0058582715494768138 -0.020992009570604504 0.021023085976220757 -0.023265333750338565 0.0082354267267529396 0.00043095372770845099 -0.031674066209736479 0.0098256381311064931 -0.0018895268932760116 0.042725099346939355 0.016153378593490246 -0.025432424787826514 0.018636178283106323 0.0078651002873049471 0.017044439158030923 -0.0069254168408488985 0.021112176448837998 0.0017789065121889222 -0.021934241187023622 0.021935271298634679 0.039023590083533601 0.013422529151056357 -0.0010853743443317745 0.01535865116346391 -0.0038746686607352026 -0.0094600563245242821
leaf_weight=1.372741646133363 3.9486769195646039 60.565136071294546 92.885297117289156 54.793989208526909 4.7152745649218621 14.322413742542269 20.776370371691886 21.113992631435398 2.221772411838173 4.838212745729833 67.263876367826015 2.2415564358234397 5.0905730668455362 2.9506728686392298 3.7463757023215294 11.429630303755401 3.7489551091566682 33.320643486455083 68.960281883832067 7.8745597042143372 9.5491020474582893 14.932769725099204 23.270577846094966 6.5374540891498318 1.2377393543720243 1.8047383176162828 11.9975722245872 22.729243951849639 17.108399460092187 56.652765286155045 205.93718784721568
leaf_count=24 48 1247 5222 739 37 240 331 187 39 81 1163 34 51 36 19 158 66 360 846 146 490 150 286 107 16 20 113 440 252 1524 12479
internal_value=-6.00234e-05 -0.00307555 -0.00510025 0.00453985 0.00334799 0.000883981 -0.00579662 0.00391598 0.0168064 -0.0154714 -0.00046665 0.0128983 -0.00286153 0.00434942 0.0230682 0.00260817 0.00690365 0.0102095 0.0113741 -0.00745161 0.00390767 0.00334093 0.00933582 -0.000393291 -0.0136754 0.0095697 0.0198123 0.00106167 0.00597656 -0.00216925 -0.00811395
internal_weight=859.939 519.422 394.938 340.517 124.484 133.714 41.7417 91.9724 23.3358 25.6146 68.6366 24.045 7.33213 78.6918 6.69705 71.9948 206.802 107.268 102.281 316.246 17.4237 99.5348 38.2033 61.3314 4.98669 16.1272 16.7128 100.439 39.8376 60.6014 298.822
internal_count=26951 22296 19797 4655 2499 2085 672 1413 226 412 1187 235 85 1460 55 1405 2570 1288 1206 18337 636 1282 436 846 82 260 150 2264 692 1572 17701
is_linear=0
shrinkage=0.03


Tree=27
num_leaves=29
num_cat=0
split_feature=10 11 6 7 10 3 22 22 20 21 23 20 19 20 3 12 19 15 5 25 15 3 9 11 21 12 22 21
split_gain=11.7566 10.0175 4.7191 4.07899 3.85441 6.78209 3.6305 4.16755 4.23431 3.42011 3.15909 3.12486 3.13947 2.73819 2.82161 2.81763 2.59318 2.89459 2.51445 2.48621 2.4683 2.42493 2.40562 2.71891 2.34456 1.53324 1.3646 1.1836
threshold=0.13701030927835053 0.33062291593932619 0.22111111111111112 0.917946560067326 0.69036082474226812 0.41118556701030934 0.0029527222497090942 -0.029105906400366553 0.48880482522453977 0.2195298576603881 -0.78434475968806427 0.4119899477261052 59.500000000000007 0.37715941649859991 0.99500000000000011 0.7909076677899366 17.500000000000004 0.14689734422880493 0.917946560067326 2.6479321746135844 0.20231407169609419 0.15731958762886603 0.90360824742268053 -0.18679727091370243 0.38227637092144479 0.0061015226593878697 -0.034215578387739691 0.56317068214136456
decision_type=2 10 2 10 2 2 2 2 10 2 2 10 8 8 2 10 10 10 2 8 8 2 10 8 2 8 2 2
left_child=3 2 22 6 11 26 7 8 -1 -5 -7 18 -13 14 -8 -15 17 -11 -3 -9 24 -18 25 -24 -4 -2 -6 -22
right_child=1 4 20 9 5 10 13 19 -10 16 -12 12 -14 15 -16 -17 21 -19 -20 -21 27 -23 23 -25 -26 -27 -28 -29
leaf_value=0.018100683601750156 0.0037962353416035755 -0.0040638449903828986 0.010426081756837938 0.045970702197611651 -0.055534061661508517 0.022248302649361121 -0.0030941946797141372 -0.018683480405150946 -0.012150515659047749 0.023689306317087273 0.0011379442385508736 0.009776868517064061 0.027545326221037593 0.010909343500616592 0.032500589427349624 -0.017496848781095815 -0.0048251072157246642 -0.0064951796742673705 0.017183307361352922 -0.0027057869829582746 -0.005018902747902499 0.010760167766246343 0.047356960887099973 0.0061655312969896639 -0.0040801963898356858 -0.0033247401072464245 -0.01628586643921524 -0.0093632368086290097
leaf_weight=15.589588994625958 35.963005644734949 17.860375853721056 12.676586573012171 2.522405505180358 0.85023264912888485 8.3930643196217698 29.746246585622433 10.453068128786979 5.6820663940161458 17.988959927111868 26.59840604942292 28.531896251719445 13.039578313939272 75.379528629593551 2.1491317413747302 3.2794001642614594 12.813667353242634 3.3996890056878319 6.9687486989423624 54.276357882656157 87.954181486275047 30.069623557850718 1.5542512470856307 20.003461509011689 47.983829623088241 111.84507813677192 12.799915589392182 157.53335082018748
leaf_count=194 965 328 250 10 15 114 525 166 86 126 411 301 132 952 14 41 133 48 80 941 5402 265 13 347 1275 3277 344 10257
internal_value=2.77001e-05 -0.00232297 -0.00424481 0.00529904 0.00562073 -0.000795114 0.00312254 -0.00150019 0.01002 0.0117038 0.00620148 0.0103206 0.0153502 0.00671859 -0.000695795 0.00972505 0.010359 0.0188915 0.00189956 -0.005286 -0.0064677 0.00610324 -0.0002267 0.00913532 -0.00104873 -0.00159214 -0.0187305 -0.00780673
internal_weight=853.906 590.556 475.514 263.35 115.042 48.6416 196.555 86.0011 21.2717 66.7943 34.9915 66.4006 41.5715 110.554 31.8954 78.6589 64.2719 21.3886 24.8291 64.7294 306.148 42.8833 169.366 21.5577 60.6604 147.808 13.6501 245.488
internal_count=27012 23511 21786 3501 1725 884 2919 1387 280 582 525 841 433 1532 539 993 572 174 408 1107 17184 398 4602 360 1525 4242 359 15659
is_linear=0
shrinkage=0.03


Tree=28
num_leaves=28
num_cat=0
split_feature=5 1 6 22 22 25 11 1 10 11 10 14 21 22 12 19 24 24 11 9 0 1 22 24 19 5 6
split_gain=13.221 7.38807 5.51524 4.11059 5.50716 4.05603 4.5663 4.70957 3.70109 4.52498 3.22642 3.00538 2.92568 2.92125 2.87155 2.80853 2.67903 2.52084 2.31262 2.30124 2.29804 2.11045 1.88893 3.04983 1.51322 1.40909 1.39625
threshold=0.87314432989690738 0.093686602792317372 0.24121212121212124 -0.020132422886541396 -0.016814676139451954 1.6131761841722139 -0.24352293568948011 -0.1975904492508592 0.086237113402061874 -0.1760041135816017 0.45180412371134027 0.023952954675846246 0.61814559315136974 -0.014695545142929119 -0.55447383871701417 17.500000000000004 1.1406056945088305 5.8849488278853963 0.31600528376412212 0.66163265306122454 -0.37584074224747821 -0.40134086929052831 0.070253435957887883 -1.4976846874274437 60.500000000000007 0.92391752577319608 0.50757731958762897
decision_type=2 2 2 2 2 10 8 2 2 10 2 8 2 2 8 10 8 10 10 8 2 2 2 8 8 2 2
left_child=1 2 12 5 18 25 7 -7 9 -4 22 -12 13 -1 -14 19 -13 -8 24 -6 -17 -10 23 -3 -5 -2 -27
right_child=3 10 8 4 15 6 17 -9 21 -11 11 16 14 -15 -16 20 -18 -19 -20 -21 -22 -23 -24 -25 -26 26 -28
leaf_value=0.014860016737948159 0.0086746325136542977 -0.0048079425062713954 -0.0079916559783220955 -0.029557454358926708 0.0012210814536567755 0.023464435510751322 0.020955780041676548 -0.019357751548510171 -0.035697927967325821 0.011609916129106885 -0.046181708485662026 -0.0090785833989001311 -0.057051080078856474 0.0011544319048629921 -0.0044983610240541989 0.0099517637494110217 0.0042977561239990348 -0.018582001813226237 -0.062369580019777354 0.014024999495485658 0.0004428405926373306 -0.0073546610323306054 0.036961668195081329 0.013296594522809058 0.0078781246252553321 0.016808464249419376 0.043004448234126691
leaf_weight=16.418722835835069 2.2223640461452296 11.038136270828543 20.967986141331494 2.538807181641459 17.843053585849702 3.2978310063481331 17.557683534920223 7.7280901316553336 2.3848193474113932 21.434406876564026 1.23197910375893 17.769133851863444 0.95341529045253992 94.867607595864683 50.554411103948951 29.28341097664088 55.768429842311889 1.5820944597944606 1.2126907184720037 43.268995051272213 104.50137178273872 275.91956490743905 2.2704822085797778 34.699023039080203 1.5744600347243243 2.5822034180164319 6.2963798716664314
leaf_count=297 37 267 347 46 319 26 243 117 72 326 20 784 10 2373 1779 281 1201 21 18 527 1824 15264 27 572 35 29 49
internal_value=-2.34965e-05 -0.00238794 -0.00405677 0.00591262 0.00413571 0.0145341 0.00882856 -0.00654972 -0.00633958 0.00191694 0.00418396 0.000287091 0.000440405 0.0031765 -0.00547112 0.00495818 0.00106559 0.0176876 -0.0259619 0.0102866 0.0025242 -0.00759754 0.0102531 0.00892727 -0.015228 0.0300383 0.0353857
internal_weight=847.768 606.278 483.501 241.489 200.223 41.2666 30.1657 11.0259 320.707 42.4024 122.777 74.7695 162.794 111.286 51.5078 194.897 73.5376 19.1398 5.32596 61.112 133.785 278.304 48.0076 45.7372 4.11327 11.1009 8.87858
internal_count=26911 23339 20468 3572 3050 522 407 143 16009 673 2871 2005 4459 2670 1789 2951 1985 264 99 846 2105 15336 866 839 81 115 78
is_linear=0
shrinkage=0.03


Tree=29
num_leaves=30
num_cat=0
split_feature=15 8 9 11 11 12 5 16 22 4 22 3 0 9 0 14 1 25 11 13 9 12 20 20 20 13 10 9 13
split_gain=12.1669 6.06649 6.21591 4.78383 3.70236 2.99639 2.80603 2.76053 2.72128 4.89947 3.4933 3.14565 2.77422 2.58804 2.94229 2.39522 2.37097 2.72307 2.2928 2.15157 1.97955 1.92881 1.74035 1.66283 1.65121 1.65625 1.18515 1.04784 0.646438
threshold=0.22940036006093342 0.96453608247422695 0.71281296023564078 0.41237456148485313 0.51817452244665685 1.2553515516963967 0.87314432989690738 0.80995198748693276 -0.024166683809663973 0.96453608247422695 -0.0043368946687643468 0.020101010101010106 0.61529809784205503 0.98484536082474239 0.2387230145089542 0.46763720150816929 0.67989180850183506 5.5757681729608359 -0.68725332801717964 0.75724994858948758 0.88329896907216499 0.095680235494380109 1.0000000180025095e-35 0.54713628123136437 0.2797357685953904 -1.1615736589552075 0.46428199520983032 0.94871660004207881 -0.60003317177700455
decision_type=8 2 8 10 8 10 2 10 2 2 2 2 2 8 2 10 2 8 10 10 8 10 10 8 8 8 2 8 8
left_child=4 3 24 6 8 16 22 26 9 12 11 -10 -1 15 -15 -5 20 -18 -12 -8 -6 -9 -2 -11 28 -26 -4 -7 -3
right_child=1 2 7 13 5 27 19 21 10 23 18 -13 -14 14 -16 -17 17 -19 -20 -21 -22 -23 -24 -25 25 -27 -28 -29 -30
leaf_value=0.0091188145749372101 -0.015870524969916946 0.048645421578904467 0.035763677072975897 0.018719107678166261 0.023156664394240495 -0.029660248912472584 0.0003675140344427864 0.025390427181855222 0.014529300668090835 -0.0070960201114652639 0.017879775999443629 -0.0069056316316691083 0.02962482699013463 0.04021040548187408 -0.024052986191522269 -0.0028984606756189213 -0.021060816256956542 0.014521693252562053 0.002937416156816669 0.026914534046765571 0.0080910062076170446 -0.013895286053289361 -0.0053477406172390829 -0.049853285347323972 -0.05565686948822187 -0.0090089353377956257 0.017593804898732423 0.0024940968705605632 0.0078387458450789906
leaf_weight=31.858807445503771 14.7252852441743 0.47753517888486385 7.5586883723735827 15.716479986440396 21.805292874574661 1.8775773476809257 43.858720934018493 1.8349609756842244 6.9436725396662942 1.9872218146920198 9.6833085375837964 54.72300807852298 7.2978918459266415 0.77805769629776378 3.6456904076039791 6.529298558831214 3.3451925888657561 4.5938245337456465 202.8357815919444 2.9313305374234906 12.264037147164343 2.9061133144423366 359.2577644539997 1.392011724412441 0.74504328519105911 8.5026392461732012 5.6426552915945649 1.773887639865279 1.3019665037281818
leaf_count=446 753 10 95 220 186 29 1283 34 65 31 80 982 55 14 142 181 33 43 3163 59 121 55 18082 23 18 360 101 23 63
internal_value=-0.000101978 -0.00325317 0.0100512 -0.00411456 0.0040408 0.0120272 -0.00489552 0.0209454 0.00288946 0.0099496 0.00179418 -0.00449206 0.0129407 0.00820674 -0.0127502 0.0123742 0.014293 -0.00047139 0.00361826 0.00203065 0.0177334 0.00130965 -0.00576207 -0.0247091 -0.00767474 -0.0127671 0.0279973 -0.0140396 0.0187894
internal_weight=838.794 476.412 28.9696 447.443 362.382 45.6598 420.773 17.9424 316.722 42.5359 274.186 61.6667 39.1567 26.6695 4.42375 22.2458 42.0083 7.93902 212.519 46.7901 34.0693 4.74107 373.983 3.37923 11.0272 9.24768 13.2013 3.65146 1.7795
internal_count=26750 21470 736 20734 5280 435 20177 285 4845 555 4290 1047 501 557 156 401 383 76 3243 1342 307 89 18835 54 451 378 196 52 73
is_linear=0
shrinkage=0.03


Tree=30
num_leaves=30
num_cat=0
split_feature=15 8 5 6 7 1 20 24 10 7 21 16 6 9 12 20 0 19 19 20 6 13 13 19 12 5 20 8 1
split_gain=11.1087 6.09297 4.97615 4.7429 3.00548 4.45372 4.2626 3.71329 3.68152 3.64115 3.64299 3.54619 2.95323 2.6979 2.82452 3.38223 2.39673 2.35544 2.21771 2.17257 3.61369 2.71944 1.9642 1.94922 1.94898 1.5743 1.51895 1.50197 0.362587
threshold=0.10404971932638334 0.96453608247422695 0.77159793814432998 0.24121212121212124 0.93407216494845369 0.2744824080515143 0.37715941649859991 -3.5256349055151861 0.45180412371134027 0.080404040404040422 0.3857284166348624 1.0124180718485107 0.13701030927835053 0.94422680412371141 0.093136948428115388 0.26541899850132039 0.13174165857730005 53.500000000000007 28.500000000000004 0.40376100779739782 0.055773195876288664 -0.62179584173703151 -2.9094332113383188 44.500000000000007 -0.72239559166779832 0.8461498001262362 0.49401838077253235 0.60912371134020626 0.10511025408932283
decision_type=8 2 2 2 10 2 8 8 2 10 2 10 2 10 8 10 2 10 8 8 2 8 10 10 8 2 8 2 2
left_child=4 2 3 18 6 11 9 22 26 10 -1 17 -9 14 16 -16 -3 -6 -2 21 -21 -4 -8 -13 -5 28 -7 -11 -15
right_child=1 13 19 24 5 8 7 12 -10 27 -12 23 -14 25 15 -17 -18 -19 -20 20 -22 -23 -24 -25 -26 -27 -28 -29 -30
leaf_value=0.023883087721139343 0.0057242389499192661 -0.01098268131304495 -0.026828027519091805 -0.032466625240334744 0.025517011289719161 0.020417652058299322 0.041789995788082304 0.012181033516638405 -0.03824806602400186 -0.013271870687590103 -0.010034192464198094 -0.017643475958837314 0.002224053807826934 0.027143886600035617 0.025020091499895543 -0.0049262249734725767 0.025697379423333031 0.0084167279669978348 -0.0022934368936990391 0.022335047630724771 0.0028022480274379024 -0.0008847208090766649 0.0050140338426245918 0.013702071169562883 -0.0062065917555401409 0.01004774663886524 -0.010459076487211078 -0.038410063156008804 0.042947760248119575
leaf_weight=4.6336719654500502 45.922766698058695 1.9938754960894609 3.8521078345365822 2.5676474114879966 25.267390799708664 3.0062793195247632 3.9639826901257038 38.99331090785563 2.4468728825449944 6.3169818902388197 7.4044046374037862 3.707597739994525 85.798836447298527 3.0497549977153522 4.032798684667795 21.441127431578934 8.1835176749154908 10.16636282764375 95.866249363869429 9.3195305513218027 99.915068782866001 64.937378007452935 1.9500948078930376 3.4439825341105461 272.34189800778404 4.6596758365631104 2.7415823191404343 3.2343817194923759 2.2858377881348133
leaf_count=51 1221 62 85 55 177 23 34 407 27 118 128 34 1160 35 85 550 110 102 2942 109 2490 1862 22 27 14878 34 21 63 13
internal_value=0.000389903 -0.00154892 -0.00235963 -0.00415329 0.00650368 0.0128241 0.00439626 0.00643606 -0.00742933 -0.00795305 0.00302118 0.0167215 0.00533527 0.00901375 0.00515196 -0.000185398 0.0185113 0.0206107 0.000303336 0.00183876 0.00446872 -0.00233751 0.0296636 -0.00254842 -0.00645186 0.0227881 0.00569025 -0.0217844 0.0339145
internal_weight=843.445 640.369 594.723 416.699 203.076 50.7801 152.296 130.706 8.19473 21.5894 12.0381 42.5853 124.792 45.6466 35.6513 25.4739 10.1774 35.4338 141.789 178.024 109.235 68.7895 5.91408 7.15158 274.91 9.99527 5.74786 9.55136 5.33559
internal_count=26925 24531 23642 19096 2394 411 1983 1623 71 360 179 340 1567 889 807 635 172 279 4163 4546 2599 1947 56 61 14933 82 44 181 48
is_linear=0
shrinkage=0.03


Tree=31
num_leaves=30
num_cat=0
split_feature=5 11 3 0 4 11 8 8 6 26 7 12 6 9 26 17 9 17 3 9 20 10 8 4 4 19 9 7 1
split_gain=10.411 7.12933 4.94223 3.66997 4.1803 3.25731 3.87172 4.17388 4.1102 2.7124 2.65911 3.02648 2.6038 2.55474 2.45707 2.40517 2.20298 2.74282 2.18742 2.23567 2.11374 2.0472 1.97433 1.94835 1.61867 2.13492 1.27448 0.629715 0.532291
threshold=0.8256364401430677 0.4481855032171041 0.96922996002524731 -0.34135245660347929 0.99500000000000011 -0.68725332801717964 0.17762886597938146 0.24121212121212124 0.15075757575757578 3.5014901677012547 0.78460972017673059 0.82093998977895355 0.45180412371134027 0.9794866400168315 -1.302915384951129 -0.39390074069008879 0.020513359983168528 -0.15681856379970036 0.80512308015989908 0.94422680412371141 0.60569394568471113 0.80206185567010324 0.94422680412371141 0.061540079949505583 0.96922996002524731 11.500000000000002 0.65989690721649497 0.52020408163265319 -0.029227053599103124
decision_type=2 10 2 2 2 10 2 2 2 8 8 10 2 10 10 10 10 8 2 10 8 2 2 2 2 8 8 10 2
left_child=1 2 3 4 -1 9 16 23 -9 13 11 26 21 22 -14 -5 20 -18 19 -11 -7 -4 -2 -8 25 -12 -3 -13 -20
right_child=5 10 12 15 -6 6 7 8 -10 18 24 27 14 -15 -16 -17 17 -19 28 -21 -22 -23 -24 -25 -26 -27 -28 -29 -30
leaf_value=0.0022790092303637114 -0.00077543187138182589 0.015312712350369193 0.017501424728965095 -0.0064571581858063306 0.036977339907079056 0.013527190632580283 0.038297246414841155 0.011862418467633454 0.0014841912244165077 -0.0017281161017376912 0.032703405770505581 -0.017670621868880906 0.018034010202416975 0.034052106709242282 -0.021990663692485205 -0.0020845845231450169 -0.014563112994084132 -0.00034874430692212103 0.026162543439078839 0.034237486026217588 -0.017149947565313763 -0.0027985210855294095 0.036820626810408257 0.014517849940476184 0.041000988723480764 0.0093205922585890832 -0.0082121405789890699 -0.048615115281574243 0.042824700993022755
leaf_weight=30.328106719069183 15.408696901518857 6.1265676901675734 19.511093426961459 239.56999531527981 3.4838342517614356 12.020660295151171 3.8582821488380459 48.809271204285324 115.89232156192884 4.1666745045222324 4.4890744462609318 1.4803292257711285 2.060319235548377 2.637772334739565 4.1829405585303894 214.66630272427574 17.680758933536708 39.539988788310438 3.0185535810887814 2.4821842629462481 2.4301150599494585 5.8002415420487514 1.368795578368007 15.800296169705687 2.2861641235649577 16.182724406011406 3.1322756144218156 0.98613486718386401 4.028386490419507
leaf_count=516 405 106 287 11578 30 178 32 510 2221 106 41 37 67 25 123 8936 318 626 21 19 38 91 16 287 16 231 110 30 23
internal_value=0.00034933 -0.00205799 -0.00293701 -0.00368097 0.00585417 0.00496415 0.00381907 0.00611927 0.00455978 0.0138185 0.0111111 -0.000512372 0.00856959 0.00660682 -0.00878224 -0.00439074 -0.00209772 -0.00474087 0.0240417 0.0116987 0.00836837 0.0128496 0.00229185 0.0191849 0.0170475 0.0143984 0.00735423 -0.0300428 0.0356875
internal_weight=843.429 554.286 519.603 488.048 33.8119 289.143 256.032 184.36 164.702 33.1111 34.6833 11.7253 31.5546 19.4153 6.24326 454.236 71.6715 57.2207 13.6958 6.64886 14.4508 25.3113 16.7775 19.6586 22.958 20.6718 9.25884 2.46646 7.04694
internal_count=27024 22199 21628 21060 546 4825 4210 3050 2731 615 571 283 568 446 190 20514 1160 944 169 125 216 378 421 319 288 272 216 67 44
is_linear=0
shrinkage=0.03


Tree=32
num_leaves=29
num_cat=0
split_feature=10 6 11 11 8 16 21 24 23 12 15 23 10 8 20 8 22 12 25 22 16 12 1 15 10 10 11 22
split_gain=9.17209 7.7485 3.7204 3.62787 3.19095 4.14907 4.73088 4.01186 3.96675 3.17618 3.15957 3.06291 3.05632 2.83063 2.5605 2.53898 2.44322 2.24362 2.18363 2.53318 2.51272 2.17967 1.90608 1.77421 1.75082 1.71212 1.49229 1.1199
threshold=0.13701030927835053 0.22111111111111112 0.46800521500452069 0.30271957621835638 0.18090909090909094 1.0072537326725837 0.55937520646893801 5.0050365188127826 0.64775793299471218 0.048157919785544408 0.18024908623257077 0.22943636551574173 0.070353535353535376 0.29146464646464648 0.31426688210128528 0.96453608247422695 0.0089975787788790958 -0.053576380937631 5.5319132334681091 -0.0006708436053522725 0.9506233518622208 -0.20206215700222144 0.3675260759006565 0.023122159850307408 0.086237113402061874 0.43366656253254199 0.019732219939831101 -0.059998746081518277
decision_type=2 2 10 10 2 10 2 10 2 10 8 2 2 2 8 2 2 8 10 2 10 8 2 8 2 2 10 2
left_child=4 3 25 16 7 10 11 8 12 -10 13 -7 -1 -6 22 -12 23 -16 19 -5 -20 -18 -4 -2 -8 26 -3 -27
right_child=1 2 14 18 5 6 24 -9 9 -11 15 -13 -14 -15 17 -17 21 -19 20 -21 -22 -23 -24 -25 -26 27 -28 -29
leaf_value=0.0073769796866263093 0.030314434217785385 -0.0055921380736454482 -0.0066147040236453382 0.0013433151687809225 0.026559060590330693 -0.020145214346918416 0.025936034367935717 0.034261793652628401 -0.0067157366548557442 -0.041725034491443019 0.0015206481340792901 0.0021243776675916879 -0.0049646574617764061 0.011160278382805065 0.031303602652787456 0.025071953285275457 0.014438216662375899 0.0042509835179753777 0.0032260576240271724 0.017076913100298727 -0.035480705792140722 -0.0080171092640502293 -0.06192294580643809 0.001608973500449152 -0.0051035944181849055 0.0081932576358081828 0.0014707100412572661 -0.0081407475769316225
leaf_weight=52.97731607221067 1.9724228754639614 82.571956797502935 1.7812795150093728 13.505235405638812 13.289419129490851 11.650069840252405 5.8378937486559135 3.1216343380510798 25.774053831119094 2.564328169450163 40.557038962375373 10.63031978998333 27.398910187184811 56.084606600925326 3.0711332689970732 4.5855552488937965 4.2746456284075975 27.159028369002048 18.113165885675702 28.956952346488833 1.6466520680114616 43.280034431256354 0.81846871972084034 110.51663223747164 2.2720070844516158 3.8541579814627758 39.950097820255905 190.59564520558342
leaf_count=604 21 4682 69 156 117 210 56 18 391 44 775 164 522 525 27 43 100 443 221 302 24 1323 16 2974 43 198 1669 11124
internal_value=-0.000173764 -0.002288 -0.00507112 0.00209207 0.00453711 0.0074753 -0.00237885 0.000730092 -0.000232738 -0.00988371 0.0100904 -0.00952005 0.00316992 0.0141101 0.00454237 0.00391297 -0.000297739 0.0069993 0.008239 0.0120728 4.92886e-07 -0.00599862 -0.0240272 0.00211231 0.0172402 -0.00606682 -0.00328919 -0.00781699
internal_weight=828.811 572.068 349.802 222.266 256.743 144.907 30.3903 111.836 108.715 28.3384 114.517 22.2804 80.3762 69.374 32.8299 45.1426 160.044 30.2302 62.222 42.4622 19.7598 47.5547 2.59975 112.489 8.1099 316.972 122.522 194.45
internal_count=26861 23349 18228 5121 3512 1933 473 1579 1561 435 1460 374 1126 642 555 818 4418 470 703 458 245 1423 85 2995 99 17673 6351 11322
is_linear=0
shrinkage=0.03


Tree=33
num_leaves=30
num_cat=0
split_feature=15 6 10 11 9 3 1 6 5 21 9 7 5 9 7 4 14 20 19 25 25 10 19 19 5 13 19 4 5
split_gain=8.97389 5.87561 4.66396 3.28166 2.64611 3.06131 2.63898 2.74333 3.53337 3.30249 3.12307 2.84602 2.77185 2.67353 2.9819 2.55708 2.53958 2.28866 2.08464 1.98756 1.82923 2.26539 1.7552 1.67054 1.9301 1.57339 2.08359 1.48663 0.95133
threshold=0.20231407169609419 0.21106060606060609 0.10256679991584264 0.33062291593932619 0.76144329896907226 0.96922996002524731 0.082647489270600574 0.22111111111111112 0.99500000000000011 0.39930636303307671 0.9794866400168315 0.8974332000841575 0.90360824742268053 0.14070707070707075 0.45180412371134027 0.94871660004207881 0.60771903698188146 0.41468067460956121 61.500000000000007 5.867296956919609 7.7304987546832002 0.070353535353535376 25.500000000000004 10.500000000000002 0.60912371134020626 0.8201746482953981 72.500000000000014 0.98974332000841592 0.95438144329896912
decision_type=8 2 2 10 10 2 2 2 2 2 10 10 2 8 8 2 10 8 8 10 8 2 8 8 2 10 10 2 2
left_child=6 3 20 4 18 -6 7 10 9 -9 11 -1 -12 19 15 -15 -10 -16 -2 22 27 -22 -8 24 -4 26 -5 -3 -25
right_child=1 2 23 25 5 -7 13 8 16 -11 12 -13 -14 14 17 -17 -18 -19 -20 -21 21 -23 -24 28 -26 -27 -28 -29 -30
leaf_value=0.0045497844314440787 0.00060200023218736308 0.0021681185403015059 -0.0057328905667792121 0.012309172160791306 0.002807073377621502 0.024052885709398623 0.0055135184077451027 0.0085000521266058553 -0.026252541262572347 -0.0018245519139029466 -0.049960979332437955 0.01818755214758597 0.0083156792278205726 -0.00057423033942706676 -0.00078335823449081506 -0.032557727671458828 0.0087064110386150511 0.01131606892211854 -0.0087233231416048943 -0.0072342121195463722 0.030239957818955294 -0.0018656346913400105 0.028437286403965166 -0.0073476339749947543 0.0084966359632417041 0.030225101804479942 -0.01247073931726642 -0.034371475662278127 0.0070181211891570073
leaf_weight=54.309255048632622 66.161718152929097 39.381961193867028 22.01497696666047 21.441385764628656 34.520563806872815 7.414915212430059 4.0866930130869159 38.392964429222047 7.4627182111144048 101.85435962909833 1.6128134280443185 18.450664578005672 1.3489158041775224 11.791950859129427 18.988120111636817 2.780178263783454 2.4956149235367775 54.322498245164752 32.014354337006807 2.3505976982414714 4.7364038340747339 3.3963582161813974 11.368187648244202 241.69907246204093 14.057020124513654 3.5114512145519248 3.5611139610409728 1.0282782018184651 4.2212022515013805
leaf_count=811 2011 754 1336 257 765 72 43 511 94 1946 23 155 20 148 240 37 24 500 1135 19 53 75 89 14988 652 29 65 17 161
internal_value=0.000127972 -0.00241339 -0.00473816 0.00214356 0.00025558 0.0065637 0.00395333 0.00212291 -0.000224251 0.00100183 0.00677887 0.00800809 -0.0234189 0.00786618 0.00571847 -0.00667628 -0.0174916 0.00818221 -0.00243891 0.0184667 0.00385089 0.0168322 0.0223756 -0.00621671 -0.000187738 0.0114207 0.00877976 0.00123833 -0.00710105
internal_weight=830.776 499.161 330.535 168.626 140.112 41.9355 331.616 225.927 150.206 140.247 75.7216 72.7599 2.96173 105.688 87.8827 14.5721 9.95833 73.3106 98.1761 17.8055 48.543 8.13276 15.4549 281.992 36.072 28.514 25.0025 40.4102 245.92
internal_count=27030 22370 18036 4334 3983 837 4660 3584 2575 2457 1009 966 43 1076 925 185 118 740 3146 151 899 128 132 17137 1988 351 322 771 15149
is_linear=0
shrinkage=0.03


Tree=34
num_leaves=30
num_cat=0
split_feature=10 11 3 6 10 19 8 25 18 9 24 23 26 0 20 22 22 11 16 26 11 8 10 10 6 19 22 6 26
split_gain=10.2073 7.41409 4.58435 3.82673 4.20021 4.48319 3.59804 3.56705 3.56049 4.65042 2.84348 2.80293 2.77436 2.67217 3.22196 2.99645 2.90201 2.74289 2.55337 3.07644 2.51327 2.4528 2.39017 2.36252 2.49213 2.1328 1.62478 1.59648 0.861905
threshold=0.070353535353535376 0.34002626296415178 0.96453608247422695 0.80206185567010324 0.67005154639175268 24.500000000000004 0.8325257731958764 5.7327899766304942 0.6419413919413921 0.97469072164948456 4.6418918810644305 1.0568232617178419 -0.32387292357678549 0.005599740926032327 0.30784269244207446 0.0094756824971473693 -0.020827287967921677 0.41237456148485313 0.38595240731544816 0.29497543167321755 -0.60048588962840543 0.8871765200925732 0.65153061224489806 0.36223055295220247 0.041026719966337055 15.500000000000002 0.0034309813751815803 0.22840206185567014 0.3303955982823657
decision_type=2 10 2 2 2 8 2 10 8 8 10 2 10 2 8 2 2 10 8 8 10 2 2 2 2 10 2 2 8
left_child=6 2 23 4 22 -6 13 11 18 20 21 -4 -9 14 25 -16 -15 -18 19 -8 -10 -5 -3 24 -2 -1 -20 -25 -12
right_child=1 3 7 10 5 -7 8 12 9 -11 28 -13 -14 16 15 -17 17 -19 26 -21 -22 -23 -24 27 -26 -27 -28 -29 -30
leaf_value=-0.035313581841797878 0.012488952668380824 0.011789612124581666 0.015344658249090291 -0.0053879512422900623 0.014076700550091329 -0.0058866508962869398 -0.018952212295206789 -0.039818247440378367 0.04094333140993614 -0.026926604999970478 0.001198629448390253 -0.010834591367191811 -0.00010368057308151728 0.027602366741664133 0.0030550555955353659 0.013212794651190001 -0.0078183060992689183 -0.052938792257496821 0.019902660839540648 0.029246607866021321 0.0055797626849044078 -0.033082376608648295 0.035623884677637524 -0.002492894124644682 -0.0020077465711254541 -0.0024757537137796671 0.042391841931697247 -0.006972641650799534 0.030451810537384386
leaf_weight=2.2441430725157252 11.269895070232449 46.935320842079818 26.393557338044051 9.4463417758233863 15.578782307915388 28.916032746434212 2.2093476988375249 2.1588152199983597 2.477229341864585 3.1895086616277704 1.7827456286177028 4.2772922692820421 5.936171075794844 1.8336888626217849 54.731686474755406 50.027326187118888 10.806415341794485 1.3658170811831958 4.9719603518024069 2.5878762826323509 6.7023137472569916 4.1394279105588785 4.1190830264240494 112.40758884558454 201.41610684385523 8.608597186394034 6.90898472443223 197.20831378083676 1.8441924992948773
leaf_count=43 223 566 445 275 191 509 23 52 18 38 24 89 134 18 703 481 144 14 50 20 63 65 27 3358 7070 154 41 12066 16
internal_value=8.74998e-05 -0.00152445 -0.0029352 0.00549497 0.00784063 0.00110303 0.00693326 0.00701859 0.0164765 0.00428009 -0.00752599 0.0116938 -0.010695 0.00479463 0.00629389 0.00790585 -0.00758097 -0.0128812 0.0255217 0.00704878 0.0151231 -0.0138261 0.0137126 -0.00367398 -0.00123959 -0.009266 0.0329805 -0.00534625 0.016073
internal_weight=832.495 673.83 561.068 112.762 95.5492 44.4948 158.665 38.7658 29.0472 12.3691 17.2127 30.6708 8.09499 129.618 115.612 104.759 14.0059 12.1722 16.6782 4.79722 9.17954 13.5858 51.0544 522.302 212.686 10.8527 11.8809 309.616 3.62694
internal_count=26920 25110 23437 1673 1293 700 1810 720 253 119 380 534 186 1557 1381 1184 176 158 134 43 81 340 593 22717 7293 197 91 15424 40
is_linear=0
shrinkage=0.03


Tree=35
num_leaves=29
num_cat=0
split_feature=10 6 11 19 25 19 23 3 4 7 9 11 0 23 8 23 7 8 3 12 8 18 6 25 26 3 10 11
split_gain=7.06231 6.63211 3.15754 2.81592 3.09513 3.46346 3.31694 2.98347 2.94087 2.82494 2.95317 3.58402 2.50893 5.20214 2.50356 2.13183 2.07944 2.02997 1.97682 2.3201 1.97353 1.88811 1.82282 1.80688 1.71866 1.65308 1.41894 1.01848
threshold=0.13701030927835053 0.13701030927835053 0.51817452244665685 66.500000000000014 3.4207535203546029 93.500000000000014 -0.75893789336067619 0.49242268041237119 0.95897328003366311 0.917946560067326 0.010256679991584264 -0.36456431072711298 -0.357528429615596 -0.40703426366074286 0.086237113402061874 -2.269193470492747 0.040202020202020211 0.66163265306122454 0.010256679991584264 0.28315282517568879 0.94871660004207881 0.89608636977058043 0.22111111111111112 2.3683014392620403 0.25894669862942088 0.041026719966337055 0.69036082474226812 -0.053262298621893571
decision_type=2 2 10 10 8 10 2 2 2 10 10 10 2 2 2 2 8 2 2 8 2 10 2 8 10 2 2 8
left_child=3 15 20 9 6 8 27 -8 -6 10 16 -12 14 -14 -11 26 -1 23 -4 -20 24 -19 -7 -17 -3 -22 -2 -5
right_child=1 2 18 4 5 22 7 -9 -10 12 11 -13 13 -15 -16 17 -18 21 19 -21 25 -23 -24 -25 -26 -27 -28 -29
leaf_value=-0.012828041899469123 -0.052805710254062832 -0.0066770928406892187 0.038461133425256179 0.018100738551088069 -0.0081294988754326541 0.032695454435687353 -0.0098755933570196276 0.023501346880024691 -0.037274614869613247 0.0098523419348478872 0.0084886070464089552 -0.0023039396202339008 -0.012185741992161131 0.015382926206239243 0.02861429077234378 -0.021637711156845964 0.01584243255217254 0.0056452713322034491 0.016935719636998619 -0.0019937218390500655 -0.033427443140124795 0.022683377581768069 0.0019241851266126727 0.0011916561891601313 -0.0020230761888660829 0.0055750363456998631 -0.0019347695462073669 0.045055889583869926
leaf_weight=2.5354520753026035 1.0066926730796684 255.99513265071437 1.5355099961161638 3.3315096460282803 26.497889414895329 2.2479362934827787 8.3026401493698341 3.396251691505312 3.531162714585661 14.264637906104328 43.13131021335721 77.36564006190747 9.8124815467745083 16.550255637615919 11.611229408532379 3.2450123811140648 22.315905891358852 67.703183650504798 8.2159658391028607 20.044370442628868 1.0248233228921915 6.4076770395040503 7.5574681833386421 81.133772197645158 99.041782989166677 21.418881095014513 0.96797961741685856 2.030463736504319
leaf_count=39 24 13808 10 32 413 24 125 44 55 119 595 1301 100 150 91 90 312 980 85 383 21 80 116 1847 5256 913 21 20
internal_value=-0.000194573 -0.00205603 -0.00409128 0.00395827 -0.00192262 -0.00650186 0.0087692 -0.000186087 -0.0115567 0.00565168 0.00350119 0.0015592 0.0116352 0.00512158 0.0182714 0.00310965 0.0129173 0.00349562 0.00531074 0.00350953 -0.00483341 0.0071184 0.00897865 0.000313692 -0.0053788 0.00379411 -0.0278689 0.0283081
internal_weight=822.223 567.741 407.276 254.482 56.8953 39.8345 17.0609 11.6989 30.0291 197.587 145.348 120.497 52.2386 26.3627 25.8759 160.464 24.8514 158.49 29.7958 28.2603 377.481 74.1109 9.8054 84.3788 355.037 22.4437 1.97467 5.36197
internal_count=27054 23518 20476 3536 829 608 221 169 468 2707 2247 1896 460 250 210 3042 351 2997 478 468 19998 1060 140 1937 19064 934 45 52
is_linear=0
shrinkage=0.03


Tree=36
num_leaves=29
num_cat=0
split_feature=5 15 18 0 10 19 23 9 20 8 21 9 8 14 26 0 20 21 9 6 9 0 6 23 16 25 21 2
split_gain=10.0039 5.00714 3.74231 4.48945 2.98749 2.4303 2.75563 3.28818 3.25806 2.71237 2.28616 2.50177 2.12916 3.07568 2.5763 1.88199 1.85267 1.73823 3.11444 1.68413 3.08966 1.65724 2.1398 1.97632 1.26316 1.24162 1.17285 1.08679
threshold=0.87314432989690738 0.5344873150105709 0.94665718349928885 0.36675282661811154 0.13701030927835053 113.50000000000001 -0.62739028107073824 0.36041237113402064 0.58624104526695031 0.015154639175257735 0.27793448174892382 0.41118556701030934 0.17762886597938146 0.052982456140350888 0.69286985887640584 -0.54135090116355056 0.59119853820519397 0.54460718436081013 0.77159793814432998 0.11670103092783506 0.95897328003366311 0.26477977414248283 0.23116161616161621 1.1030452768360453 0.55024809436422772 1.0000000180025095e-35 0.54653546014860133 0.04791965355998188
decision_type=2 8 8 2 2 8 2 10 8 2 2 8 2 10 8 2 8 2 8 2 8 2 2 2 8 10 2 2
left_child=1 2 3 4 -1 9 7 27 -9 10 25 -12 13 -11 -14 -3 -5 24 -19 20 -17 22 -4 -23 -8 -2 -21 -7
right_child=5 15 21 16 -6 6 17 8 -10 12 11 -13 14 -15 -16 19 -18 18 -20 26 -22 23 -24 -25 -26 -27 -28 -29
leaf_value=0.0052574625837826204 0.016638918606040429 0.040746938611567633 0.014414311975760295 0.010505272111628987 -0.0035973098230859457 0.003369670373660121 0.045905118963140937 0.0014884258965710312 -0.055613621416517163 -0.017712756750557231 0.046692888642007553 0.014548309767491959 0.0010553167188224529 0.0014488636813468449 0.0091979191569855883 0.0023671650363133634 -0.0016404833738874237 -0.018534426891117881 0.020139544932155827 -0.0035426801867359842 -0.016931688995391627 -0.016616781189929781 -0.003978643417406183 0.0093433276285775635 0.021859296446041027 -0.017241253692006079 -0.0082991866727092078 0.036214864087051261
leaf_weight=53.027097950689495 1.7187591940164559 0.80259065888821979 6.18575838766992 64.781403206288815 97.059954375494272 2.0149453608319194 2.6363608613610277 2.1959639806300406 1.5229676552116869 9.0874094497412425 3.1202453970909092 7.224337389692665 68.241661997511983 44.248600741382688 71.730778763070703 47.361507041379809 13.691852412186561 2.5025997511111173 7.4618273861706266 73.798291145358235 8.8632340822368842 16.064622836653147 71.408244960010052 3.1581463548354796 7.7344459989108154 2.245171096175909 126.85510231601074 1.6483807303011415
leaf_count=757 12 9 138 1082 3539 39 20 35 32 133 16 61 1092 722 1068 1075 252 55 93 4139 256 752 3079 132 105 28 8165 16
internal_value=0.000110596 -0.00199663 0.000477412 0.00257139 -0.00046884 0.00533141 0.0136752 -0.00202426 -0.0218959 0.00421749 0.016821 0.0242441 0.00328458 -0.0018159 0.0052281 -0.00512065 0.00838611 0.0193745 0.0104264 -0.00526395 -0.000675095 -0.00446595 -0.00251237 -0.0123517 0.027972 -0.00255082 -0.00654979 0.018149
internal_weight=818.392 583.058 325.377 228.56 150.087 235.334 27.7175 7.38226 3.71893 207.617 14.3085 10.3446 193.308 53.336 139.972 257.681 78.4733 20.3352 9.96443 256.878 56.2247 96.8168 77.594 19.2228 10.3708 3.96393 200.653 3.66333
internal_count=26902 23375 9731 5630 4296 3527 395 122 67 3132 117 77 3015 855 2160 13644 1334 273 148 13635 1331 4101 3217 884 125 40 12304 55
is_linear=0
shrinkage=0.03


Tree=37
num_leaves=30
num_cat=0
split_feature=5 7 0 6 8 5 10 16 22 20 15 14 1 24 20 8 1 7 14 19 22 9 26 5 16 26 9 22 15
split_gain=10.1201 4.21156 3.69663 3.60198 3.31952 2.87652 2.70461 3.3834 3.728 2.68015 5.24575 3.43898 2.66282 2.492 2.44963 2.40921 2.2858 2.01667 1.99404 1.76223 2.99037 2.09223 1.70861 1.63038 2.3125 1.49572 1.85984 1.25403 1.20781
threshold=0.87314432989690738 0.93407216494845369 -0.357528429615596 0.24121212121212124 0.50757731958762897 0.8666631601094047 0.33166666666666672 0.57226503524599559 -0.020132422886541396 0.40376100779739782 0.3918308702791462 0.037268518518518527 0.093686602792317372 2.7636574915268324 0.58624104526695031 0.98484536082474239 -0.079776307180254857 0.010050505050505053 0.047905909351692491 82.500000000000014 0.031444965271057633 0.62122448979591849 -0.67965961996879731 0.32161616161616169 0.99147448992976339 -0.99903477338800573 0.60912371134020626 -0.0078421602255459282 0.068573667711598757
decision_type=2 10 2 2 2 2 2 10 2 8 8 10 2 8 10 2 2 8 10 8 2 10 8 2 8 8 10 2 8
left_child=1 3 23 5 16 15 7 8 18 10 -9 -11 27 -10 -6 -1 -4 -14 -2 25 22 -22 -21 -3 -25 26 -8 -5 -27
right_child=6 2 4 12 14 -7 19 9 13 11 -12 -13 17 -15 -16 -17 -18 -19 -20 20 21 -23 -24 24 -26 28 -28 -29 -30
leaf_value=5.7222595032079872e-05 0.010264507084835964 0.039252152098260905 0.0097458728266154714 -0.0094077274225615182 0.013151254110713826 -0.040329614489462561 -0.0089195415529292315 -0.0082032671798312751 0.0012769016274856335 -0.013578894870393298 0.023102313436327512 0.0091546227906930244 -0.043171603812591317 0.015094477185363969 -0.015035472955888309 0.015177633787521844 -0.016136645418726211 0.0025083673564037815 0.036425986694879266 -0.0099109544834949589 0.012263740684294892 -0.046542373572858307 0.022077723507090325 0.028891358219723481 -0.010058909667338146 0.0043489260158492008 0.020447503101378502 -0.0046516060453712631 -0.0073823762993883938
leaf_weight=185.88074048608541 3.8622341863811007 3.615929786115883 4.3237936766818121 64.453282015863806 20.773202402051542 1.5402686074376095 3.1171353654935938 27.90444462839514 20.071100162807856 6.5233208034187546 5.8225159281864753 73.085443422663957 0.8851742185652246 28.324404425919052 3.202775662764906 9.9938745917752367 10.597974329255523 50.126962360460311 8.1662779748439771 1.8092890344560144 0.94697577226906959 1.2812018101103602 8.8704468677751702 3.4802085570991039 2.2644494622945786 10.395165991038082 5.1433827262371778 220.86802044790238 32.887880417983979
leaf_count=5078 43 21 78 3625 305 29 94 425 337 84 112 880 16 277 46 104 275 1776 71 41 23 28 177 28 28 112 64 11958 804
internal_value=0.000190057 -0.00194184 0.00654529 -0.00270919 0.00247217 0.000507568 0.00539878 0.00734564 0.0130789 0.00428899 -0.00279877 0.00729179 -0.00459731 0.0093639 0.009386 0.000828693 -0.00863682 0.00171572 0.0280258 0.000150094 0.0100629 -0.0215498 0.0166584 0.0234711 0.0135378 -0.00233234 0.00936575 -0.005726 -0.0045649
internal_weight=820.218 582.007 48.2583 533.748 38.8977 197.415 238.211 173.76 60.424 113.336 33.727 79.6088 336.333 48.3955 23.976 195.875 14.9218 51.0121 12.0285 64.4515 12.9079 2.22818 10.6797 9.36059 5.74466 51.5436 8.26052 285.321 43.283
internal_count=26939 23367 781 22586 704 5211 3572 2229 728 1501 537 964 17375 614 351 5182 353 1792 114 1343 269 51 218 77 56 1074 158 15583 916
is_linear=0
shrinkage=0.03


Tree=38
num_leaves=31
num_cat=0
split_feature=5 6 11 19 0 3 5 19 24 24 11 10 11 1 13 18 25 21 24 8 21 19 16 25 19 26 10 11 5 18
split_gain=8.7526 4.80616 3.12088 3.09522 3.06901 2.67206 5.79092 4.37449 3.92199 2.78419 3.23137 2.55511 2.3164 3.6372 2.27762 2.88779 2.9808 2.52575 2.49667 2.27724 3.9272 2.39231 1.84822 1.54918 1.53639 1.49796 1.28276 1.24004 1.21907 1.12197
threshold=0.77435304018514628 0.24121212121212124 0.46800521500452069 23.500000000000004 -0.37584074224747821 0.89345360824742281 0.9794866400168315 45.500000000000007 3.2907684397164871 1.9068259779761132 0.46800521500452069 0.6802061855670104 0.046940009694674607 0.10191711071942045 0.60769954293215556 0.84698996655518399 6.4599766162747168 0.27793448174892382 2.7987763049216174 0.76409636019356209 0.44626557900919578 75.500000000000014 1.0000000180025095e-35 5.6003097280918661 29.500000000000004 -0.66835119514193675 0.11055555555555556 0.58047057560984971 0.92820324005891031 0.54919354838709689
decision_type=2 2 10 8 2 2 2 10 10 8 10 2 10 2 8 10 10 2 10 2 2 8 10 8 8 10 2 10 2 10
left_child=1 2 19 29 12 14 9 8 -8 10 -7 -5 13 -3 17 16 -16 18 -2 21 -21 -1 -11 -9 26 -19 -6 -26 -17 -4
right_child=5 4 3 11 24 6 7 23 -10 22 -12 -13 -14 -15 15 28 -18 25 -20 20 -22 -23 -24 -25 27 -27 -28 -29 -30 -31
leaf_value=7.9223702447062482e-05 -0.0015254620229385766 -0.0083420078441383029 0.042411870988487373 0.019577578317051349 0.0078083272089154417 0.0097081390144714112 -0.009294762995085467 -0.0075030346461865309 -0.059266006399901643 0.036348639386089947 -0.026425743419785399 -0.01048563969010579 0.032398933274358575 0.01615178578476038 0.0067636266846467325 -0.023135596048952548 -0.007605152476893944 -0.0069324292184749668 0.030566472310302517 0.018112350297322145 -0.0002389808257900394 -0.010450270817737138 0.01632780479780168 0.024120356330747477 -0.0074487989822264698 0.0011598604740693148 -0.0035840381035545997 0.0074689955824937416 0.0022461906317833816 0.017362191143800547
leaf_weight=99.566693574655801 4.4774955408647639 12.569664861075585 3.2656520791351795 4.7619273178279418 10.104814331978558 19.820052875205878 3.9917359137907606 2.5789478775113821 2.1885403953492641 4.9645042428746846 2.5094237327575675 5.4637591689825058 2.565330581739544 9.641520952805875 147.08542518690228 4.618415178731083 14.252928768284617 40.864872926846147 4.2552815331146121 15.561791268177329 32.235448883846402 24.1252232757397 25.288895891979337 3.0349136106669903 191.63560943491757 41.489353363867849 74.312638387549669 5.1497434629127374 2.697888826020062 3.1726406812667847
leaf_count=2839 101 233 17 54 185 356 54 29 23 35 29 79 31 114 2419 126 311 1105 43 181 758 863 312 26 11019 1121 4415 110 43 28
internal_value=0.000118832 -0.00239408 0.00137894 0.0137736 -0.00471419 0.00394987 0.00942126 -0.00957722 -0.0269904 0.0136825 0.00564735 0.00351429 0.00540776 0.00229036 0.00259378 0.00465831 0.00549426 -0.00122885 0.0141122 0.000174529 0.00573583 -0.00197448 0.0196132 0.00959291 -0.00560602 -0.0028556 -0.00222037 -0.00705841 -0.0137761 0.030068
internal_weight=818.251 494.132 188.153 16.664 305.979 324.119 64.377 11.7941 6.18028 52.5829 22.3295 10.2257 24.7765 22.2112 259.742 168.655 161.338 91.087 8.73278 171.489 47.7972 123.692 30.2534 5.61386 281.203 82.3542 84.4175 196.785 7.3163 6.43829
internal_count=27059 20926 4819 178 16107 6133 864 132 77 732 385 133 378 347 5269 2899 2730 2370 144 4641 939 3702 347 55 15729 2226 4600 11129 169 45
is_linear=0
shrinkage=0.03


Tree=39
num_leaves=26
num_cat=0
split_feature=15 24 13 6 11 11 11 20 11 7 3 25 19 7 9 6 9 22 9 10 4 0 20 0 3
split_gain=7.77016 4.02713 3.13693 3.86318 4.75271 3.66137 2.68285 2.87052 2.59244 2.49582 2.37754 2.24277 1.86451 3.39862 2.91316 1.8193 1.64886 2.65747 1.57537 1.46866 1.54481 1.41294 1.33709 1.2927 0.859237
threshold=0.44885703215807832 4.4204056048212621 -0.53611876750648746 0.22111111111111112 -0.45813639532322975 0.34002626296415178 -0.42750320198230968 0.29182958607147008 -0.22032974531872893 0.95438144329896912 0.71067010309278367 6.2155494348544851 28.500000000000004 0.9794866400168315 0.92820324005891031 0.11670103092783506 0.96922996002524731 0.0052344890536524481 0.96453608247422695 0.3908762886597939 0.98484536082474239 -0.37584074224747821 0.30959131963334791 1.1759026567552553 0.81221649484536096
decision_type=8 10 10 2 10 10 8 8 10 10 2 8 8 10 8 2 8 2 10 2 2 2 8 2 2
left_child=1 2 3 5 -5 -1 -3 10 -9 15 -8 18 14 -14 -4 16 17 -2 21 20 -17 -11 -18 -21 -13
right_child=9 6 12 4 -6 -7 7 8 -10 11 -12 24 13 -15 -16 19 22 -19 -20 23 -22 -23 -24 -25 -26
leaf_value=0.0055633783863110603 0.0077619770799777022 0.046244380932540879 -0.0014198530950480159 0.010877605132224119 -0.0015911116255798606 0.021570604302823475 0.01057890374497949 -0.015405608649807209 0.010347470885543848 0.034290842618964208 -0.042423729788618782 0.0029797287434370455 -0.0055426314993283331 0.017973316675494292 0.01634495707203831 -0.0027390250516943636 0.011134555933118 -0.0056734684664283067 0.039742117012182596 -0.0067088878495300697 0.02238318985979431 0.0020292982806873337 -0.014251965402494422 -0.041130935436566124 -0.041535814353553663
leaf_weight=61.675466004293412 34.230504930950701 1.6764483526349065 32.743233349639922 34.257835928816348 139.74543515499681 16.248469606973231 1.3092500744387501 3.7018899964168659 70.812976915854961 1.6127375029027451 1.82122659496963 0.69989246129989691 101.12196401786059 5.8512683091685167 11.132350156083701 87.046563081908971 2.2921264385804507 21.617122210562229 2.0837207259610295 155.15398353990167 2.2601318145170799 5.0401704078540179 10.072573909536004 0.98815191257744928 0.88204147713258862
leaf_count=924 686 11 1106 373 3304 141 32 66 883 15 33 31 3352 79 219 4180 56 538 17 10253 64 121 265 42 33
internal_value=0.00010334 0.00251791 0.00130112 0.0033498 0.000863734 0.00890116 0.00869646 0.00788576 0.00906806 -0.00348965 -0.0202566 0.0110278 -0.00212032 -0.00425635 0.00308753 -0.00396724 0.000366798 0.00256148 0.0169793 -0.0051717 -0.00210324 0.00984985 -0.0095459 -0.00692673 -0.0218409
internal_weight=806.078 482.098 402.776 251.927 174.003 77.9239 79.3218 77.6453 74.5149 323.98 3.13048 10.3186 150.849 106.973 43.8756 313.661 68.2123 55.8476 8.73663 245.449 89.3067 6.65291 12.3647 156.142 1.58193
internal_count=26824 10523 9498 4742 3677 1065 1025 1014 949 16301 65 217 4756 3431 1325 16084 1545 1224 153 14539 4244 136 321 10295 64
is_linear=0
shrinkage=0.03


Tree=40
num_leaves=27
num_cat=0
split_feature=5 15 24 19 9 0 13 0 2 22 18 20 3 25 9 22 6 20 18 8 5 25 9 6 9 8
split_gain=6.95494 3.33982 3.18475 2.31744 2.26474 2.85223 2.23278 2.18779 2.13943 3.03006 2.78029 2.30844 1.89138 1.82006 2.45667 2.31763 1.79856 2.86984 1.79375 2.43478 1.84737 1.50112 1.47576 1.23457 2.47382 1.60062
threshold=0.87691984010098889 0.44885703215807832 3.986059135007928 17.500000000000004 0.80512308015989908 -0.37584074224747821 -0.74205270622138642 -0.54135090116355056 -0.041258649129501251 -0.00042696741529390229 0.029857397504456332 0.4119899477261052 0.19793814432989695 4.5983495031890769 0.7817525773195878 0.050334554147709716 0.9794866400168315 0.51229958345158588 0.64611005692599632 0.18778350515463921 0.20101010101010106 2.3683014392620403 0.99500000000000011 0.11670103092783506 0.96922996002524731 0.98484536082474239
decision_type=2 8 10 10 8 2 8 2 2 2 10 8 2 8 10 2 2 10 10 2 2 8 8 2 8 2
left_child=1 2 4 6 21 -6 12 -3 9 10 -5 -11 -2 15 -15 -10 22 -18 20 -20 -4 -1 -8 24 -9 -25
right_child=3 7 18 8 5 -7 16 23 13 11 -12 -13 -14 14 -16 -17 17 -19 19 -21 -22 -23 -24 25 -26 -27
leaf_value=-0.01331868211438781 0.0098448142549502609 0.03794141287065339 0.029926380915762902 0.012744996777177955 0.012801115385704552 -0.00038319663410961761 0.0091494971493965623 0.0017853927732049144 -0.0037263011598154933 0.00033030065714684812 -0.010456359960331259 0.016873611530184941 -0.03428053070993943 0.0069106903304022738 -0.0058920934650807154 -0.034667035465965612 0.0080102414887077023 -0.039417500627559041 0.019937155426798081 -0.0023759615944043736 0.0086701658744670791 -0.0028132556647713783 0.021129874838684497 -0.0058417412854040755 -0.014018217107646008 0.012678743646360702
leaf_weight=13.664951681159435 1.5818151570856573 1.0994205735623825 4.3604144072160151 7.1010303283110288 18.360064529813826 75.47557223867625 49.501382268033922 54.311986792832613 37.070969157852232 10.793614853173493 13.45852611446753 25.587140057701617 1.9545460678637026 41.219850044697523 20.050476090982556 2.3149024518206707 3.6920748483389607 1.6665506372228263 5.3225773377344039 25.427988004870713 23.57482322352007 117.50861372356303 11.38133968785405 224.25647820206359 10.665041864849625 4.2799323750659815
leaf_count=468 20 12 61 112 207 2241 719 1201 661 184 209 295 28 678 289 43 44 22 67 364 434 4047 140 13930 307 167
internal_value=-0.000314294 -0.00206203 0.000261254 0.00413094 -0.00136205 0.00219647 0.0086826 -0.00429923 0.00211564 0.00676301 -0.00244288 0.0119655 -0.0145433 -0.000513332 0.00272103 -0.00554484 0.00992254 -0.00673995 0.00648522 0.00148619 0.0119881 -0.00390765 0.0113891 -0.00445745 -0.000808542 -0.0054949
internal_weight=805.682 578.308 283.695 227.374 225.009 93.8356 69.7777 294.613 157.597 56.9403 20.5596 36.3808 3.53636 100.656 61.2703 39.3859 66.2413 5.35863 58.6858 30.7506 27.9352 131.174 60.8827 293.513 64.977 228.536
internal_count=26950 23506 7889 3444 6963 2448 973 15617 2471 800 321 479 48 1671 967 704 925 66 926 431 495 4515 859 15605 1508 14097
is_linear=0
shrinkage=0.03


Tree=41
num_leaves=30
num_cat=0
split_feature=15 3 17 24 10 11 0 19 2 14 10 7 7 21 7 18 10 13 15 19 0 14 22 19 21 17 17 11 21
split_gain=8.43917 4.5427 3.54366 2.72852 3.4295 2.75207 2.61954 2.82222 2.36746 2.26697 2.07175 3.40149 2.37178 2.67433 2.17715 1.91357 1.88545 1.85979 1.81384 1.7499 1.72571 1.68464 1.56353 1.48183 1.99279 1.3135 1.25116 1.18899 1.10615
threshold=0.20231407169609419 0.96453608247422695 -1.6549370644957204 4.4204056048212621 0.15385019987376397 -0.45813639532322975 0.35096995885160215 42.500000000000007 -0.18208177717681132 0.040678433535576396 0.74113402061855682 0.9076898800757417 0.035463917525773207 0.70014971855989216 0.2893298969072165 0.82732919254658399 0.050252525252525264 0.34176474397709938 0.63156814449917908 87.500000000000014 1.7317378010544895 0.18786764705882356 0.015069999558924336 17.500000000000004 0.5974517531445166 0.52524858978993627 0.21456303238926314 -0.0088184014761587531 0.25191784580840548
decision_type=8 2 10 10 2 10 2 8 2 10 2 10 8 2 8 8 2 8 10 10 2 10 2 8 2 8 10 10 2
left_child=2 6 3 5 27 28 16 20 -7 23 12 14 21 -14 -12 -6 18 22 -2 -9 -8 -4 -11 -3 -25 -19 -18 -5 -1
right_child=1 9 10 4 15 8 7 19 -10 17 11 -13 13 -15 -16 -17 26 25 -20 -21 -22 -23 -24 24 -26 -27 -28 -29 -30
leaf_value=0.031619496716462886 0.0087504468775080873 0.038651179165983325 -0.0010742424788410666 0.019448513644512253 0.01684766997273044 0.043094385533212536 0.0070342667884577825 -0.001652788592834815 0.0020252608608794884 0.014511426138106192 -0.025829548720269761 -0.045252918361157433 0.00068856639256141138 0.012640419239352284 0.0017898445805135863 0.0012479866787240639 -0.0060277925448646982 -0.017598423366196554 -0.01744470233421885 -0.019187057054261488 -0.036949834781437992 0.024250366465931782 -0.013680680930768628 0.0028294284255038077 0.028893062897546586 0.002795604393835925 -0.0019693082845156007 0.044196309844516689 0.011865384201276656
leaf_weight=4.022218029946087 16.306836621835831 2.4796231891959888 3.4387439647689444 3.0120379067957401 17.911564443260435 1.2891287244856346 49.597433303017169 54.530454034917057 62.963099501095712 11.215469073504211 3.1486057601869168 1.9361454052850593 156.27337273862213 18.885739335790277 13.944900273345409 11.699909944087265 221.57080395310186 5.1842271559871715 2.7853997023776165 5.6535692876204839 0.81603214517235656 7.5648346282541752 2.1023676386103025 6.7665201928466541 4.3294604141265154 6.2917358828708529 98.869707208126783 4.1608378514647475 6.9755729176104069
leaf_count=24 260 17 54 20 196 7 1589 1998 1007 260 64 27 2318 342 250 168 12405 112 67 237 17 95 65 93 23 130 4911 23 91
internal_value=0.000395079 -0.00207909 0.00420508 0.00849616 0.0151924 0.00522285 -0.00292373 0.00108616 0.00284925 0.00782975 0.00186216 -0.0075663 0.00282594 0.00197722 -0.00329762 0.010684 -0.00422989 0.0024339 0.00492879 -0.00329992 0.00632231 0.0163361 0.010061 0.0176845 0.012999 -0.00641733 -0.00477558 0.0338042 0.01909
internal_weight=805.726 488.5 317.227 112.034 36.7844 75.25 450.13 110.597 64.2522 38.3694 205.192 19.0297 186.163 175.159 17.0935 29.6115 339.533 24.7938 19.0922 60.184 50.4135 11.0036 13.3178 13.5756 11.096 11.476 320.441 7.17288 10.9978
internal_count=26870 22184 4686 1536 407 1129 21484 3841 1014 700 3150 341 2809 2660 314 364 17643 567 327 2235 1606 149 325 133 116 242 17316 43 115
is_linear=0
shrinkage=0.03


Tree=42
num_leaves=25
num_cat=0
split_feature=5 21 6 9 13 17 1 3 4 4 9 1 8 1 23 14 24 17 4 8 6 25 6 26
split_gain=5.75101 3.91704 3.91693 2.729 2.14143 2.12642 2.0181 2.08089 2.09126 1.93436 1.73859 3.09408 1.65555 2.5464 2.4858 2.31004 2.21422 2.05488 1.57767 1.16403 1.08469 1.03389 0.652039 0.497519
threshold=0.87314432989690738 0.41260630312108193 0.36223055295220247 0.010256679991584264 2.904581245205605 3.217401925128224 0.10511025408932283 0.030151515151515155 0.54819587628865996 0.010256679991584264 0.83589312013465189 0.21094598467243966 0.85283505154639183 0.50726588869074996 -1.4145120847584216 0.9648090815273479 3.1439704316121948 0.059692853854987508 0.59091836734693881 0.025309278350515465 0.64142857142857157 5.5319132334681091 0.54040816326530627 0.011798641739674749
decision_type=2 2 2 8 10 10 2 2 2 2 10 2 2 2 2 8 8 8 2 2 2 8 2 10
left_child=1 6 5 22 19 9 7 8 -1 -3 11 -8 15 14 -14 17 -17 -5 -9 -4 -15 -12 -2 -7
right_child=3 2 4 12 -6 23 10 18 -10 -11 21 -13 13 20 -16 16 -18 -19 -20 -21 -22 -23 -24 -25
leaf_value=-9.8781176569912691e-05 0.038928429407355442 0.033735494646083442 -0.024431880862335695 -0.0039633086512923747 0.023643533202096449 0.014041614409868017 0.016161575083288908 0.0028380445273853087 0.027889425113766686 -0.00051150158798213047 0.037225707582371322 -0.0084731375338692998 -0.0095806515396727153 -0.031384511973379631 0.012369928713315196 0.0042216967699602349 0.024912717358742217 0.0033529307256453208 -0.0057014811894959697 -0.0055761432752130134 0.00074742451041082234 0.0095797025186629137 0.016167216302812492 0.042576394764986987
leaf_weight=4.6416337238624674 2.1550994962453833 1.4950124248862255 2.9834953574463716 53.228674717713147 2.242377031594514 1.0276735778897994 12.02028771070764 52.226963379886001 4.9811566304415464 207.99665137752891 3.1140693472698322 7.4217451652511945 5.2022214625030747 1.9182135239243501 43.208160554990172 13.142702882178126 7.2074535870924619 98.461076616775244 31.04531042650342 238.18490802380256 1.8646666649729011 1.9989288430660961 2.3877241378650069 1.1829262468963859
leaf_count=56 14 14 68 976 34 25 239 1936 60 6796 24 98 67 20 486 193 69 1639 1201 12921 22 25 26 16
internal_value=-7.5511e-05 -0.001682 -0.00294254 0.0039451 -0.00553808 4.17534e-05 0.00320251 0.0011807 0.0143891 -0.000267102 0.0108513 0.00675759 0.00347873 0.00815877 0.0100111 0.0020589 0.0115499 0.000785627 -0.000345635 -0.00580941 -0.015546 0.0264175 0.0269651 0.029311
internal_weight=801.339 572.563 455.113 228.776 243.411 211.702 117.45 92.8951 9.62279 209.492 24.555 19.442 224.233 52.1933 48.4104 172.04 20.3502 151.69 83.2723 241.168 3.78288 5.113 4.54282 2.2106
internal_count=27025 23513 19874 3512 13023 6851 3639 3253 116 6810 386 337 3472 595 553 2877 262 2615 3137 12989 42 49 40 41
is_linear=0
shrinkage=0.03


Tree=43
num_leaves=31
num_cat=0
split_feature=15 3 21 17 10 26 18 8 23 26 19 2 7 10 25 19 7 3 18 4 7 4 18 8 21 13 21 16 3 4
split_gain=6.2326 2.97455 2.55691 2.13905 2.14686 3.75034 2.23336 2.04763 3.49496 1.86862 2.48521 1.7727 2.27182 1.69198 3.25977 2.34745 1.74779 1.6792 1.66935 1.54312 1.51685 1.4585 1.43177 1.41551 1.32387 1.25347 1.19932 1.13625 1.01249 0.880154
threshold=0.19429205851619649 0.8666631601094047 0.72322275483732013 -2.0577808434957814 0.35202540872643967 1.529014110781693 0.74734042553191504 0.23116161616161621 -0.5373227474211647 -0.10490546003234992 43.500000000000007 0.073371551597607651 0.78460972017673059 0.076082474226804128 7.7660958678601153 63.500000000000007 0.85640648011782039 0.055773195876288664 0.59491634491634504 0.74113402061855682 0.99500000000000011 0.010256679991584264 0.78192934782608703 0.23116161616161621 0.7458313729210847 -0.054036623022773116 0.75224793599783135 0.41433669502303166 0.15385019987376397 0.14359351988217969
decision_type=8 2 2 8 2 10 8 2 2 10 8 2 10 2 8 10 10 2 10 2 10 2 8 2 2 10 2 8 2 2
left_child=2 13 3 7 6 -6 -5 8 -1 23 24 20 27 14 15 -2 18 -18 -15 -12 21 -3 -14 26 -11 -9 -4 -13 -16 -25
right_child=1 11 9 4 5 -7 -8 25 -10 10 19 12 22 16 28 -17 17 -19 -20 -21 -22 -23 -24 29 -26 -27 -28 -29 -30 -31
leaf_value=0.019466191116023799 0.0031604645291187805 0.032740369119979906 0.017115891972349036 0.0062843886897118659 -0.0041893275389884204 0.01909747452913927 -0.00043468466136564662 0.024625809254697983 -0.036229202367784576 0.038262751799978796 -0.045814221935425219 0.020032880155413001 0.038399400662134008 -0.0058580917532594229 0.03968048078191664 -0.016930102572431577 -0.038510370020984855 0.0039801078578245138 -0.00087844873957219102 0.005529127227644948 -0.030849733130796562 0.00069447231038431906 0.0069822202565885394 0.038951487585893466 -0.0010727715815720413 0.0010245818767596708 -0.012009872148913452 -0.0025768572724222836 0.01331928155744159 0.019520344191779886
leaf_weight=2.3011323250830173 25.712679782882333 1.2991641797125328 3.6820911318063763 113.00898742675781 73.742711997590959 6.7981572169810525 73.466894847806543 9.2904615812003595 1.8128874078392971 1.3266714308410876 1.363090852275491 2.7007056483998904 3.5774503331631413 248.5054840836674 2.2398236449807873 6.5721111772581926 0.86094230320304888 30.191384491045028 80.124637202825397 0.85873584449291218 1.3503641821444023 79.265248167794198 2.0557015286758542 3.1682331785559636 1.8353392560966311 2.5898660141974679 1.9442583392374215 7.7151543353684255 3.1632180046290159 6.2107006860896945
leaf_count=21 446 12 41 1352 1275 99 1147 99 34 12 44 52 38 14069 20 140 23 1161 3516 26 24 2541 53 30 51 39 61 291 42 128
internal_value=-0.000139161 -0.00221318 0.00324691 0.0025077 0.00186937 -0.00222377 0.00363724 0.0131642 -0.00507659 0.0135075 -0.00165452 0.00246899 0.0115862 -0.00336748 0.00268008 -0.000929308 -0.00400115 0.00280204 -0.00464398 -0.02597 0.000682713 0.00121124 0.0269344 0.0189476 0.0154311 0.0194808 0.0070511 0.00328557 0.0242473 0.0260842
internal_weight=798.734 495.334 303.4 283.011 267.017 80.5409 186.476 15.9943 4.11402 20.3891 5.38384 97.9638 16.049 397.37 37.6878 32.2848 359.682 31.0523 328.63 2.22183 81.9148 80.5644 5.63315 15.0053 3.16201 11.8803 5.62635 10.4159 5.40304 9.37893
internal_count=26887 22428 4459 4066 3873 1374 2499 193 55 393 133 3011 434 19417 648 586 18769 1184 17585 70 2577 2553 91 260 63 138 102 343 62 158
is_linear=0
shrinkage=0.03


Tree=44
num_leaves=28
num_cat=0
split_feature=10 11 24 23 6 7 2 21 12 11 4 15 15 23 2 22 22 7 9 23 1 7 6 1 25 21 17
split_gain=5.90616 3.73492 3.02437 3.11824 2.76486 2.70942 3.58862 2.83888 2.66725 2.61457 2.87703 2.29198 2.2131 2.07867 3.57702 2.72816 2.89512 2.63539 2.45328 2.00578 2.00523 1.99953 2.01985 1.71343 1.62299 1.59119 1.30507
threshold=0.10050505050505053 0.13524985730589026 3.8514565767782387 1.5058988979974373 0.12060606060606062 0.041026719966337055 -0.1455466224401234 0.33850596741127847 -0.10567413285096337 -0.45813639532322975 0.14716494845360825 0.011561079925153704 0.36843185550082108 -0.57176767567764586 -0.11276868453599828 0.0016666075534980918 -0.024166683809663973 0.99500000000000011 0.97469072164948456 0.54526388560790284 0.088723431630921348 0.06030303030303031 0.08205343993267411 -0.21894626948735393 6.3489490118672087 0.30774399930023483 -0.64562365482605677
decision_type=2 10 8 2 2 10 2 2 8 10 2 8 8 2 2 2 2 10 10 2 2 8 2 2 10 2 8
left_child=2 11 3 5 21 6 -1 -7 23 10 -5 -2 -11 14 -4 16 -15 -17 -16 -10 26 22 -3 -6 -23 -22 -13
right_child=1 4 13 9 8 7 -8 -9 19 12 -12 20 -14 15 18 17 -18 -19 -20 -21 25 24 -24 -25 -26 -27 -28
leaf_value=-0.043627623815525894 0.032484344261317327 -0.035173108327180395 -0.032258248360502041 -0.026424514926723448 -0.030665377491832124 0.020724484936199956 -0.0014104956540020594 0.0039827501247376934 -0.0050603627084722068 -0.032434704104893776 0.019395130457967043 -0.0086507481343799531 0.001364560071447478 0.018311168903222191 0.01100657082653228 0.023034524937715174 -0.0059054383335166421 -0.0073109637105135128 -0.016867716914679694 0.002959773694801558 0.034849333564730918 0.0079717187561724329 0.0095967137594112593 0.014011820815807792 -0.0021853587261909881 0.0020977521794971025 -0.0037790094602823759
leaf_weight=1.9109260123223055 1.5533703789114941 2.1721716988831754 2.4566361010074642 1.8545695403590787 0.82333929510787207 10.579808434471486 35.055454445071518 65.869204496964812 98.91281510470435 5.9350184295326445 3.6819194937124848 60.871772996149957 2.4687898028641948 7.686754847411069 16.253571718931202 22.376703867688779 10.528939190320669 2.9107735119760028 3.4438339360058299 39.182061397004873 1.4080928266048456 70.939639435149729 1.5571292415261266 12.528851094655689 17.689146869350225 25.739859873428941 264.65222459612414
leaf_count=31 18 43 37 26 30 143 545 935 3800 106 44 3207 50 72 183 221 143 23 29 1377 24 934 23 372 372 971 13213
internal_value=-0.000437013 -0.00190968 0.0041259 0.00142954 0.000948029 0.00307531 -0.00359285 0.00629965 -0.00154682 -0.01196 0.00404683 -0.00387658 -0.0225055 0.00935604 0.00187594 0.0131653 0.00431361 0.0195415 0.00613312 -0.00278479 -0.00403673 0.00503903 -0.01648 0.0112569 0.0059445 0.00379649 -0.00469001
internal_weight=791.043 598.03 193.013 127.356 243.805 113.415 36.9664 76.449 151.447 13.9403 5.53649 354.225 8.40381 65.6572 22.154 43.5032 18.2157 25.2875 19.6974 138.095 352.672 92.3581 3.7293 13.3522 88.6288 27.148 325.524
internal_count=26972 24384 2588 1880 6951 1654 576 1078 5579 226 70 17433 156 708 249 459 215 244 212 5177 17415 1372 66 402 1306 995 16420
is_linear=0
shrinkage=0.03


Tree=45
num_leaves=24
num_cat=0
split_feature=15 24 26 2 10 2 8 12 0 19 0 22 19 0 26 8 10 21 8 15 0 8 7
split_gain=5.35299 4.1455 3.03185 2.82517 3.17896 2.34354 2.33248 3.4352 3.75169 3.05567 2.82594 3.35261 3.06534 2.18487 2.07217 1.64909 1.48841 1.48473 1.42225 1.38274 0.627783 0.705596 0.497801
threshold=0.5344873150105709 4.1047631181168569 -3.0608898903236672 -0.08288060451200209 0.15385019987376397 -0.10670858570875701 0.95438144329896912 0.70783906956767217 0.09621163531364986 35.500000000000007 -0.37584074224747821 0.0062378523897493468 44.500000000000007 -0.54135090116355056 -1.5545668448388832 0.96453608247422695 0.33166666666666672 0.3027247467945921 0.21824742268041239 0.21762913723860963 -0.30289450712747562 0.33166666666666672 0.92391752577319608
decision_type=8 10 10 2 2 2 2 8 2 8 2 2 8 2 8 2 2 2 2 10 2 2 10
left_child=1 6 17 5 -5 -4 10 8 -8 -9 11 -1 -12 22 20 18 -17 -3 -16 -19 -15 -22 -2
right_child=13 2 3 4 -6 -7 7 9 -10 -11 12 -13 -14 14 15 16 -18 19 -20 -21 21 -23 -24
leaf_value=-0.0026171368301108277 0.0087136612168570611 0.0025900812377918836 0.0060605891902452101 0.022284559498605101 0.0074817587442347483 -0.023674316831414667 -0.00954993360767133 -0.034655438126248203 0.015761183025994063 0.0020359595656992127 0.00146040809346909 0.0107385623852725 -0.0044629681387443141 -0.035391278548101091 0.00055202773258064325 0.029368690502011074 0.0025180733351368766 -0.041233101632123015 -0.0048743774606252576 0.0028187382972274392 -0.0040143036322676795 -0.016194696359861999 0.032371724685334717
leaf_weight=29.207610122859478 1.5295744687318795 2.6448817215859881 5.623017783742398 16.460095458664 63.151173962745816 4.1432322519831342 6.4379847673699251 2.9144270932301861 29.062048695981503 6.8301723459735513 153.69084930652753 40.195002981461585 160.99463404761627 1.0804522847756768 56.920131187420338 2.3630719101056448 8.6938817217014712 2.1497326269745831 183.96847956627607 0.91392280161380757 6.6349639464169767 12.061141144949941 1.6792498566210268
leaf_count=381 27 33 81 137 1000 79 120 54 301 123 4635 456 5240 33 2335 65 374 41 10442 35 324 695 14
internal_value=-0.000124921 0.00165264 0.00732037 0.0086742 0.0105423 -0.00655414 0.000397381 0.00684004 0.011171 -0.00893775 -0.000361548 0.00511791 -0.00157002 -0.00351554 -0.00380616 -0.00307216 0.00825654 -0.0138763 -0.00359216 -0.0280919 -0.013157 -0.0118721 0.0210945
internal_weight=799.35 524.419 95.0861 89.3775 79.6113 9.76625 429.333 45.2446 35.5 9.7446 384.088 69.4026 314.685 274.931 271.722 251.946 11.057 5.70854 240.889 3.06366 19.7766 18.6961 3.20882
internal_count=27025 12716 1406 1297 1137 160 11310 598 421 177 10712 837 9875 14309 14268 13216 439 109 12777 76 1052 1019 41
is_linear=0
shrinkage=0.03


Tree=46
num_leaves=32
num_cat=0
split_feature=5 21 7 22 6 13 22 11 9 22 2 2 26 22 3 13 21 4 7 8 22 13 8 22 21 9 18 4 18 24 12
split_gain=5.0312 3.9972 3.03227 3.29092 2.89084 2.43247 2.79996 3.64322 3.20686 2.87224 2.3469 2.2801 2.21122 2.19358 1.92028 2.06308 2.12047 1.85841 1.84459 1.81468 1.55378 2.65251 2.32925 1.49475 1.48733 1.30253 2.03118 1.41314 1.27917 1.16205 0.298746
threshold=0.87314432989690738 0.41260630312108193 0.84268041237113411 -0.038467732815489188 0.22111111111111112 0.79283461194102856 -0.020132422886541396 -0.20857883159636256 0.99500000000000011 -0.015858757712291022 -0.16857903530307644 0.073371551597607651 0.55954574536792812 -0.018856415048403012 0.59091836734693881 0.36312883802168844 0.32835351502346422 0.57071428571428584 0.76144329896907226 0.65989690721649497 0.0069296789471828225 1.1748756992240321 0.96922996002524731 0.0025029102504132402 0.56156166374279692 0.92391752577319608 0.20991432068543456 0.99500000000000011 0.028991596638655467 1.6949817699181946 0.92780350378011567
decision_type=2 2 10 2 2 8 2 8 8 2 2 2 10 2 2 10 2 2 8 2 2 8 2 2 2 10 8 2 10 10 8
left_child=1 2 3 29 20 14 7 8 -7 28 -11 12 -4 -5 17 18 -17 23 -16 -9 22 -22 -3 -2 -19 27 -27 -6 -8 -1 -13
right_child=5 4 11 13 25 6 9 19 -10 10 -12 30 -14 -15 15 16 -18 24 -20 -21 21 -23 -24 -25 -26 26 -28 -29 -30 -31 -32
leaf_value=0.0082002245604185595 -0.0082221039940225341 0.0010199573615712249 0.014026582857869931 -0.028046580443215747 -0.0057538910900146812 0.0074580067140903716 0.0019423883947886445 0.014060514716873194 -0.038067132321565465 -0.035321720466889736 0.0048747834406634933 0.027845328880484618 -0.018340954533830653 0.00067483326911530123 -0.0058664484426157824 -0.044286174505388756 -0.00080070737445646779 -0.020652110702836849 0.014642002060653973 0.03403893191203574 -0.0082492786321171456 0.0045596964009108195 0.017185930160210791 0.0062961037895070387 -0.0025117894405161539 0.015396684180307674 -0.0036560920206507898 0.019379057548055141 -0.029201761484992619 0.044480020281045321 0.045887197947880494
leaf_weight=1.306899108923971 11.614687530323865 85.639159028884023 12.959155232645573 2.4564599874429396 264.03804837632924 9.6195750506594742 1.829715690575539 9.1501859487034434 1.6282980721443898 1.3207740988582362 127.71609474904835 1.6678191302344192 2.2258345754817119 92.982188136782497 5.3102754019200864 1.3287156429141749 4.1971888625994325 9.7496065981686133 15.375835353974251 7.4019288211129597 39.723429561592638 22.960347518790513 8.8504633493721467 14.167842681985347 6.9800853971391907 6.9321044115349677 18.409821236971766 2.0289154397323719 3.3784941323101521 2.0269420659169555 1.6364897442981603
leaf_count=33 264 2186 195 89 15089 109 32 123 28 19 1717 29 41 3252 141 22 72 187 251 70 1144 563 95 317 179 143 607 38 62 20 12
internal_value=-0.000362835 -0.00188539 0.00304627 0.000959047 -0.00317456 0.00337046 0.00537629 0.014042 0.000867561 0.00358175 0.00446335 0.0141965 0.00928211 -6.44166e-05 -0.00135907 0.00502732 -0.0112569 -0.00529677 0.00937733 0.0229946 0.000104689 -0.0035575 0.00253416 -0.000244156 -0.0130835 -0.00494324 0.00155566 -0.00556224 -0.0182604 0.030258 0.0367807
internal_weight=796.613 565.844 117.262 98.7725 448.582 230.769 162.045 27.8 11.2479 134.245 129.037 18.4893 15.185 95.4386 68.7242 26.212 5.5259 42.5122 20.6861 16.5521 157.173 62.6838 94.4896 25.7825 16.7297 291.409 25.3419 266.067 5.20821 3.33384 3.30431
internal_count=27129 23536 3671 3394 19865 3593 2160 330 137 1830 1736 277 236 3341 1433 486 94 947 392 193 3988 1707 2281 581 366 15877 750 15127 94 53 41
is_linear=0
shrinkage=0.03


Tree=47
num_leaves=26
num_cat=0
split_feature=5 11 25 12 21 17 1 16 4 16 1 20 19 8 17 5 1 23 14 24 4 10 24 25 26
split_gain=4.01538 3.84582 2.57877 2.79991 2.47108 2.65419 2.84409 2.46732 2.56081 2.33923 2.32995 2.29419 2.32048 2.1353 2.0869 1.87482 1.86793 1.66733 1.53669 1.13258 1.0183 1.16953 2.21153 0.977835 0.823128
threshold=0.8461498001262362 0.67234065366900009 6.5150802618455632 1.5487433799082624 0.44626557900919578 -0.19776826570544501 0.17407803043104433 0.39262450538719784 0.020513359983168528 0.29377005912342991 -0.0010826988167613285 0.50311201434458208 -4.4999999999999991 0.85640648011782039 1.3160250010550978 0.98484536082474239 0.30024891746999854 -0.6392611679478607 0.98816526610644273 5.5315911869147483 0.015154639175257735 0.46428199520983032 3.5838056026495875 7.6940517128774841 -0.36515260353312923
decision_type=2 10 10 10 2 10 2 8 2 10 2 8 10 2 8 2 2 2 10 8 2 2 10 10 10
left_child=1 4 3 11 13 18 -7 9 -9 23 -10 15 -13 16 -15 -2 -1 -11 -6 24 -3 -22 -23 -4 -5
right_child=2 20 7 19 5 6 -8 8 10 17 -12 12 -14 14 -16 -17 -18 -19 -20 -21 21 22 -24 -25 -26
leaf_value=-0.0011236385758834442 0.0035687744417907835 0.036808923453128917 -0.016787926938883667 -0.015730758126785722 -0.005795435893106729 -0.0015272228398330223 0.012035976208011586 -0.061986674344356812 0.011022041631310394 -0.012355224687945743 -0.0091722448900749352 0.017116623780135249 0.0055973168654485771 0.0030288594048956648 0.020205609362856501 -0.0058605039878133697 0.022716997700961722 -0.05192933794318022 0.0062489067457112352 0.00055665972313375973 0.026416771555290871 -0.0079563590370801563 0.031439036080959291 0.022891918633682493 -0.048399837444614714
leaf_weight=100.00608839280903 107.66529501741752 1.7633071579039086 1.1668936135247379 1.4550840053707359 217.08282889006659 147.65322338650003 15.361967909149824 0.59900922793895262 10.29822432529182 1.5977036235854032 10.269843849353485 20.012609650380909 73.695058548357338 18.690327113494277 9.6541057331487554 23.03878912422806 3.0479338923469177 2.3937146700918674 9.9716322738677245 1.5695088431239126 3.2612418979406339 4.1841315827332437 1.8492715754546223 1.0728317582979796 1.3272777628153556
leaf_count=3735 2011 15 28 22 10846 6724 301 12 228 22 263 257 1045 391 245 265 28 41 173 16 38 102 20 19 25
internal_value=-0.000115156 -0.00159979 0.00297119 0.00401288 -0.00197104 -0.00316964 -0.000249076 -0.00572647 -0.000841904 -0.0223193 0.000938831 0.00447506 0.00805743 0.00158713 0.00887926 0.00190671 -0.000418526 -0.0360884 -0.00526648 -0.0198204 0.0159076 0.0119424 0.00411855 0.00221878 -0.031315
internal_weight=788.688 532.526 256.162 228.764 521.468 390.07 163.015 27.3982 21.1671 6.23114 20.5681 224.412 93.7077 131.398 28.3444 130.704 103.054 3.99142 227.054 4.35187 11.058 9.29465 6.0334 2.23973 2.78236
internal_count=26872 22618 4254 3641 22443 18044 7025 613 503 110 491 3578 1302 4399 636 2276 3763 63 11019 63 175 160 122 47 47
is_linear=0
shrinkage=0.03


Tree=48
num_leaves=30
num_cat=0
split_feature=10 6 21 21 9 3 2 15 23 18 26 20 24 20 26 24 21 24 9 9 9 20 4 20 13 10 22 22 9
split_gain=5.32526 5.67853 4.07073 5.3896 3.88807 3.12202 2.79577 2.91665 2.83292 2.38488 2.12772 2.1089 2.06354 2.0232 3.80277 1.81357 1.78088 3.61089 2.48569 1.98954 1.76418 1.59799 1.85289 1.78781 1.57614 1.57244 1.3736 1.22277 0.962392
threshold=0.070353535353535376 0.22111111111111112 0.58567473130511838 0.53893326019250576 0.9794866400168315 0.96922996002524731 0.01759640659466178 0.022599591419816142 0.53044705538287362 0.22967032967032971 -1.1520342430259436 0.45958749215458489 5.0710283895098316 0.39166011386594773 2.6601358452103354 3.2545058596521641 0.42835793361126356 4.1531766878382124 0.98974332000841592 0.48469228366135592 0.86298969072164955 0.35403733237104257 0.22111111111111112 0.38369269482651963 1.5122207656540501 0.67178624026930367 0.0093272355411019962 0.053272037255988038 0.7817525773195878
decision_type=2 2 2 2 10 2 2 8 2 8 8 8 10 10 8 10 2 10 10 8 10 8 2 10 10 2 2 2 8
left_child=2 5 3 13 21 6 7 -2 -8 -6 28 26 -12 14 -1 -15 17 18 -3 27 -13 22 -4 -23 -21 -19 -5 -18 -7
right_child=1 16 4 11 9 10 8 -9 -10 -11 12 20 -14 15 -16 -17 19 25 -20 24 -22 23 -24 -25 -26 -27 -28 -29 -30
leaf_value=-0.010712209458395315 0.031194640542780851 -0.001914160408034287 -0.017972342782964265 -0.041029112481260753 0.010425402588521903 0.012673288731991224 0.0080631515998114585 -0.0030626983763764599 -0.0041305935067422229 -0.038707161473904184 0.011038290013620508 0.0072567409901716454 -0.0053316034434870412 0.0055036924449268802 0.012952755009579759 0.019219542201592048 -0.0083477253539640962 0.018740852122721013 -0.051336860559424886 -0.0033386802497775733 -0.018841680243280323 0.034075525751091726 0.014242461026679936 0.015713291736567988 0.010988353384982379 -0.0045445346600094423 -0.013829309085897154 0.012102618479529974 0.036837484340227149
leaf_weight=16.920687013305724 2.2822665497660628 68.402255666907877 2.3254931084811679 3.2076392993330982 1.6339423917233937 2.6571819996461272 63.291555274743587 112.17961569083855 23.519749917089939 1.95058261975646 27.52834702655673 5.0388724589720351 9.2623326331377012 55.131127449683845 9.5663590524345654 10.29669831972569 106.93712987890467 11.80060777440667 0.92830366920679708 198.06429279455915 4.3378610489889979 6.1895480323582914 5.1998812202364206 20.839118442498147 7.1605948619544497 3.3513053320348254 3.4880290739238262 2.6977690970525137 3.3579431055113673
leaf_count=321 24 2763 30 58 23 27 1425 3010 555 23 332 67 82 647 120 82 6481 181 24 9834 58 51 60 198 171 110 56 116 24
internal_value=-0.000166557 -0.00134069 0.0050034 0.00202769 0.0134289 0.00226426 0.000699552 -0.00237964 0.00475951 -0.016311 0.0096215 -0.0139998 0.00691705 0.00483029 -0.00216511 0.00766222 -0.00354405 0.000323549 -0.00257591 -0.00458179 -0.0048169 0.0165141 0.00428743 0.0199182 -0.00283879 0.0135906 -0.0268597 -0.00784451 0.0261629
internal_weight=789.547 643.421 146.126 107.987 38.1386 244.079 201.273 114.462 86.8113 3.58453 42.8058 16.0724 36.7907 91.9149 26.487 65.4278 399.342 84.4825 69.3306 314.86 9.37673 34.554 7.52537 27.0287 205.225 15.1519 6.69567 109.635 6.01513
internal_count=26953 25159 1794 1409 385 5479 5014 3034 1980 46 465 239 414 1170 441 729 19680 3078 2787 16602 125 339 90 249 10005 291 114 6597 51
is_linear=0
shrinkage=0.03


Tree=49
num_leaves=30
num_cat=0
split_feature=5 19 11 18 23 3 12 25 22 22 25 5 6 19 6 20 23 0 3 3 22 10 20 22 24 6 4 3 10
split_gain=4.90993 3.24852 3.12338 3.06569 3.28287 3.82527 3.34373 2.79602 2.76953 2.47197 3.08642 2.40639 2.30376 3.67537 2.70515 2.2927 1.9835 1.98077 1.81294 1.67339 1.90063 1.61187 1.49499 3.11886 1.59285 1.41767 1.1734 1.09665 0.682297
threshold=0.7817525773195878 29.500000000000004 0.4481855032171041 0.57294832826747732 0.89323902934898436 0.99500000000000011 -0.10220647006812052 5.867296956919609 0.070253435957887883 -0.032481019579097638 3.284119459730559 0.917946560067326 0.10256679991584264 46.500000000000007 0.19793814432989695 0.4472912439890831 -0.69819484098930584 0.72585834932327986 0.89345360824742281 0.87314432989690738 -0.0076327505923953045 0.16410687986534822 0.58867372248542682 0.045881732836281747 3.0730046321185647 0.051283399957921319 0.020101010101010106 0.194876919840101 0.13333683989059544
decision_type=2 8 10 10 2 2 8 10 2 2 10 2 2 10 2 10 2 2 2 2 2 2 8 2 10 2 2 2 2
left_child=1 2 19 9 6 7 18 -6 22 10 11 -2 13 -11 -14 16 -4 -8 -5 20 -1 -12 24 -24 -3 -17 -21 -10 -29
right_child=3 8 15 4 5 -7 17 -9 27 12 21 -13 14 -15 -16 25 -18 -19 -20 26 -22 -23 23 -25 -26 -27 -28 28 -30
leaf_value=-0.0078993616456178306 -0.00082013026271702562 -0.0044276843837687862 -0.022383256913042757 0.012691289745715274 0.0065902115716422764 -0.047698964254523905 0.0022756083043976509 -0.024724854464085944 -0.0061380393255922108 -0.020779530928491319 -0.017517679004063549 0.027573879309009643 0.010992144665840134 0.0064081030418188739 -0.00025436595678142378 0.046686334832562307 0.015623792960140584 0.014506988569810031 0.03053101918449368 0.03836545924972589 0.0011586913890889903 0.010240745615987666 -0.0072512650661910915 -0.051039330810998818 0.00064692137436923999 0.016543978066298329 0.0061329603309659602 0.043679985899713697 0.015612908344692112
leaf_weight=27.367618069518358 3.734803048893812 192.36763097112998 1.8172054924070833 11.621711419895293 13.062611845321959 1.6351759769022454 35.489406020380557 3.1934687970206133 1.0211337506771077 11.261530210264029 3.9865241395309559 9.5686661982908827 21.83730848506093 7.4260005773976436 162.36833367869258 2.6076130270957947 3.8624628996476513 17.939095412380993 9.1737800985574705 1.0600738329812909 87.51960484078154 3.567557763773948 50.093468628823757 1.5080224564298976 78.339597942307591 3.0431880922988057 24.720360411796719 1.5630049630999567 1.5550558278337119
leaf_count=1220 85 9681 38 183 192 20 721 63 38 178 67 94 331 118 3624 12 66 185 76 12 4128 122 2156 43 2773 46 746 17 61
internal_value=6.51865e-05 -0.00185127 0.00177146 0.00296806 0.00757435 -0.00396109 0.0103549 0.000438441 -0.00353805 0.00107172 0.0109065 0.0196026 6.06977e-05 -0.00997578 0.00107889 0.0169241 0.00346347 0.0063824 0.0205612 0.000550949 -0.000999054 -0.00440824 -0.00385119 -0.00853094 -0.00295915 0.0304534 0.00745834 0.0208454 0.0296822
internal_weight=794.312 478.446 151.998 315.866 92.1152 17.8913 74.224 16.2561 326.448 223.751 20.8576 13.3035 202.893 18.6875 184.206 11.3305 5.67967 53.4285 20.7955 140.668 114.887 7.55408 322.309 51.6015 270.707 5.6508 25.7804 4.13919 3.11806
internal_count=27096 21037 6268 6059 1440 275 1165 255 14769 4619 368 179 4251 296 3955 162 104 906 259 6106 5348 189 14653 2199 12454 58 758 116 78
is_linear=0
shrinkage=0.03


Tree=50
num_leaves=30
num_cat=0
split_feature=10 11 23 17 26 24 16 16 26 6 22 15 22 22 16 17 20 20 6 19 6 20 16 23 20 17 8 19 17
split_gain=4.46441 4.06619 2.76922 2.70745 3.42048 2.31218 2.30313 2.51043 2.23407 2.31752 2.6804 2.4798 2.13941 5.27032 3.66034 3.64982 2.68954 2.95679 2.41395 2.09425 2.24432 2.40675 2.06884 2.00596 1.81125 1.2592 1.77573 1.3662 1.04747
threshold=0.13701030927835053 0.34002626296415178 0.85727713745148992 0.95230848327768436 0.31801350198087591 -1.1372067834616963 1.1480020353343645 0.98660316634423273 -1.7084327998271263 0.090454545454545468 0.01596852594830191 0.75287508261731662 0.0048457235291961978 -0.012331247934221369 0.6722573344921895 -0.030177641141520824 0.36898740499038635 0.36355319645912693 0.94422680412371141 29.500000000000004 0.030151515151515155 0.46498647081394723 0.027992140444818254 0.024691588851343014 0.50920931758837218 0.020423307809345117 0.99500000000000011 114.50000000000001 0.13938191780529691
decision_type=2 10 2 8 8 10 10 8 8 2 2 8 2 2 8 10 10 10 2 8 2 10 8 2 8 8 2 10 8
left_child=2 19 12 4 5 -4 7 -5 23 11 -11 -10 13 14 -1 -15 17 -14 -18 20 21 -2 -22 28 -6 27 -27 -21 -3
right_child=1 8 3 6 24 -7 -8 -9 9 10 -12 -13 16 15 -16 -17 18 -19 -20 25 22 -23 -24 -25 -26 26 -28 -29 -30
leaf_value=0.031544971010474862 0.0257724249188994 -0.043989871628299461 -0.00046453620914702667 0.0098123737241789209 0.0038531585710419357 -0.044615814999472821 0.03545829299141065 -0.008030756149995039 0.01381597143999016 0.0055797296907410046 -0.008312856014595818 -0.013723250101401132 0.0020280660575184928 -0.01302242503615037 0.0056823326919041139 0.0043835014482265493 0.013508844470640916 -0.044971685304491714 7.1339710766482077e-05 -0.0071860692610757849 0.040578519820853406 -0.014086484751592162 -0.00098819172183453726 0.0097291554453988564 -0.019855649491291635 -0.0031103500559478783 0.017544405746028408 0.015706603794454481 -0.0077669987017214177
leaf_weight=5.7595822038128963 5.6912200804799786 1.9331109458580613 1.4791159853339193 13.556863051839178 8.9398187017068267 3.8363081905990839 1.8006096780300129 14.892118760850279 31.005317969247699 41.608293841127306 17.865846438333392 3.2513541318476191 25.835497437044982 25.470034797675908 33.994493569247425 18.878637286834419 60.776532578282058 1.2635994292795647 15.001779494807122 109.91518859798089 1.0863939151167858 1.7929149596020577 133.93438952881843 1.7464423282071946 4.2924910075962552 188.70685865916312 3.8219767231494179 2.397366066928952 1.1434936854057014
leaf_count=51 89 46 31 195 136 82 17 261 281 788 433 54 456 471 478 357 709 28 196 5447 7 42 6304 31 77 9573 77 119 26
internal_value=-6.42712e-05 -0.00155426 0.00338554 -0.00297873 -0.0120031 -0.0323299 0.00255463 0.000472074 0.00396198 0.00498658 0.00140644 0.0112022 0.00504646 0.0014973 0.00942932 -0.00561295 0.00794791 -0.000163478 0.0108486 -0.00276954 0.000232638 0.0162237 -0.000653741 -0.01595 -0.00383785 -0.00417297 -0.00270032 -0.00669741 -0.0305268
internal_weight=781.678 545.9 235.777 48.7973 18.5477 5.31542 30.2496 28.449 98.5539 93.7308 59.4741 34.2567 186.98 84.1027 39.7541 44.3487 102.877 27.0991 75.7783 447.346 142.505 7.48414 135.021 4.82305 13.2323 304.841 192.529 112.313 3.0766
internal_count=26862 23317 3545 799 326 113 473 456 1659 1556 1221 335 2746 1357 529 828 1389 484 905 21658 6442 131 6311 103 213 15216 9650 5566 72
is_linear=0
shrinkage=0.03


Tree=51
num_leaves=26
num_cat=0
split_feature=10 11 8 19 11 9 12 16 1 9 23 9 0 10 14 0 7 15 13 7 9 8 25 7 15
split_gain=4.40936 2.94982 3.11081 2.99516 2.66858 2.39604 2.68443 2.26438 2.23474 2.29313 2.14828 2.0212 1.96491 1.96281 3.08357 2.69344 1.94972 2.72141 3.09648 1.93799 1.9312 1.63896 1.11311 1.42149 1.19881
threshold=0.35202540872643967 0.21162615554225542 0.95438144329896912 78.500000000000014 0.34002626296415178 0.99500000000000011 -0.053576380937631 0.89761374891975365 0.2744824080515143 0.99500000000000011 -1.3025649072023404 0.98974332000841592 2.2666039866811158 0.67005154639175268 0.035504201680672275 0.065260924428583125 0.96922996002524731 0.20585791441628584 -0.28710269890349699 0.035463917525773207 0.73332632021880928 0.96922996002524731 2.4382486357085793 0.025309278350515465 0.09248863940122963
decision_type=2 10 2 10 10 10 10 8 2 8 2 10 2 2 10 2 8 8 10 10 10 2 10 10 8
left_child=1 2 8 19 16 6 20 -5 11 -10 -8 -1 13 15 -15 -6 22 18 -18 -4 -3 -19 24 -24 -2
right_child=4 5 3 7 12 -7 10 -9 9 -11 -12 -13 -14 14 -16 -17 17 21 -20 -21 -22 -23 23 -25 -26
leaf_value=-0.00077651509485745162 -0.027154031269028756 0.0058449351403627794 0.0017104733300024519 0.0036902538784052558 -0.024304723120528313 0.038883846047341124 -0.004295462765412263 -0.045658837092680794 0.020640362845704162 -0.014771077982810193 0.016988430109330037 0.01058318841306379 -0.021820612487054761 -0.038813468759848271 0.00094948211458224102 0.011180583048811529 -0.0031127090122941787 -0.0040046838239878677 0.018122692385829808 0.020207168957104692 -0.01447843427269138 0.014196815468275592 0.015108657486131303 -0.004657982042876466 -0.0083385208731066099
leaf_weight=286.87593148462474 3.3874620040878645 11.586206825450065 7.3355636671185556 2.2207390191033478 2.0527841718867412 2.2952033020555964 5.2021616734564331 1.3428347595036028 8.5357235036790335 2.03897649049759 23.769534907769412 14.825200175866483 2.8739383136853567 1.8315753936767567 42.119921759702265 30.949705723207444 11.378680779598655 75.503916333429515 13.526636495254932 16.713797891978174 6.608019456267356 4.7314225812442592 3.3352288445457807 179.26804008428007 30.37800205918029
leaf_count=8071 96 163 114 35 46 15 78 24 97 25 348 189 39 34 830 455 229 4260 255 203 101 116 119 9288 1777
internal_value=-0.000168145 0.00210638 0.00111026 0.0107619 -0.00237474 0.00895157 0.00749499 -0.0149056 0.000256814 0.0138125 0.0131667 -0.000218314 0.00253463 0.00344421 -0.000707545 0.00897337 -0.00359369 -0.000242319 0.00842071 0.0145653 -0.00153637 -0.00293135 -0.00522223 -0.00429695 -0.0102262
internal_weight=790.687 389.35 339.889 27.6129 401.337 49.4611 47.1659 3.56357 312.276 10.5747 28.9717 301.701 79.8279 76.954 43.9515 33.0025 321.509 105.141 24.9053 24.0494 18.1942 80.2353 216.369 182.603 33.7655
internal_count=27007 9463 8758 376 17544 705 690 59 8382 122 426 8260 1404 1365 864 501 16140 4860 484 317 264 4376 11280 9407 1873
is_linear=0
shrinkage=0.03


Tree=52
num_leaves=28
num_cat=0
split_feature=10 6 11 11 9 17 4 21 1 5 11 4 18 11 1 6 18 13 0 21 17 2 0 16 17 5 26
split_gain=4.2158 3.39721 2.89411 2.64907 3.46499 2.46978 2.74649 2.01952 1.93358 1.7921 2.59808 2.40231 1.7752 1.76376 1.74488 1.64122 2.23985 1.61346 1.37751 1.31691 1.73656 2.42611 1.2841 1.15227 1.14934 0.710748 0.659721
threshold=0.38072164948453613 0.23116161616161621 0.51817452244665685 0.23940009991165392 0.9794866400168315 0.029805235668084035 0.87691984010098889 0.60561974249024597 0.069006321476382679 0.87314432989690738 0.21780912284111589 0.96922996002524731 0.83935483870967753 0.25712044662568273 0.049866820795068212 0.90360824742268053 0.71269841269841283 -1.0138378228951876 0.46919436198368852 0.62940238480744271 -1.7955202727634259 0.063971630340128663 0.93149338674423043 0.40830491201932523 1.0000000180025095e-35 0.98974332000841592 -1.7084327998271263
decision_type=2 2 10 10 10 10 2 2 2 2 8 2 8 8 2 2 10 8 2 2 8 2 2 8 10 2 8
left_child=2 3 9 4 7 6 -5 -2 -7 12 11 -11 17 -12 -14 16 24 -1 -6 20 21 -3 -17 -22 -4 26 -21
right_child=1 19 15 5 18 8 -8 -9 -10 10 13 -13 14 -15 -16 22 -18 -19 -20 25 23 -23 -24 -25 -26 -27 -28
leaf_value=0.014214621992315449 0.0024520407868575023 -0.0010759994657322577 0.017007756984955259 -0.0016123499365820514 -0.015525280930685163 0.023903844685458496 0.015179691177913596 -0.0063869256759166888 0.0050922688786441406 0.0036811527028476911 0.030033101836957947 -0.010439997296547638 -0.0056894359827330734 0.0091911269276243705 0.0040143617714640438 0.0089092485666517618 -0.0075467993612288523 0.0013394022597584545 -0.062659524242843961 -0.017694010902342849 0.0061948913290056414 0.03016280790416968 -0.030038793491660401 -0.0045072061177375651 0.036314130342209636 0.022127569499197058 -0.0067852506785370343
leaf_weight=9.3933932431973499 56.711603838019073 6.5764782945625466 8.4965615635737795 39.684273343533278 1.1213123966008418 9.9558038581162709 11.251775112003086 39.445563807617873 9.7174882180988771 115.45127788372338 4.2282405141741037 11.966376870870588 65.850052719470114 26.921923763118688 22.333503948524594 2.0996951097622509 2.5433498024940482 129.86160189518705 1.1108865477144716 5.2847285382449627 9.9650288596749288 3.3913370985537767 1.1956967804580925 99.081440226640552 4.1212491150945416 0.73967273999005456 89.295934284105897
leaf_count=171 1537 327 86 615 29 134 113 1535 132 1643 46 174 3036 394 747 34 27 3762 14 362 349 72 22 5472 38 10 6036
internal_value=0.000223968 -0.0020303 0.00236047 0.00115023 -0.00203165 0.00558396 0.00209701 -0.00117388 0.014612 0.00180557 0.00425367 0.00235497 9.87764e-05 0.0120202 -0.00323184 0.0139659 0.0181367 0.0022079 -0.0389823 -0.00453808 -0.00243359 0.00955234 -0.00522262 -0.00352921 0.0233136 -0.00716569 -0.00739478
internal_weight=787.796 383.333 404.463 168.999 98.3894 70.6093 50.936 96.1572 19.6733 386.006 158.568 127.418 227.439 31.1502 88.1836 18.4566 15.1612 139.255 2.2322 214.335 119.014 9.96782 3.29539 109.046 12.6178 95.3203 94.5807
internal_count=26917 16737 10180 4109 3115 994 728 3072 266 9973 2257 1817 7716 440 3783 207 151 3933 43 12628 6220 399 56 5821 124 6408 6398
is_linear=0
shrinkage=0.03


Tree=53
num_leaves=24
num_cat=0
split_feature=10 21 22 6 7 12 12 20 25 22 9 24 20 21 11 5 12 12 22 20 24 13 22
split_gain=3.24354 4.59712 4.15629 3.05174 3.38215 3.28997 2.87606 2.83528 3.17411 2.78298 2.66587 2.62315 2.53133 2.28738 2.70268 1.99577 1.75839 1.73496 1.69856 1.51589 2.7827 2.03412 1.16529
threshold=0.070353535353535376 0.5974517531445166 0.050334554147709716 0.13701030927835053 0.97469072164948456 -0.27094574653068582 -0.47545905254799398 0.39025597899559777 2.0892582698060433 0.0069296789471828225 0.9794866400168315 4.9466328940588529 0.30959131963334791 0.3027247467945921 0.19044873438612878 0.98484536082474239 -0.8811546383768577 -0.12284653471219563 0.0031885105624777543 0.40376100779739782 -10.428190028459172 0.8201746482953981 0.11963290435117778
decision_type=2 2 2 2 10 10 10 8 10 2 10 10 8 2 8 2 8 10 2 10 8 10 2
left_child=1 2 7 15 13 11 -4 8 -1 -9 12 -6 -3 14 -5 19 -14 -7 -17 20 -2 -21 -15
right_child=3 10 6 4 5 17 -8 9 -10 -11 -12 -13 16 22 -16 18 -18 -19 -20 21 -22 -23 -24
leaf_value=0.011718633880923778 -0.043194462570663922 -0.014182573068015949 -0.042436048122485588 -0.0020067688725853975 -0.018476597463205891 0.041122146994847557 0.0020417277471988533 0.00032365829493529824 -0.011267109649235543 0.011682497085663704 -0.014929649044134678 0.016054600265683439 -0.0038595569719389344 -0.0034310715975288566 0.015736322996908667 0.0026391554641591727 0.022863191743467258 0.013677832505577973 -0.0379666800982865 0.0038716639049134814 0.00039433593314498516 0.018575439359760065 -0.02728043996360819
leaf_weight=7.1856981646269587 1.3429053435102105 2.1024703849107089 3.2371874712407589 20.498923154547811 4.9358777320012468 2.729379058815538 2.1960711926221839 43.477571131661534 21.841846341267228 35.072448949329555 2.5166077092289916 3.3060247022658587 2.467985562980175 412.07948092790321 12.400353289674966 1.7111534383147948 21.71688395738602 8.6223877193406206 2.0235382057726383 81.558964664582163 71.448574421927333 9.4486109875142557 1.852126596495508
leaf_count=77 17 38 38 827 97 24 22 593 408 362 35 28 28 20405 258 19 203 147 31 1503 1539 117 78
internal_value=-0.000232776 0.00386863 0.00114173 -0.00115025 -0.00239771 0.00980175 -0.0244586 0.00243469 -0.00557704 0.00539536 0.0145675 -0.00462531 0.0173914 -0.00293266 0.00468093 0.00232275 0.0201362 0.0202764 -0.019362 0.00281717 -0.000409819 0.00539824 -0.00353778
internal_weight=775.773 141.815 113.011 633.958 466.425 19.5937 5.43326 107.578 29.0275 78.55 28.8039 8.2419 26.2873 446.831 32.8993 167.534 24.1849 11.3518 3.73469 163.799 72.7915 91.0076 413.932
internal_count=26894 1804 1500 25090 21864 296 60 1440 485 955 304 125 269 21568 1085 3226 231 171 50 3176 1556 1620 20483
is_linear=0
shrinkage=0.03


Tree=54
num_leaves=24
num_cat=0
split_feature=0 1 22 10 10 1 22 9 22 2 9 5 1 21 9 10 2 10 11 6 23 9 5
split_gain=2.8667 3.49346 3.09071 2.61379 2.56512 2.82493 2.88862 2.50146 2.63838 2.675 2.20046 1.85386 2.29255 1.69643 1.97146 1.59678 1.55302 3.54415 2.55505 2.27109 2.16343 1.2756 1.21774
threshold=0.38869072861838821 0.096072267640839218 0.042313710242609985 0.1128234799074269 0.14070707070707075 0.16603546116023779 -0.0057978869099695731 0.010256679991584264 0.026729963700390134 -0.019593621034384303 0.46428199520983032 0.11670103092783506 0.22419140708724619 0.53257592743279536 0.19793814432989695 0.22111111111111112 0.012657020128465953 0.55835051546391767 0.227809500150741 0.015154639175257735 -0.75893789336067619 0.035463917525773207 0.99500000000000011
decision_type=2 2 2 2 2 2 2 8 2 2 8 2 2 2 8 2 2 2 10 2 2 8 2
left_child=1 16 4 -4 5 6 -2 -3 10 -10 -9 12 -6 -5 -15 -13 19 18 -18 20 -1 -19 -21
right_child=2 7 3 13 11 -7 -8 8 9 -11 -12 15 -14 14 -16 -17 17 21 -20 22 -22 -23 -24
leaf_value=0.035735294594988115 0.029897552450046067 0.032993703628223514 -0.055827009051967032 0.012109973705100068 -0.0037591913909732527 -0.016601267290953483 0.0086608135785832246 -0.007029998054037763 0.022498234719305527 0.00029047730484450107 0.0042185698098704399 -0.0090521750208919886 -0.043458360804969801 0.021340791313425426 -0.027493295763106676 0.0042001006614417738 0.0019349603218647992 -0.028172342835148551 0.015704115647862935 -0.0032158876561974941 -0.0095147518600984787 -0.0042870710022867098 -0.016490946377543902
leaf_weight=2.5754033531993628 8.2713681552559191 2.6633539944887152 1.1779759041964988 2.5459371153265238 8.7351011075079423 2.7888610586524001 19.019317654892802 21.995916060172021 11.661603744607421 8.3961588344536704 54.265693986788392 8.6720212176442129 1.539983658120035 0.91963788121938694 3.8961077611893415 145.08301106886938 96.544923830777407 2.074802773538976 13.871766836382447 290.16786903887987 1.507572954520582 66.814655306283385 6.3552600862458339
leaf_count=26 79 18 15 31 340 27 215 657 179 202 1211 175 27 20 103 3670 3431 77 253 12281 36 3813 83
internal_value=0.000257012 -0.000817988 0.00332789 -0.0143358 0.00410499 0.0121584 0.0150973 0.00431359 0.00352055 0.0132021 0.000974178 0.00262818 -0.00970912 -0.00769658 -0.0181677 0.00345265 -0.00187638 0.000333303 0.00366479 -0.00319442 0.0190274 -0.00500644 -0.00350041
internal_weight=781.544 578.895 202.649 8.53966 194.11 30.0795 27.2907 98.9827 96.3194 20.0578 76.2616 164.03 10.2751 7.36168 4.81575 153.755 479.912 179.306 110.417 300.606 4.08298 68.8895 296.523
internal_count=26969 22267 4702 169 4533 321 294 2267 2249 381 1868 4212 367 154 123 3845 20000 7574 3684 12426 62 3890 12364
is_linear=0
shrinkage=0.03


Tree=55
num_leaves=27
num_cat=0
split_feature=7 25 2 20 0 5 25 10 23 1 12 0 23 20 20 26 22 0 14 21 5 12 22 22 0 21
split_gain=3.49881 2.96211 3.16364 2.77528 2.97126 2.86863 3.64452 3.51717 2.34407 2.2581 2.01958 1.93321 2.43099 2.15595 2.478 1.96493 1.74381 2.9055 2.9973 2.71513 1.99522 1.78227 1.55835 1.15022 1.75509 0.646204
threshold=0.92820324005891031 3.1920811925930486 0.079835266594016699 0.59423063437648027 -0.357528429615596 0.9794866400168315 2.0416928659023372 0.070353535353535376 -1.4333742970633119 0.19853701454708919 -0.18614628952761267 0.32519022705978512 -2.6500399386594693 0.66741181654865878 0.44419535112239678 1.1096491183049493 0.0051108912099293953 -0.25906783151539858 0.11853256021409457 0.31295552440530083 0.99500000000000011 -0.8811546383768577 -0.059998746081518277 0.0011640568728880053 0.1419453467293397 0.46154504178795003
decision_type=10 10 2 10 2 2 10 2 2 2 10 2 2 10 10 8 2 2 8 2 2 10 2 2 2 2
left_child=11 3 8 5 -5 7 -7 -2 10 -10 -3 16 -13 14 -14 -15 20 18 -18 -19 22 -22 -1 25 -25 -4
right_child=1 2 23 4 -6 6 -8 -9 9 -11 -12 12 13 15 -16 -17 17 19 -20 -21 21 -23 -24 24 -26 -27
leaf_value=0.0067479926066229831 0.022189935803063797 0.0036923871102706274 0.04361152794474249 0.00086328100899715602 -0.050446810431229859 -0.0020177462187265754 -0.046837150403249955 -0.0019693948538955994 0.011522587479554673 -0.0047251506549194815 -0.038540076279421999 -0.047078934413157476 -0.00040315952329726348 -0.037407574792744938 0.0064625555862788363 0.0061373052106779742 -0.0080820219242857781 0.012803864649536928 0.0098557360129388968 -0.0027765443848423916 -0.042409864745129554 -0.0057966339202266022 -0.0036740850849290153 0.034463708935262211 -0.003272218854277083 0.022708850135747034
leaf_weight=13.659267291426657 8.6073403321206623 2.2589435409754515 2.970918130129574 2.026617094874382 2.03631692752242 6.5372400470077974 2.1765174940228462 14.660936575382946 38.065335423219949 9.6500429045408946 1.8567187404260028 0.91427762061357398 116.27144494699314 2.3522292748093596 79.772183580324054 1.5453730262815955 10.451446956023572 10.762583354488013 42.375644365791231 155.62746012024581 2.2107392959296703 2.6083535794168702 236.07177965855226 2.0134392501786351 2.4700897773727775 2.4115797337144613
leaf_count=457 67 36 17 19 37 65 32 303 594 107 38 31 3570 63 1900 45 176 294 718 7611 29 40 10471 29 39 38
internal_value=3.02626e-05 0.00533495 0.00932677 -0.00149772 -0.024853 0.00146929 -0.0132127 0.00696756 0.00636291 0.00823662 -0.0153601 -0.000738302 0.00172814 0.00195132 0.00239057 -0.0201423 -0.00178396 0.000177315 0.00630688 -0.00176876 -0.003473 -0.0225928 -0.00310404 0.0248974 0.013674 0.0342463
internal_weight=772.365 97.742 61.6971 36.045 4.06293 31.982 8.71376 23.2683 51.831 47.7154 4.11566 674.623 200.856 199.941 196.044 3.8976 473.767 219.217 52.8271 166.39 254.55 4.81909 249.731 9.86603 4.48353 5.3825
internal_count=26826 1421 898 523 56 467 97 370 775 701 74 25405 5609 5578 5470 108 19796 8799 894 7905 10997 69 10928 123 68 55
is_linear=0
shrinkage=0.03


Tree=56
num_leaves=29
num_cat=0
split_feature=10 11 1 13 1 6 8 22 20 21 6 24 16 23 20 2 11 23 13 1 5 0 21 24 9 14 23 24
split_gain=3.322 4.5908 3.09892 2.89146 3.01595 2.49501 2.46796 2.31978 2.21534 2.09666 1.97375 2.05509 1.95849 1.87034 2.09451 1.84421 1.77437 1.75512 1.73848 1.726 1.68193 1.67897 1.50654 1.22454 1.16197 0.890075 0.832726 0.415691
threshold=0.54040816326530627 0.1779028997014134 0.078770657768893762 0.79283461194102856 0.076789376095466891 0.99500000000000011 0.85640648011782039 0.0028440800713672673 0.5374868133735905 0.61676417885004375 0.22111111111111112 -1.8950092025123326 0.43004288481747871 -1.2852997813306131 0.54322052128934073 -0.00058544033935017611 0.36922909099715367 0.15511531562856468 1.3792627118354486 0.67989180850183506 0.071796759941089847 1.4901272677829591 0.41849009300294482 -7.6739150685379007 0.88329896907216499 0.037268518518518527 -0.090531985307236898 2.0728263064037162
decision_type=2 10 2 10 2 2 2 2 8 2 2 8 8 2 8 2 10 2 10 2 2 2 2 10 10 10 2 8
left_child=1 2 6 4 5 -3 15 12 -6 -8 11 16 -4 14 -13 -1 23 21 -15 22 -9 25 -19 -2 26 -12 -5 -26
right_child=10 3 7 24 8 -7 9 20 -10 -11 17 13 -14 18 -16 -17 -18 19 -20 -21 -22 -23 -24 -25 27 -27 -28 -29
leaf_value=-0.004058727449457766 0.0088076083638010862 0.010464999701800703 0.030076091723202098 0.022632632358478001 -0.0090522504191842927 -0.031599893710382652 0.0077518882211253803 -0.021715370713887253 0.0098068433601954698 -0.0099816233319587402 0.0030224871222671061 0.0047731449474517906 -0.0023769925184265032 0.00063355370619409801 0.030309734806506793 0.00091587912725841613 -0.066943312425539317 0.0088534690902715776 -0.027099717853007244 -0.059246287623986503 0.011159156133799043 -0.045617250477895603 -0.0027429424580648213 -0.015269388524325331 0.039999889193576214 -0.0076997645950038799 0.0021410425171881999 0.022055299261049561
leaf_weight=171.67389367287979 2.5103045338764778 54.344635589979589 1.7734624966979051 4.1001432938501239 17.340614642016593 1.2993841115385283 41.683384853415191 1.4477486554533232 8.2838551234453899 7.00945099024102 7.5739625131245694 11.115899792872366 29.721831289120018 95.519867467693985 3.9065832430496821 110.07649518689141 0.50635202974081117 12.726868069730697 2.0785426935181013 0.45086842775344749 43.060720047913492 1.0157911274582136 48.529674008488655 7.8342389520257685 2.8619278781116009 87.066259150393307 3.1606744443997723 1.9558358853682873
leaf_count=6287 109 1066 27 60 301 32 962 29 94 351 443 285 605 2101 67 3862 10 522 61 10 762 32 3070 339 26 5383 49 22
internal_value=0.000129807 0.0015968 0.000218901 0.00759639 0.00556086 0.00948271 -0.0010374 0.00568094 -0.0029555 0.00519911 -0.00248096 0.000358326 -0.000549598 0.0015597 0.0114139 -0.00211521 -0.0121106 -0.00470875 4.29212e-05 -0.000764081 0.0100898 -0.00725344 -0.000333632 -0.00942664 0.021292 -0.00684167 0.0137125 0.032715
internal_weight=780.629 499.794 406.447 93.3471 81.2685 55.644 330.443 76.0038 25.6245 48.6928 280.835 123.472 31.4953 112.621 15.0225 281.75 10.8509 157.363 97.5984 61.7074 44.5085 95.656 61.2565 10.3445 12.0786 94.6402 7.26082 4.81776
internal_count=26967 14535 12885 1650 1493 1098 11462 1423 395 1313 12432 2972 632 2514 352 10149 458 9460 2162 3602 791 5858 3592 448 157 5826 109 48
is_linear=0
shrinkage=0.03


Tree=57
num_leaves=26
num_cat=0
split_feature=15 5 22 10 18 1 11 18 9 0 22 10 13 9 0 19 26 4 25 24 15 4 9 26 8
split_gain=4.10695 4.12639 3.0002 3.86452 2.90761 2.70213 2.66998 2.65775 2.64762 2.53769 3.00464 2.84389 2.27565 2.26594 2.09998 2.79497 2.52581 1.96664 2.73598 1.95129 1.89963 1.65948 1.53819 1.28632 0.834712
threshold=0.067798774259448427 0.40305112985525365 -0.020132422886541396 0.53804123711340213 0.1012820512820513 0.091011200733117012 -0.071358443752934861 0.73606811145510853 0.97469072164948456 0.34633834226882249 -0.020827287967921677 0.3908762886597939 -1.6058009666594428 0.52020408163265319 -0.214630667503284 67.500000000000014 0.89442485977079078 0.020513359983168528 3.920060469286335 2.218997994942812 0.068573667711598757 0.086237113402061874 0.99500000000000011 -2.6318624410622085 0.81537976015148339
decision_type=8 2 2 2 8 2 10 10 10 2 2 2 8 8 2 10 10 2 8 10 8 2 10 10 2
left_child=1 13 3 8 6 9 -4 -6 -3 17 11 -11 19 21 15 -14 -16 18 -2 -7 -12 -1 -19 -15 -25
right_child=5 2 4 -5 7 12 -8 -9 -10 10 20 -13 14 23 16 -17 -18 22 -20 -21 -22 -23 -24 24 -26
leaf_value=0.019002802681456758 -0.010609837802775319 0.022073135105650028 -0.0024828333425531922 -0.030191748353565081 0.0047907818407993078 -0.049329969797520599 -0.045891006186489981 -0.0091158974363811304 -0.014291102372702643 0.029073012111707444 -0.042153119758063143 0.0020312581506517443 0.015203779541456207 0.0063142120490208712 -0.0006756648402567178 -0.0067064476449871617 0.011707902826862338 -0.0035376534477057488 0.02155823178090123 0.0025997411841591563 0.00061365378921694248 -0.017441975782542276 0.014253022148970021 0.025811397850194855 0.045830251867275518
leaf_weight=2.3312839251011583 3.7252195365726921 15.487754377536481 2.96148931235075 1.6492956401780237 61.614627809263766 1.3806596407666805 2.2397906873375169 15.47463535517454 2.0392358386889091 6.7176650417968613 0.94269564002752204 7.3077445393428206 23.730184384621683 2.2665285309776655 87.522191885858774 6.7248822893016031 17.846071883104742 383.81164579279721 6.5877371011301884 1.2326382976025341 110.96683865040541 2.1721747638657689 4.4242945602163664 6.5327324168756604 2.6289406716823578
leaf_count=25 76 155 38 25 688 24 37 259 26 99 16 207 351 31 2446 133 386 18130 109 19 3455 39 76 79 17
internal_value=8.14912e-05 0.00525332 0.00302466 0.013711 0.000534423 -0.000834404 -0.0211754 0.0019992 0.0178422 -0.00181842 0.00189387 0.0149833 0.00289367 0.0194474 0.00342719 0.0103657 0.00142172 -0.00299144 0.00993856 -0.0248358 0.000253398 0.00142422 -0.00333491 0.0265497 0.0315558
internal_weight=780.319 117.398 101.467 19.1763 82.2905 662.92 5.20128 77.0893 17.527 524.484 125.935 14.0254 138.437 15.9317 135.823 30.4551 105.368 398.549 10.313 2.6133 111.91 4.50346 388.236 11.4282 9.16167
internal_count=26946 1419 1228 206 1022 25527 75 947 181 22168 3777 306 3359 191 3316 484 2832 18391 185 43 3471 64 18206 127 96
is_linear=0
shrinkage=0.03


Tree=58
num_leaves=27
num_cat=0
split_feature=5 11 11 26 19 6 19 12 19 16 8 10 10 3 5 16 16 7 11 8 25 18 10 2 7 12
split_gain=3.60417 2.66476 2.60153 2.61035 2.36594 1.89781 3.02602 2.52963 2.52738 2.63542 2.94916 2.26161 2.65348 2.09386 2.65348 2.61504 1.92554 1.90219 1.89489 1.86426 1.48259 1.28716 1.28037 1.87433 1.1033 0.526115
threshold=0.8461498001262362 0.67234065366900009 0.61706701031616984 -1.1824093689912036 -2.4999999999999996 0.21106060606060609 7.5000000000000009 -0.22998131173814804 10.500000000000002 0.95736567505835579 0.096391752577319606 0.73332632021880928 0.95438144329896912 0.50252525252525271 0.9794866400168315 0.55024809436422772 0.82989062873557262 0.15385019987376397 0.34002626296415178 0.76409636019356209 5.361562469297545 0.18301435406698566 0.35025773195876292 0.065049329020367183 0.80206185567010324 0.82093998977895355
decision_type=2 10 10 10 8 2 8 8 10 8 2 2 2 2 2 8 10 8 10 2 8 8 2 2 8 10
left_child=1 2 4 -4 21 6 7 -2 13 10 -10 18 -13 15 -15 -7 -9 -11 -8 -6 22 -1 -3 -24 -22 -26
right_child=5 20 3 -5 19 8 11 16 9 17 -12 12 -14 14 -16 -17 -18 -19 -20 -21 24 -23 23 -25 25 -27
leaf_value=-0.021603237267116399 0.012081263200105781 0.024300381339233269 0.0078777970206252365 -0.057106010700614766 -0.0028920172224684336 0.019248464777824166 0.0079717927090984103 -0.0073069333039638782 -0.022838263350933224 0.016243762721760747 -0.0030464607704673613 -0.011748171382605569 0.025257144042774678 0.022280135659773773 -0.018472193379729506 -0.0015162258699406152 -0.044704856837040181 0.0010443292517845492 0.020229207320441346 0.0012633099044811217 0.001527270642886704 0.018855388336407906 -0.032270640557452483 0.014405677131873806 0.03968878354179492 0.019968588939185357
leaf_weight=0.78657433111220587 2.7922238111495972 1.3450966058298917 0.88506890647113357 1.4978007758036245 371.38462466117926 7.0231624227017191 45.110261074267328 2.8604808934032917 7.9298852202482513 8.411572855897246 46.564806629903615 8.3355714259669167 2.2053232584148637 11.722345611546187 1.6390422182157625 24.500227790791541 2.1859930986538529 62.261253875680268 15.1673142388463 131.60588767006993 1.7131634503602988 7.0580482473596931 1.6771583831869068 1.4382609650492666 2.3599707903340459 2.5153366923332214
leaf_count=34 34 19 23 35 16834 84 641 39 182 141 1141 121 26 191 27 435 39 1064 126 5265 39 258 53 28 18 26
internal_value=2.90704e-05 -0.00138188 -0.0016957 -0.0329691 -0.00154982 0.00300327 0.0068565 -0.0108299 0.00122098 -0.000969148 -0.0059265 0.00881415 -0.00400607 0.00732845 0.017281 0.00310998 -0.0235067 0.00285339 0.0110561 -0.00180479 0.013195 0.0147986 -0.000160854 -0.0107221 0.0222371 0.0295145
internal_weight=772.976 524.267 513.218 2.38287 510.835 248.709 78.6572 7.8387 170.052 125.168 54.4947 70.8185 10.5409 44.8848 13.3614 31.5234 5.04647 70.6728 60.2776 502.991 11.049 7.84462 4.46052 3.11542 6.58847 4.87531
internal_count=26923 22632 22449 58 22391 4291 1026 112 3265 2528 1323 914 147 737 218 519 78 1205 767 22099 183 292 100 81 83 44
is_linear=0
shrinkage=0.03


Tree=59
num_leaves=25
num_cat=0
split_feature=5 22 0 6 10 11 15 9 9 20 3 6 6 8 1 15 16 17 4 0 22 16 20 14
split_gain=3.07673 2.82098 3.62114 3.03974 2.739 2.33254 2.10286 2.05108 1.83447 2.12113 1.63566 2.01647 1.52394 1.65201 1.47722 1.42038 1.35759 1.47648 1.34088 1.27687 1.15921 1.08256 1.07272 0.730496
threshold=0.77159793814432998 -0.020132422886541396 0.35096995885160215 0.95438144329896912 0.47448713943559312 0.46800521500452069 0.11299795709908071 0.99500000000000011 0.010256679991584264 0.50634176359684469 0.95438144329896912 0.917946560067326 0.030151515151515155 0.96922996002524731 -0.0023492207337562627 0.011561079925153704 0.9506233518622208 2.1081949310082218 0.10654639175257734 -0.22169100639532133 -0.0062274339633124412 1.192072594476709 0.4311251657087522 0.28220211161387637
decision_type=2 2 2 2 2 10 8 10 8 8 2 2 2 2 2 8 10 10 2 2 2 10 10 8
left_child=5 2 3 6 23 12 -2 8 22 -10 11 -9 13 21 -6 -14 17 18 -7 -5 -17 -1 -3 -4
right_child=1 7 4 19 14 16 -8 10 9 -11 -12 -13 15 -15 -16 20 -18 -19 -20 -21 -22 -23 -24 -25
leaf_value=0.0039122647756505789 0.014717339788512869 0.032936337033876897 0.020366902228117708 -0.033762863531418177 -0.02838897567383428 0.018612226338770993 -0.00089015542316538284 0.030294653597921717 -0.0022656628248910616 0.0034528400105190314 -0.009556880864969251 -0.00014211024369867667 0.015760589229947209 0.029498290952034514 0.012220465161890674 -0.0054870341470303844 -0.021663228487832708 0.0406180753435866 0.0022807922315399459 0.0031351612202968585 -0.0018890345829880642 -0.026523300009416426 0.0054449284282933807 0.037426017975328553
leaf_weight=22.299224669113762 15.186275233514609 2.360496965236961 3.7096564471721623 2.5642155269160871 1.0921903327107427 6.4882388245314457 15.908034957479684 5.5674563283100706 150.13399747945368 95.518730878364295 2.1716353036463252 3.0225524790585041 3.7111544683575621 2.2303116470575324 3.0786155592650166 111.41013642121106 1.3708678986877192 1.2616807417944063 14.950532934162764 1.2582737505435933 291.32386449258775 1.1038582092151035 2.7840461302548647 5.7778401570394644
leaf_count=451 162 20 41 47 25 90 453 46 3514 1750 26 38 36 15 49 5376 28 11 320 26 14243 32 30 57
internal_value=-0.000192897 0.00211252 0.00875186 0.00362893 0.0218484 -0.00176034 0.00673245 0.000879509 0.000329202 -4.21006e-05 0.0137043 0.0195849 -0.00226669 0.0048278 0.00158625 -0.00271412 0.00732861 0.00907941 0.00722334 -0.0216169 -0.00288437 0.0024767 0.018059 0.0307558
internal_weight=766.284 310.134 48.5751 34.9168 13.6583 456.15 31.0943 261.559 250.797 245.653 10.7616 8.59001 432.079 25.6334 4.17081 406.445 24.0713 22.7005 21.4388 3.82249 402.734 23.4031 5.14454 9.4875
internal_count=26886 6284 860 688 172 20602 615 5424 5314 5264 110 84 20153 498 74 19655 449 421 410 73 19619 483 50 98
is_linear=0
shrinkage=0.03


Tree=60
num_leaves=31
num_cat=0
split_feature=15 9 12 22 19 9 12 23 5 22 25 22 23 23 21 23 23 4 21 5 11 19 25 14 9 22 22 22 21 7
split_gain=3.12564 2.17616 2.50291 2.87463 1.80265 2.78196 3.15507 3.12504 3.06293 2.94013 2.68084 1.61573 1.68943 1.57941 3.01699 2.42426 2.20397 1.8256 1.55549 1.51909 1.37978 1.24987 2.17448 1.19895 1.13808 1.0656 0.99927 1.27136 1.0547 0.786215
threshold=0.20231407169609419 0.75383968020197778 0.37699292954122426 0.034068842257620954 3.5000000000000004 0.98484536082474239 -0.22998131173814804 0.54526388560790284 0.79190721649484541 0.021096598203186028 4.7919448721875861 0.018923607316381378 -0.66212905697188063 -1.0746082945285884 0.23102957911156333 -1.0474660645872802 -1.1969986295822317 0.87314432989690738 0.62940238480744271 0.7817525773195878 -0.15096455954560992 31.500000000000004 6.5431184232331896 0.037737341772151906 0.96922996002524731 0.014056284491063612 0.010517296605781682 0.070253435957887883 0.64642312401302415 0.44387170675830473
decision_type=8 10 10 2 10 8 10 2 2 2 8 2 2 2 2 2 2 2 2 2 8 8 10 8 8 2 2 2 2 8
left_child=4 18 3 20 5 6 7 -1 10 -8 -7 19 -13 14 29 -15 -16 -17 21 -4 -3 22 -2 -23 -5 -10 28 -28 -20 -6
right_child=1 2 11 24 13 8 9 -9 25 -11 -12 12 -14 15 16 17 -18 -19 26 -21 -22 23 -24 -25 -26 -27 27 -29 -30 -31
leaf_value=0.025748167487092528 -0.00046295603164416503 -0.01012771149773988 0.0081628139825143976 0.017191752008212959 0.014538862529874904 -0.033460372868453971 4.3445221387191208e-05 -0.016311242899096055 0.037830613258662146 -0.035810045354092677 0.020248997423798671 -0.046788702563929745 0.0043406940301951909 -0.036878153030631605 0.0009916352167066583 -0.00094883529978527427 0.019107234306813405 0.0059593068070466987 -0.014219708822760704 0.027160346034400408 -0.00034180478592728432 0.0087839331462120813 0.013506608121947586 -0.003590121166085136 -0.0045043622073349075 0.01515305621415527 -0.0099899087282868653 0.010037641921457717 -0.0023877255227373125 0.039280963853550087
leaf_weight=6.8868561517447233 60.79238197254017 15.953445801977066 9.5654301485046762 10.675930066965517 1.9972408926114429 1.5030305366963141 10.219270375557242 2.0671301251277328 5.565915856510399 2.5777050163596877 1.8857960198074577 0.75606559589505229 2.5208667442202559 1.5752556882798661 39.758539228700101 166.74101528804749 7.1278724037110797 43.38803357956931 7.4485215758904806 6.2721231402829281 69.278146758209914 7.4220600849948815 12.009507423732428 139.55552298296243 2.7330011250451216 2.8044787831604481 47.713434694334865 3.0341039439663282 75.58966505387798 2.7438215333968401
leaf_count=72 2644 509 318 305 23 35 173 31 50 55 25 29 65 30 646 2707 113 647 475 85 2717 224 483 6749 49 29 2867 135 4589 24
internal_value=-0.000230413 -0.0017491 0.00178317 -0.000142173 0.00218093 0.0087345 0.00237887 0.0160383 0.0204905 -0.00717855 -0.00357247 0.0117189 -0.00745606 0.00134696 0.00605177 0.00019962 0.00374565 0.000477577 -0.00292552 0.0156864 -0.00217351 -0.00137303 0.00184148 -0.00296526 0.0127697 0.0302326 -0.00547593 -0.0087925 -0.00344905 0.028858
internal_weight=768.162 471.32 117.755 98.6405 296.842 33.5102 21.751 8.95399 11.7592 12.797 3.38883 19.1145 3.27693 263.332 51.6275 211.704 46.8864 210.129 353.565 15.8376 85.2316 219.779 72.8019 146.978 13.4089 8.37039 133.786 50.7475 83.0382 4.74106
internal_count=26903 22243 4077 3580 4660 470 331 103 139 228 60 497 94 4190 806 3384 759 3354 18166 403 3226 10100 3127 6973 354 79 8066 3002 5064 47
is_linear=0
shrinkage=0.03


Tree=61
num_leaves=27
num_cat=0
split_feature=10 0 11 21 1 22 0 8 7 18 25 10 18 22 21 22 10 12 11 3 8 20 12 12 11 11
split_gain=2.72253 3.09615 2.98727 2.46398 2.59512 2.60006 2.55955 3.25788 2.69934 2.00505 2.89246 1.97406 1.69283 1.78193 1.61164 1.59399 1.56924 1.51059 1.41053 1.44211 1.37384 1.45577 1.28176 1.24368 1.15403 2.28988
threshold=0.10050505050505053 0.75181485462277908 0.51817452244665685 0.59377311832479862 0.4184772580975149 0.042313710242609985 -0.30289450712747562 0.055773195876288664 0.96922996002524731 0.14119601328903655 3.9002330112490218 0.12685567010309282 0.34428879310344834 -0.0094671116711897482 0.3783540900531131 0.0040803940531520732 0.69036082474226812 0.82093998977895355 0.35793436567041509 0.18462023984851675 0.96922996002524731 0.52258374438982991 0.64632238335598913 -0.8811546383768577 0.1852874858240057 0.056882958187063799
decision_type=2 2 10 2 2 2 2 2 10 8 8 2 10 2 2 2 2 10 10 2 2 8 8 8 10 10
left_child=1 3 12 4 5 -1 7 -5 -8 17 11 -11 20 14 -14 -15 -12 22 24 -20 23 -22 -4 -2 25 -3
right_child=2 18 9 6 -6 -7 8 -9 -10 10 16 -13 13 15 -16 -17 -18 -19 19 -21 21 -23 -24 -25 -26 -27
leaf_value=0.00074610274264100122 0.028546541692970627 0.028925590142675803 0.015476112840666268 -0.004230429879415242 0.037962289981967864 -0.017573881365467267 0.001757338835950096 0.018245489585176879 -0.042617347052688312 0.022778404215338378 0.011504272548680129 -0.025624560739296282 0.012562388112807138 0.005042231897950342 -0.006093676603013189 -0.00051330692404595916 -0.0023658582918929211 -0.0092557201122850739 -0.01307886413076834 0.021980470933123816 0.01172706960184274 -0.02184807633392245 0.041295514741244155 -0.0035567189852475809 0.042399246855905147 -0.010293233755036921
leaf_weight=117.91659189481288 1.0903158625587819 4.7081968076527101 5.0478748520836225 7.636329090222719 1.6127563305199135 7.4104614797979584 10.631947012618182 24.192017464898527 1.3957172073423851 0.9178336039185514 21.300253566354513 4.3637561248615384 4.5558576500043264 76.853432536125183 48.881078293547034 117.61492073256522 11.202194106299428 1.4298655092716215 2.2803571857511988 1.966536797583103 9.3287381404079461 1.327662278898061 2.6330905286595216 278.07935815653764 2.3129616752266884 1.8728676903992889
leaf_count=1769 16 42 78 89 11 94 195 292 22 10 242 109 105 2860 1637 4143 203 36 27 16 274 56 23 14461 19 25
internal_value=0.000163768 0.00334703 -0.000837759 0.00226741 0.000149451 -0.000337139 0.00839776 0.012853 -0.003392 0.00642395 0.00337784 -0.0172131 -0.00147104 0.000348953 -0.00450312 0.00168223 0.00672384 0.0190566 0.0173792 0.00315546 -0.00302779 0.007544 0.0243272 -0.00343134 0.024171 0.0177645
internal_weight=768.563 183.937 584.626 170.796 126.94 125.327 43.856 31.8283 12.0277 46.8949 37.784 5.28159 537.731 247.905 53.4369 194.468 32.5024 9.11083 13.1409 4.24689 289.826 10.6564 7.68097 279.17 8.89403 6.58106
internal_count=26854 2601 24253 2472 1874 1863 598 381 217 701 564 119 23552 8745 1742 7003 445 137 129 43 14807 330 101 14477 86 67
is_linear=0
shrinkage=0.03


Tree=62
num_leaves=21
num_cat=0
split_feature=6 9 3 19 21 26 17 26 3 11 20 17 12 20 24 25 11 6 18 20
split_gain=2.44959 2.49906 2.76917 3.46438 2.75654 3.00538 2.19743 2.15448 1.65788 1.67255 1.91096 1.64742 1.5877 1.51121 1.85595 1.54158 1.34856 1.30833 1.05451 0.583527
threshold=0.22111111111111112 0.98974332000841592 0.13701030927835053 1.0000000180025095e-35 0.36527245874663949 -1.7799817341919282 3.217401925128224 -1.1208441813928403 0.015154639175257735 0.67234065366900009 0.35671827594188571 -0.19776826570544501 1.5487433799082624 0.4396606388016609 4.8149257732080146 3.9819822697759624 1.052275899767688 0.99500000000000011 0.080540540540540564 0.38870814952578242
decision_type=2 8 2 10 2 8 10 8 2 10 10 8 8 10 10 8 10 2 10 10
left_child=6 4 3 18 5 19 8 -7 -1 11 -11 -10 -5 15 -15 -4 17 -6 -3 -2
right_child=1 2 13 12 16 7 -8 -9 9 10 -12 -13 -14 14 -16 -17 -18 -19 -20 -21
leaf_value=0.025853963043182455 -0.013999334559615041 0.017624478682573917 0.0040333949684613459 0.0095323124606525832 -0.0026776840946024501 0.024147617195739254 0.029877542371159006 0.0034175252114668157 -0.001774208729371889 0.028962653605595075 0.0023625168492332881 0.0033394862587600056 -0.0077555617142179957 0.002066390657038098 0.025816149258769888 -0.0089338666789597412 -0.032200784872183953 -0.015446995208404164 0.041719554226844674 -0.046632460375766051
leaf_weight=2.6645624972879878 0.88395573664456595 3.2141647022217503 12.653448786586521 20.678899351973087 332.33815624052659 4.9404625697061419 2.6280310656875363 52.046049161814153 86.00089495209977 4.3808132298290712 5.4603101359680295 166.41437979787588 6.218978323973718 28.767377437558025 3.3011734122410408 23.715883239172399 1.4249773612245906 7.3818378299474707 3.326520293019712 1.1154875317588446
leaf_count=17 42 88 494 415 15568 118 38 1451 1908 43 66 3825 103 1169 59 1234 30 198 27 35
internal_value=0.000261782 -0.000973866 0.00322101 0.0102969 -0.00204191 0.0039463 0.00258025 0.00521473 0.00230946 0.00207025 0.0142037 0.00159719 0.00553523 -0.000236272 0.00451122 -0.00442236 -0.00307731 -0.00295515 0.029879 -0.0322053
internal_weight=769.556 502.007 101.876 33.4386 400.131 58.986 267.549 56.9865 264.921 262.256 9.84112 252.415 26.8979 68.4379 32.0686 36.3693 341.145 339.72 6.54068 1.99944
internal_count=26928 21031 3589 633 17442 1646 5897 1569 5859 5842 109 5733 518 2956 1228 1728 15796 15766 115 77
is_linear=0
shrinkage=0.03


Tree=63
num_leaves=31
num_cat=0
split_feature=5 19 6 7 19 15 25 12 24 24 19 9 9 7 4 10 25 11 7 9 2 11 19 4 24 6 11 11 21 25
split_gain=3.22017 2.76784 2.05003 1.89992 3.34672 2.06704 1.84061 1.68944 1.55224 2.68598 3.36315 2.16113 2.01704 2.13663 1.82561 1.82161 1.73467 1.5404 2.49887 1.63695 1.51166 1.49555 1.47457 1.35617 1.27829 1.26278 1.23356 1.19527 1.10652 1.01544
threshold=0.77159793814432998 29.500000000000004 0.030151515151515155 0.98974332000841592 72.500000000000014 0.023122159850307408 6.2155494348544851 0.056411229824708066 3.5838056026495875 7.3698247422530336 67.500000000000014 0.87691984010098889 0.98974332000841592 0.92391752577319608 0.39284598562949086 0.45180412371134027 5.6702826862429117 1.052275899767688 0.3401030927835052 0.94871660004207881 -0.084195135440313762 0.024535764566318011 74.500000000000014 0.055773195876288664 4.0239563869804345 0.020513359983168528 -0.04866365623319701 0.67234065366900009 1.0000000180025095e-35 5.7098914083330978
decision_type=2 8 2 10 8 8 10 8 10 10 8 10 10 10 2 2 10 10 10 10 2 10 8 2 10 2 8 10 2 10
left_child=1 2 21 5 7 24 27 -5 12 14 11 -11 17 16 15 -10 -14 19 -19 -2 -16 25 -12 -8 -3 -1 -15 -4 -7 -23
right_child=8 3 6 4 -6 28 23 -9 9 10 22 -13 13 26 20 -17 -18 18 -20 -21 -22 29 -24 -25 -26 -27 -28 -29 -30 -31
leaf_value=-0.036961963325875001 0.0017325771827598905 -0.030616432918526712 -0.0014655756851904877 0.0013746003911404565 -0.022058311901195813 0.020718475248478776 0.031052226231832829 0.03910644276340796 0.0096469216508518994 -0.0095776204662754352 0.039179641393919933 -0.053493348642845578 0.0099269089410136211 0.034499059324748678 -0.0028905388480106563 -0.009005833964625367 -0.015954179133682394 0.0077672836793905185 -0.045787933808372809 -0.0065526257043332162 0.018823867642918025 0.026893722086259373 0.0046994829001019917 0.0056610490935916557 0.0014624189550434144 0.0099658937903875297 0.0078230702428371268 0.022462370127919226 -0.0033185697427915765 0.0046128836324434239
leaf_weight=0.82743744365870897 202.20473653217778 4.0010047741234294 103.85079655563459 1.6305040577426544 1.7919339677318928 1.7337388955056656 2.0298808338120606 3.0957329096272588 15.574461821466686 8.7899645734578353 1.5815814360976208 1.1392256878316391 9.1557071255520004 4.1435628496110439 3.3409682661294964 6.756169080734252 3.1267066020518532 1.4966007061302655 1.6470866529271004 24.01052171504125 21.158962537068874 5.9683907097205502 3.7942070262506604 28.111111215315759 1.551512189209461 1.3714267313480375 2.5023009506985536 1.9134897887706745 295.10938418423757 2.6619985550642014
leaf_count=23 4726 58 4633 21 34 25 33 29 206 146 15 18 110 33 56 128 38 18 33 388 285 65 54 1302 17 32 27 26 14255 43
internal_value=4.49058e-05 -0.00156051 0.00183206 -0.00317199 0.0128529 -0.00351741 0.000831101 0.0260893 0.00240139 0.00664202 -0.00426863 -0.0146163 0.00134014 0.0107526 0.0102078 0.0040035 0.00333842 0.000563358 -0.0202921 0.000853184 0.0158628 0.0143939 0.0148437 0.00737105 -0.0216528 -0.00769316 0.024455 -0.00103267 -0.00317818 0.0200213
internal_weight=766.071 455.648 146.735 308.914 6.51817 302.396 135.905 4.72624 310.423 62.1355 15.305 9.92919 248.287 18.9283 46.8306 22.3306 12.2824 229.359 3.14369 226.215 24.4999 10.8293 5.37579 30.141 5.55252 2.19886 6.64586 105.764 296.843 8.63039
internal_count=26877 20596 6157 14439 84 14355 5994 50 6281 908 233 164 5373 208 675 334 148 5165 51 5114 341 163 69 1335 75 55 60 4659 14280 108
is_linear=0
shrinkage=0.03


Tree=64
num_leaves=28
num_cat=0
split_feature=11 15 23 7 3 9 11 11 18 0 3 8 2 24 1 9 21 8 10 4 24 15 25 25 17 15 17
split_gain=4.14714 2.65439 2.50905 2.85127 2.62252 2.18254 2.43193 2.1909 1.82447 2.12133 3.85425 2.37945 2.15486 1.95314 1.75568 1.66668 1.64406 1.5134 1.43146 1.8907 1.32234 1.22266 1.13756 1.55938 1.09804 1.05538 0.92694
threshold=0.34002626296415178 0.20809943865276667 0.81627874552219915 0.92820324005891031 0.29948453608247427 0.73332632021880928 0.035074553413911864 0.13704169487982301 0.90550595238095244 0.61529809784205503 0.41325627408101639 0.15385019987376397 0.10578519884546504 5.4501005691902966 -0.61288218560038465 0.98974332000841592 0.80617807600542779 0.98484536082474239 0.050252525252525264 0.020513359983168528 -0.28304717423150044 0.23122159850307408 4.4117856292058333 3.5929627448302406 0.98508085113680965 0.40936473165388837 -0.15681856379970036
decision_type=10 10 2 10 2 8 10 10 8 2 2 2 2 10 2 10 2 2 2 2 8 10 10 8 10 10 10
left_child=1 2 3 17 -5 7 -7 -4 9 13 12 -12 -11 16 -10 18 -2 -1 19 -3 21 -16 23 -17 -22 -24 -20
right_child=8 15 5 4 -6 6 -8 -9 14 10 11 -13 -14 -15 20 22 -18 -19 26 -21 24 -23 25 -25 -26 -27 -28
leaf_value=0.00065498863127278124 0.017501637278822004 0.032728270527623789 -0.0022831174108490122 0.00076217494215340478 0.015703700668236464 -0.0049875576953712641 -0.024782612966784839 0.016858171144484374 -0.058697997305455017 -0.017261280363316398 -0.019750488768948693 0.0098937210183590689 0.0090153771605551731 -0.010817235967592289 -0.052688783169294817 -0.025594898086461992 -0.015468105879558405 0.014181114126386856 -0.0041736664440287776 0.0024676840112354791 -0.00068670107846024455 -0.0078896249263441486 -0.05539876524172032 0.025770351146542293 0.030850564900065072 -0.017428141391887149 -0.001018055586863086
leaf_weight=182.62248457968235 27.35919239837677 2.132963307201865 27.74630776932463 17.705628326162696 26.241688884794712 24.730534242000434 7.2154418407008043 6.6767724119126788 0.50804884638637382 9.9973123930394632 2.5853588953614226 42.439635447226465 3.9062975952401748 2.7014835560694328 0.78656145185232196 1.2438962589949363 1.4324931185692538 7.7611526930704704 175.78324382612482 14.429961159825323 11.313770325854415 1.8099580663256345 1.1016925722360613 0.92935824487358321 1.089260266162454 1.6387636028230188 160.06255998555571
leaf_count=5018 400 21 834 240 275 532 143 103 12 190 45 461 51 37 21 35 69 98 9691 279 340 82 13 19 27 42 7690
internal_value=0.000147718 -0.000739132 0.00133792 0.00279632 0.00968401 -0.0038113 -0.00945855 0.00142957 0.00565674 0.00728723 0.00392804 0.00819153 -0.00987871 0.0135728 -0.00385032 -0.00248704 0.0158613 0.00120639 -0.00224511 0.00636462 -0.00199258 -0.0214606 -0.0198385 -0.00362935 0.00208297 -0.0326927 -0.00266972
internal_weight=763.952 658.022 300.7 234.331 43.9473 66.3691 31.946 34.4231 105.929 90.4218 58.9286 45.025 13.9036 31.4932 15.5076 357.322 28.7917 190.384 352.409 16.5629 14.9996 2.59652 4.91371 2.17325 12.403 2.74046 335.846
internal_count=26768 25033 7243 5631 515 1612 675 937 1735 1253 747 506 241 506 482 17790 469 5116 17681 300 470 103 109 54 367 55 17381
is_linear=0
shrinkage=0.03


Tree=65
num_leaves=27
num_cat=0
split_feature=22 1 3 23 20 12 15 20 25 21 24 19 9 22 0 23 20 19 9 14 24 17 16 7 4 9
split_gain=2.58923 4.07619 2.8711 1.73814 2.43077 1.91773 1.71829 1.64736 1.57423 1.50729 1.93606 2.08946 1.75141 1.74165 1.72261 2.52011 1.56875 2.02206 1.7961 1.90959 1.46216 1.39237 1.29499 0.940596 0.716658 0.377393
threshold=-0.021560615381049985 -0.26474579449087626 0.9794866400168315 1.1898437308451044 0.28991346210032271 0.64632238335598913 0.21388443017656503 0.45399396621778371 4.4117856292058333 0.45342618400317647 -0.42764588305498336 68.500000000000014 0.76144329896907226 0.034068842257620954 -0.50265049347809243 -0.20364839976526625 0.39984451942602856 31.500000000000004 0.99500000000000011 0.9648090815273479 -15.899421699726284 0.98508085113680965 0.75732961926395648 0.87314432989690738 0.27917525773195884 0.020101010101010106
decision_type=2 2 2 2 10 10 10 8 10 2 10 8 10 2 2 2 10 8 10 10 8 8 10 8 2 10
left_child=1 6 3 5 -5 -3 24 25 -8 10 11 13 -13 -2 15 -12 17 23 19 -18 -19 -16 -20 -11 -1 -4
right_child=9 2 7 4 -6 -7 8 -9 -10 16 14 12 -14 -15 21 -17 18 20 22 -21 -22 -23 -24 -25 -26 -27
leaf_value=0.039114896098508482 0.0024270413829736706 0.0027906549633281747 0.044574194163517711 0.014254535683685147 -0.011191193515887835 0.025573957986996871 0.035809144119492868 0.0012243088838965739 -0.015961467790589157 -0.0022972716477427046 0.0085850208853120707 -0.0067887599729804507 -0.032885687547689307 -0.018595461879716883 0.0023132309289200059 -0.032183246537169787 -0.0007576050515021945 -0.05621302008276715 -0.0069044892229938549 0.0087037262074952226 -0.0052093538558624815 0.0087130164412353578 0.023544208980849097 0.0047811738589837553 0.019305701903505775 0.026156414347790667
leaf_weight=4.2971143648028356 52.558599230833352 51.512509846594185 1.6653874479234207 4.2561679934151497 16.389532008673996 3.5544671565294257 0.80554410442709956 2.1588566284626722 1.5376940751448271 36.152400425635278 2.6564971916377544 16.085296407807622 2.7034591059200457 3.8034584661945692 77.344863592181355 2.8061581738293162 243.70071898540482 0.50791762862354517 1.6859607500955451 20.840872770175338 125.13687247084454 50.6207579751499 4.9420841531828046 31.719031872693449 2.6618992695584893 2.511008121073246
leaf_count=30 1582 1619 10 151 631 75 13 29 36 1646 26 660 75 56 1791 35 9802 11 32 335 5693 1257 48 1139 34 35
internal_value=0.000495787 0.00523518 0.00310138 0.00147804 -0.00594549 0.00426127 0.0240558 0.0225019 0.00183592 -0.000147266 0.00197144 -0.00187981 -0.0105438 0.00100839 0.00414058 -0.0123576 -0.00109827 -0.00316165 0.000374235 -1.22311e-05 -0.00541554 0.00484486 0.015799 0.00101077 0.0315377 0.0335007
internal_weight=764.615 91.3502 82.0479 75.7127 20.6457 55.067 9.30225 6.33525 2.34324 673.265 208.579 75.1508 18.7888 56.3621 133.428 5.46266 464.686 193.516 271.17 264.542 125.645 127.966 6.62804 67.8714 6.95901 4.1764
internal_count=26851 2663 2550 2476 782 1694 113 74 49 24188 5482 2373 735 1638 3109 61 18706 8489 10217 10137 5704 3048 80 2785 64 45
is_linear=0
shrinkage=0.03


Tree=66
num_leaves=30
num_cat=0
split_feature=6 10 17 26 14 26 8 23 20 19 21 15 9 26 8 8 8 24 24 9 14 19 7 9 8 10 22 4 21
split_gain=2.78113 2.60445 2.86283 2.35178 2.49981 2.49688 2.25189 1.96446 2.69501 2.43472 2.14718 2.10321 2.61723 1.96822 3.31452 3.27869 1.86193 1.80697 1.77522 1.72597 1.68833 1.62003 1.57599 1.43166 1.41632 1.36445 1.36427 1.22358 1.14153
threshold=0.22111111111111112 0.10050505050505053 1.6011437293254265 1.5658790387446873 0.65030120481927722 0.38254395163508731 0.030770039974752791 -0.80792723275631217 0.54322052128934073 73.500000000000014 0.45895799138988425 0.2931262392597489 0.045618556701030939 0.69286985887640584 0.8974332000841575 0.9384599200504945 0.99500000000000011 0.39746584031651061 4.2623121040711398 0.3401030927835052 0.045715778474399171 -4.4999999999999991 0.51010204081632671 0.96922996002524731 0.85283505154639183 0.72082474226804127 0.0057836556745429818 0.8256364401430677 0.31295552440530083
decision_type=2 2 8 10 10 8 2 2 8 8 2 8 10 10 2 2 2 8 10 8 8 8 8 8 2 2 2 2 2
left_child=7 2 3 5 -5 -2 25 8 9 10 -1 13 22 15 -15 -9 -14 19 26 -10 -11 27 -13 -19 -23 28 -4 -8 -3
right_child=1 6 18 4 -6 -7 21 11 17 20 -12 12 16 14 -16 -17 -18 23 -20 -21 -22 24 -24 -25 -26 -27 -28 -29 -30
leaf_value=0.014632196829316598 -0.0063678494439265102 0.037514641805633971 0.00092405666713389449 -0.0558779413441386 -0.0024378919384581317 0.0045592657367117626 0.0045434048279420483 0.0048876244857905538 0.023872626738605771 0.040733699663607063 0.0011264991674928265 -0.0032595802483333051 -0.00068396500360429517 0.0036157798706919824 0.028220360196640825 -0.012730347275683037 0.02413482083864665 0.025414030656381814 0.025443115527076222 -0.017789041660375718 -0.017528237850207039 -0.0041878149286144403 -0.021352281558715432 -0.0011900798478532038 0.00073422666578271947 -0.013283116970886475 0.010398311085242647 0.041800969836872613 0.0091432065727474372
leaf_weight=15.978880145587025 35.554392573423684 2.2801713561639181 27.614953057840466 1.4552708892151707 1.7176261097192762 39.987474267370999 2.3569571739062671 52.201443966012448 1.4506129054352643 0.48141224402934213 31.439781391061842 8.3658328782767075 88.45202138600871 14.251582067459823 7.5316474586725226 11.623561311513184 2.8068071007728568 12.249750469811261 4.3907872140407553 2.3364027375355363 6.3810196649283171 284.40796169592068 8.9885149532929045 2.1382524697110066 64.558957058470696 1.2504117814823983 27.105556251481175 1.1958101727068422 2.8991573359817266
leaf_count=262 597 31 413 35 28 577 91 844 31 6 782 292 2454 207 62 130 28 183 30 74 213 15891 304 43 2933 39 344 19 98
internal_value=-7.84695e-05 -0.00140511 0.00210039 -0.00164641 -0.0269485 -0.00058367 -0.00275112 0.00239284 0.00660846 0.00326052 0.00567757 0.000820171 -0.00195143 0.00433656 0.0121229 0.00167911 7.93753e-05 0.0166073 0.00708976 -0.00183058 -0.0134411 -0.00307203 -0.0126305 0.0214603 -0.00327724 0.0148432 0.00561709 0.0170838 0.0216336
internal_weight=763.453 496.775 137.826 78.7148 3.1729 75.5419 358.949 266.678 72.4561 54.2811 47.4187 194.221 108.613 85.6082 21.7832 63.825 91.2588 18.175 59.1113 3.78702 6.86243 352.52 17.3543 14.388 348.967 6.42974 54.7205 3.55277 5.17933
internal_count=27041 21126 2024 1237 63 1174 19102 5915 1594 1263 1044 4321 3078 1243 269 974 2482 331 787 105 219 18934 596 226 18824 168 757 110 129
is_linear=0
shrinkage=0.03


Tree=67
num_leaves=28
num_cat=0
split_feature=7 9 5 8 18 8 2 19 11 5 9 15 21 6 11 12 13 3 24 21 9 10 24 10 2 6 6
split_gain=2.68778 2.80088 2.28102 2.20045 3.59274 2.85879 2.70243 2.15962 2.06634 3.11857 1.94883 1.89458 1.75857 1.57956 2.2004 1.82489 1.48287 1.43185 1.28556 1.08794 2.04873 2.2783 2.18886 1.59493 0.951806 0.918365 0.783193
threshold=0.96453608247422695 0.26902061855670106 0.55835051546391767 0.79190721649484541 0.25760368663594474 0.98484536082474239 0.047025738407094168 11.500000000000002 0.39658568905917418 0.9794866400168315 0.62122448979591849 0.13714733542319751 0.30774399930023483 0.025309278350515465 0.050521982585223675 1.8930355873742164 -1.4369343987613108 0.52020408163265319 2.9802516870600759 0.3857284166348624 0.020101010101010106 0.010050505050505053 4.6418918810644305 0.020101010101010106 0.011116656602755105 0.25886597938144335 0.74358300021039359
decision_type=10 8 2 2 8 2 2 10 10 2 8 10 2 2 8 10 10 2 8 2 10 2 8 2 2 2 2
left_child=2 11 19 4 16 10 -6 8 9 -4 -5 25 -7 14 -9 -15 -3 -13 -10 20 21 -1 -22 -21 -25 -2 -27
right_child=1 3 7 5 6 12 -8 13 18 -11 -12 17 -14 15 -16 -17 -18 -19 -20 23 22 -23 -24 24 -26 26 -28
leaf_value=-0.071730519867325648 0.041632280604483422 -0.037669729424429102 0.0049004991296062702 -0.0083436061199648748 -0.0027237804264348769 0.016227383142347653 0.019437213999980649 -0.01858357053322883 0.006360843914225236 -0.016105371277859347 0.025587576205150946 -0.026490773324867566 -0.017592958461468588 -0.00048491974577809368 0.015734208869365541 -0.029351796309254004 -0.0045752675814206079 0.016730563841155111 0.025353181887421902 0.017081234741985564 0.0079646337600520027 -0.0060721294117875883 -0.0099495613215693397 -0.0051573207371490301 -0.0013693998362177056 0.0065005658229238062 0.031560353829411976
leaf_weight=0.49205127358436485 2.8972152620553953 3.0881236298009753 78.892356394324452 1.8025006363168365 19.456980984658006 2.1828941367566577 6.6434020986780515 2.0033441567793471 6.2481486406177265 6.9187168627977362 9.8390189227648079 1.132330993190408 3.7794682923704386 285.41583772422746 10.467975675128399 1.9846704825758923 2.0127043332904604 1.7652456220239399 6.5914123905822635 3.4184711184352627 34.187227431684732 14.254642504267393 7.4820103617385021 140.97334420448169 103.55923101259395 2.0848271176218987 2.4314736602827907
leaf_count=6 19 54 2338 27 285 18 82 51 84 110 105 21 43 8643 123 47 39 35 72 38 1268 482 279 7400 5247 24 21
internal_value=5.91537e-05 0.00620285 -0.000457559 0.00320137 -0.00158342 0.011682 0.00291692 0.00103597 0.00488634 0.00320685 0.0203339 0.0204096 -0.00521092 -0.000230703 0.0102215 -0.000684263 -0.0246112 -0.000159709 0.0161109 -0.00241311 0.00134705 -0.00826295 0.00474801 -0.00326866 -0.00355314 0.0284492 0.0199922
internal_weight=762.006 59.1162 702.889 48.8051 31.2012 17.6039 26.1004 398.522 98.6506 85.8111 11.6415 10.3111 5.96236 299.872 12.4713 287.401 5.10083 2.89758 12.8396 304.367 56.4159 14.7467 41.6692 247.951 244.533 7.41352 4.5163
internal_count=26961 773 26188 653 460 193 367 11468 2604 2448 132 120 61 8864 174 8690 93 56 156 14720 2035 488 1547 12685 12647 64 45
is_linear=0
shrinkage=0.03


Tree=68
num_leaves=29
num_cat=0
split_feature=3 15 25 1 9 13 6 20 26 10 13 1 14 16 18 6 1 26 17 8 0 9 9 6 3 0 26 4
split_gain=2.2749 2.20823 1.90235 2.24988 2.11262 1.93169 2.16802 1.80802 1.80491 1.75811 2.26613 1.84207 2.87682 3.41697 1.98554 1.80976 2.02829 1.61213 1.56937 2.66232 1.62799 1.55327 1.92319 1.72336 1.48435 1.12244 0.860593 0.67655
threshold=0.96922996002524731 0.10286050156739814 5.5757681729608359 -0.2471291784053741 0.57071428571428584 -1.0138378228951876 0.045618556701030939 0.53955047181845106 -0.40986640501173882 0.36223055295220247 -1.0894988702223984 0.096072267640839218 0.32515060240963861 1.0307856455056263 0.2022727272727273 0.24121212121212124 0.3675260759006565 0.64508618890991498 -1.3709517109024005 0.061540079949505583 2.2666039866811158 0.22111111111111112 0.020513359983168528 0.48226804123711348 0.020513359983168528 0.46919436198368852 0.8779723086996355 0.98484536082474239
decision_type=2 10 8 2 8 8 2 10 10 2 8 2 8 8 10 2 2 10 8 2 2 8 10 2 2 2 8 2
left_child=9 7 3 4 -3 -4 -7 21 -5 11 17 18 13 -13 -14 16 -12 27 19 -1 -20 22 -2 -23 -17 -19 -9 -11
right_child=1 2 5 8 -6 6 -8 26 -10 10 15 12 14 -15 -16 24 -18 25 20 -21 -22 23 -24 -25 -26 -27 -28 -29
leaf_value=-0.045317451875923072 0.012768543329980699 -0.038779439654351489 0.020452462000682403 0.015555484405402442 0.0068038003412338481 -0.053554959405075056 -0.0094524559142330506 0.014603607044953533 -0.0024930159603075174 -0.01505815228755425 -0.00014627156005862901 0.003587687407975207 0.015387809111642435 -0.02436102522861102 0.0029807960523837835 0.012007210827174051 0.014708335194822442 -0.019552284763950406 8.6869081388951593e-05 -0.0051377270145055373 0.019416152397639122 0.014950415658180467 -0.028875113254473835 -0.018036041359539571 -0.004040374926306059 -0.067683055647272838 0.034960553687773309 0.019927477553238267
leaf_weight=1.636106652207675 1.8578308671712935 1.875575779005888 1.6675395490601657 13.530570048373194 1.7868393994867799 1.1302902214229096 8.920520044397561 3.8938047531992188 7.8972736774012438 3.8391433241777122 133.63391729351133 13.896359202452006 24.154171884991229 5.4932193364948025 22.350915688090026 5.3252835562452665 8.8186868131160718 0.83876272989436962 253.71659793658182 15.984423438552765 3.9831535313278428 13.315453132614492 2.1567622823640704 1.5963184665888537 200.50982548482716 0.90829348005354404 3.5942760482430458 0.57152164354920376
leaf_count=37 15 26 12 212 24 16 247 38 151 172 3902 214 432 104 333 66 101 39 7621 437 39 147 29 22 12471 16 26 10
internal_value=-0.000170213 0.00527828 0.000528732 0.00518967 -0.01654 -0.00945083 -0.0144121 0.0118968 0.00890367 -0.000665383 -0.00214512 0.000871734 0.00537735 -0.0043304 0.00942485 -0.00182617 0.000773319 -0.0201856 -0.000206633 -0.00886851 0.000385633 0.00695989 -0.0096037 0.0114192 -0.0036252 -0.0445754 0.0243749 -0.0105248
internal_weight=758.883 63.2231 36.8086 25.0903 3.66242 11.7183 10.0508 26.4144 21.4278 695.66 354.445 341.215 65.8947 19.3896 46.5051 348.288 142.453 6.15772 275.32 17.6205 257.7 18.9264 4.01459 14.9118 205.835 1.74706 7.48808 4.41066
internal_count=26959 965 688 413 50 275 263 277 363 25994 16777 9217 1083 318 765 16540 4003 237 8134 474 7660 213 44 169 12537 55 64 182
is_linear=0
shrinkage=0.03


Tree=69
num_leaves=25
num_cat=0
split_feature=15 6 17 1 11 2 7 17 7 4 9 17 4 25 5 11 9 25 7 6 11 0 26 15
split_gain=2.92012 1.64626 1.81805 2.56456 1.61084 2.91859 2.43752 2.1627 2.11629 2.00884 1.88392 1.58118 1.1978 1.16042 1.15941 1.45054 1.62059 1.27047 1.23886 0.943152 1.19188 0.928966 0.8465 0.763694
threshold=0.19429205851619649 0.98974332000841592 -1.6549370644957204 0.23694360161139658 -0.40327019302199568 0.0060366260772704234 0.030151515151515155 -0.78806312302985437 0.030770039974752791 0.12308015989901117 0.8666631601094047 0.067356286100196519 0.010256679991584264 2.9740134477346714 0.36041237113402064 -0.3479262708606789 0.94422680412371141 2.8146474235501384 0.93407216494845369 0.30963917525773205 -0.45813639532322975 -0.41028726080528527 -2.3786559718778357 0.20809943865276667
decision_type=8 2 10 2 8 2 10 8 10 2 8 10 2 10 2 8 10 8 10 2 10 2 8 8
left_child=1 4 -3 13 7 6 -6 10 -7 -9 -1 14 -13 -4 17 18 -17 23 -16 20 -14 -21 -19 -2
right_child=11 2 3 -5 5 8 -8 9 -10 -11 -12 12 19 -15 15 16 -18 22 -20 21 -22 -23 -24 -25
leaf_value=0.0073424089276295347 -0.052031591143034892 0.013901323004896977 -0.029359202079288497 -0.052014247266042403 -0.0071438961196707181 0.010631149119596834 0.0019520883275689013 0.00051992306131180572 0.0023657001583845066 0.017255160994608401 -0.036860095528608104 0.035813333215407646 0.031942899631409422 -0.0028627308644682326 -0.0094646256443113499 -0.0015651359798021932 0.0083830408201838336 -0.024307155317496536 -0.045366073842361652 0.013490714682089545 0.0029659278198347627 -0.0017168111755953756 -0.0037597148766746473 -0.01417363924467077
leaf_weight=1.8805523337796333 0.51292549446225066 2.8993505723774424 1.8094992293044914 1.3205882012844075 39.837844930123538 45.582732905633748 79.285126948729157 9.489083385095002 71.784631923306733 20.191932923160493 1.6113423630595205 0.88936803955584665 1.3012541197240342 8.3617508355528098 5.0676187388598919 179.99628668790683 16.051962731406093 1.837933537084609 1.0431059142574666 3.7688032556325188 70.059271603357047 88.666670708917081 99.162169776391238 7.3735094624571502
leaf_count=21 8 28 37 23 713 655 1369 101 1160 214 22 11 11 157 122 8591 339 109 22 79 1914 5064 5738 437
internal_value=0.00015215 0.00255904 -0.00732723 -0.0126831 0.00308664 0.00221824 -0.00108985 0.00927752 0.00557581 0.0119049 -0.0130549 -0.00128498 0.00109195 -0.00757654 -0.00254346 -0.00119925 -0.000750603 -0.00503914 -0.015593 0.000903419 0.00349432 -0.00109677 -0.00413362 -0.0166359
internal_weight=759.785 284.054 14.3912 11.4918 269.663 236.49 119.123 33.1729 117.367 29.681 3.49189 475.731 164.685 10.1713 311.046 202.159 196.048 108.887 6.11072 163.796 71.3605 92.4355 101 7.88643
internal_count=26945 4500 245 217 4255 3897 2082 358 1815 315 43 22445 7079 194 15366 9074 8930 6292 144 7068 1925 5143 5847 445
is_linear=0
shrinkage=0.03


Tree=70
num_leaves=25
num_cat=0
split_feature=7 8 9 12 4 26 11 11 26 12 1 26 8 24 24 14 19 9 24 8 22 22 19 16
split_gain=3.01379 2.95816 3.68105 3.79799 2.13546 3.25712 2.33176 2.06417 2.56942 2.12618 2.00357 1.97699 2.13206 4.0642 2.26187 1.82495 1.51531 2.28373 4.02118 1.85107 1.35057 1.5893 0.711109 0.564246
threshold=0.95897328003366311 0.1743635598569325 0.010050505050505053 -0.36807204364954482 0.46428199520983032 -0.20490992821062987 0.12238123899069288 0.34002626296415178 2.2513349059948942 1.5487433799082624 -0.089064523023670475 -1.3448432175245608 0.98484536082474239 3.2179161674460981 -4.6034629400008056 0.90386202343621069 36.500000000000007 0.95897328003366311 4.3100108965333002 0.89345360824742281 0.11963290435117778 0.061963564802523234 73.500000000000014 0.94892886900231932
decision_type=10 2 10 10 2 10 10 10 10 10 2 8 2 10 8 10 10 10 8 2 2 2 8 8
left_child=7 2 3 -2 6 -6 -4 16 9 10 -9 23 14 -14 -13 -11 17 19 -19 -1 21 -18 -10 -3
right_child=1 11 4 -5 5 -7 -8 8 22 15 -12 12 13 -15 -16 -17 20 18 -20 -21 -22 -23 -24 -25
leaf_value=-0.0015257583551515144 -0.062136731746590401 0.01922555797445465 0.017646783951046276 -0.0025931421304002905 0.0035760868409703017 -0.047108593386103799 -0.018137579664371562 0.012337979159103491 -0.045486091250952536 -0.038896633194681889 0.0021677457025486538 -0.020878371017514438 0.012172772153715936 -0.040226980541956926 0.012965498240032351 0.0093043382362910515 -0.0030182420029732427 -0.00037957747889268525 0.025692915680268446 0.0060965286186626553 -0.041694293493047506 0.01282699979979748 -0.0079268170184261712 0.042263767102464947
leaf_weight=236.70057385810651 1.7758867368102076 1.8801210001111033 8.3874493697658163 2.1091396603733328 3.5159167246893048 1.6893934225663532 2.0368336774408808 24.571995738428086 1.1699747382663179 1.8599416026845568 60.009698908310384 1.8785219537094233 3.3138208007439962 2.2277192436158657 32.969629277009517 1.1403866875916717 310.1017658310011 14.369036937132476 8.4575471850112098 32.62686864938587 0.80253309197723766 5.8036959683522573 0.74101216997951258 1.9482257859781382
leaf_count=9885 26 31 105 34 48 30 34 390 30 49 1094 38 38 25 452 13 13046 264 110 1044 28 154 14 15
internal_value=-0.000193215 0.00605179 -0.00367727 -0.0298111 0.00281879 -0.0128737 0.0106548 -0.000763141 0.00349109 0.00424196 0.00512232 0.0103455 0.00839252 -0.00889212 0.0111411 -0.0205761 -0.00138845 0.0001698 0.00928062 -0.000602379 -0.00282588 -0.00272714 -0.030922 0.0309496
internal_weight=762.088 63.7327 19.5146 3.88503 15.6296 5.20531 10.4243 698.355 89.493 87.582 84.5817 44.218 40.3897 5.54154 34.8482 3.00033 608.862 292.154 22.8266 269.327 316.708 315.905 1.91099 3.82835
internal_count=26997 876 277 60 217 78 139 26121 1590 1546 1484 599 553 63 490 62 24531 11303 374 10929 13228 13200 44 46
is_linear=0
shrinkage=0.03


Tree=71
num_leaves=22
num_cat=0
split_feature=15 24 1 24 21 1 1 23 20 19 14 0 8 7 1 8 25 8 7 24 22
split_gain=3.65642 2.06083 3.21665 2.83938 2.5059 2.48363 1.96883 2.53644 2.72718 2.4393 1.79336 1.76428 1.75979 1.7508 1.45528 1.33704 1.27941 1.27435 1.183 1.17968 0.814305
threshold=0.57387317577166475 3.8097394046910451 0.67989180850183506 6.9811887350819664 0.44626557900919578 0.1437793853199418 0.041533265762699619 -1.4737502913909784 0.59119853820519397 10.500000000000002 0.32515060240963861 1.7317378010544895 0.94871660004207881 0.030151515151515155 0.059479276988403322 0.18462023984851675 4.3781818375266122 0.055773195876288664 0.59091836734693881 4.7584631096112018 0.010163140253101732
decision_type=8 10 2 10 2 2 2 2 10 8 10 2 2 8 2 2 10 2 10 10 2
left_child=1 6 3 4 -3 -5 9 8 -8 13 -9 12 15 -1 16 19 -14 -11 -16 -2 -17
right_child=11 2 -4 5 -6 -7 7 10 -10 17 -12 -13 14 -15 18 20 -18 -19 -20 -21 -22
leaf_value=-0.043129620497883825 0.0022912850460571261 0.015249847102595184 -0.025562001422469414 0.00036949327587318425 0.0045829176311928356 -0.033253147283144956 0.01870714671552021 -0.0027552165253640721 -0.026961150964061358 -0.0087820508708809537 0.0048006307942921262 -0.060059994713912435 0.01817928435076643 0.0072841147961591303 -0.025900435670727372 -0.0029618398757583686 -0.00065849126340169714 -0.001050311990211817 0.01308159913027027 -0.017923709875382617 -0.0073800317001450136
leaf_weight=0.63047259021550317 49.078904743306339 34.678954188711941 2.8874514475464812 20.106237388215963 46.26329708378762 2.1929222010076037 14.688665788620709 41.619801679626107 1.2793707260861982 21.206086626742035 88.147362317424268 0.47782082203775544 8.6583514721132833 37.277921841479838 1.9390104645863169 129.95651414850727 5.1897968547418705 201.36596579989418 1.0970522053539751 2.7433467339724293 52.796790303662419
leaf_count=19 1809 412 35 346 1017 32 274 931 33 465 1943 12 319 1017 89 7727 257 6943 38 137 3107
internal_value=0.000490802 0.00194589 0.00566828 0.00654173 0.00915306 -0.00293699 0.000973364 0.0037656 0.0150482 -0.000588856 0.00237727 -0.00246828 -0.00235884 0.00644566 0.0069956 -0.00303216 0.0111196 -0.00178697 -0.0118147 0.00122115 -0.00423824
internal_weight=764.282 512.345 106.129 103.241 80.9423 22.2992 406.216 145.735 15.968 260.48 129.767 251.938 251.46 37.9084 16.8842 234.576 13.8481 222.572 3.03606 51.8223 182.753
internal_count=26962 13467 1842 1807 1429 378 11625 3181 307 8444 2874 13495 13483 1036 703 12780 576 7408 127 1946 10834
is_linear=0
shrinkage=0.03


Tree=72
num_leaves=26
num_cat=0
split_feature=10 6 0 22 1 22 25 1 26 8 9 19 22 3 24 1 19 16 9 16 24 26 22 8 4
split_gain=2.49597 2.56922 1.91756 3.83609 2.18773 2.30098 2.5009 1.89052 1.9246 1.78332 1.77473 1.62758 1.51101 1.42898 1.4177 1.91036 1.68698 2.1026 1.77016 1.19708 1.1871 1.13351 1.06392 0.928598 0.551939
threshold=0.38072164948453613 0.23116161616161621 0.4608625033220109 -0.018856415048403012 0.12039980757835916 0.0053675380536532457 2.0416928659023372 0.50726588869074996 0.38254395163508731 0.015154639175257735 0.42134020618556706 74.500000000000014 -0.16024358447575024 0.99500000000000011 -1.4515965132454502 0.23694360161139658 24.500000000000004 0.37847500699473474 0.578659793814433 0.74911028755150144 -7.153862983193056 -1.6781596390620148 0.021096598203186028 0.98484536082474239 0.54040816326530627
decision_type=2 2 2 2 2 2 10 2 10 2 10 10 2 2 8 2 8 10 10 10 10 8 2 2 2
left_child=2 14 4 19 9 6 -6 8 -5 10 -1 -7 -11 21 15 20 18 -18 -16 24 -2 23 -23 -3 -4
right_child=1 13 3 7 5 11 -8 -9 -10 12 -12 -13 -14 -15 16 -17 17 -19 -20 -21 -22 22 -24 -25 -26
leaf_value=0.02053098199479899 0.0087263106563922888 -0.015087867190030885 0.035850402480102871 0.00069278247585843856 0.019445955292032992 0.014189798879295666 -0.0066555618500303915 -0.026470003336987 0.015252615160475397 -0.026974931167968851 -0.0024633893983758426 -0.0049631278531827496 -0.0007527156728340162 0.035564053779492164 0.011700105829543925 -0.053761254128991381 -0.0057792930592244019 0.0031132920399414175 -0.0005985667906424439 0.0057876103602649449 -0.0098312285778586767 -0.0028699448872250388 -0.0091594787572758986 0.028564988637215641 0.016919038045765385
leaf_weight=7.0754123041406256 4.1566722150892064 11.218553534708914 4.985098220407961 32.387067971751094 4.1177517715841558 26.909615926444534 16.712472390383482 1.8665038608014572 10.927881745155899 1.9926061779260624 5.2715644473209977 4.6889430880546561 265.24073764868081 0.81255382020026345 26.211806929670274 0.76054155919700761 38.744051116518676 62.585716147907078 17.608176967129111 2.3473477233201265 12.230785042047501 170.49628928629681 28.21073214430362 0.45641942787915546 1.9197822911664841
leaf_count=94 179 733 58 554 51 376 303 26 160 53 72 81 8200 12 565 21 939 1513 355 24 522 10377 1666 14 33
internal_value=-0.000213226 -0.00196208 0.00147702 0.00669611 0.000621341 0.00624491 -0.00149577 0.00309219 0.00436607 -0.000433228 0.0107135 0.0113477 -0.00094824 -0.00414329 0.000876271 -0.00728125 0.00184 -0.000286842 0.00675813 0.0242951 -0.00512412 -0.00429665 -0.00376288 -0.0133813 0.0305869
internal_weight=759.935 373.492 386.443 54.4337 332.009 52.4288 20.8302 45.1815 43.3149 279.58 12.347 31.5986 267.233 211.195 162.298 17.148 145.15 101.33 43.82 9.25223 16.3875 210.382 198.707 11.675 6.90488
internal_count=26981 16896 10085 855 9230 811 354 740 714 8419 166 457 8253 12802 4094 722 3372 2452 920 115 701 12790 12043 747 91
is_linear=0
shrinkage=0.03


Tree=73
num_leaves=28
num_cat=0
split_feature=11 10 10 13 19 10 6 13 24 10 17 15 11 22 16 10 21 22 25 12 25 6 17 22 22 17 21
split_gain=2.0151 2.21528 2.50682 2.73146 2.39823 2.23697 1.73768 2.21157 2.33371 2.41832 1.80878 1.81215 1.79659 1.65695 1.59859 1.6572 2.2198 1.52933 1.38363 1.34117 1.33449 2.12332 1.0842 0.814148 0.614525 0.592253 0.591468
threshold=0.51817452244665685 0.69036082474226812 0.81537976015148339 0.29439421451689701 10.500000000000002 0.64142857142857157 0.21824742268041239 0.34176474397709938 7.3698247422530336 0.22111111111111112 -1.1889095249229771 0.59196617336152235 -0.31748257016971942 0.026729963700390134 1.3236690173398851 0.38072164948453613 0.5714198193315948 -0.059998746081518277 5.7791173412650112 0.7909076677899366 5.2184322255983906 0.16410687986534822 -1.4676764228982575 -0.0056104239060020327 0.012171271662557855 -1.2087980379178764 0.5180205550074678
decision_type=10 2 2 10 8 2 2 10 8 2 8 8 10 2 10 2 2 2 8 8 8 2 8 2 2 10 2
left_child=6 4 3 19 24 18 7 10 9 -9 12 -12 -1 -10 15 16 -8 -17 -6 -3 21 -4 -22 -16 -2 -25 -5
right_child=1 2 20 26 5 -7 14 8 13 -11 11 -13 -14 -15 23 17 -18 -19 -20 -21 22 -23 -24 25 -26 -27 -28
leaf_value=-0.050655755143075444 0.039147953918542748 0.013721887206514211 -0.034241267140801307 -0.065285983210927254 -0.0021356627741859614 0.031063345126670656 -0.0018347570377640911 -0.02418532376090211 -0.032551399450861121 0.0013884730541105837 0.0062084533645715076 -0.00038568334993907088 -0.0030223199179561155 0.015594579311729917 -0.0015252567638281739 0.014838071770624474 0.0037516970236727339 -0.0034311923560999655 0.011560469669124969 -0.02561502695662618 0.028315007198645093 0.0074511605345212052 0.0031067509828694067 -0.011954274816819301 0.018067763705284526 -0.043332482663819422 -0.032183526720043744
leaf_weight=0.734838822856548 2.7414636947214603 1.8075278028845816 1.6669566072523565 0.95203975588083245 14.048286861274397 3.1519477851688853 146.5216833408922 3.8186899228021529 3.925100381486117 25.891563453245908 126.63406058819965 53.29245915915817 23.584931702818722 0.76943729538470496 1.2385913180187347 4.2139064581133416 113.68376418063417 192.91576745919883 12.585845306515692 1.372268791310489 2.7391567965969443 3.228776388335973 3.4945975448936233 0.86224284861236844 2.2794796898961067 1.4547531753778447 0.99196137674152851
leaf_count=16 25 40 23 16 209 28 3890 83 103 601 2216 1856 584 16 18 226 4030 12356 158 34 24 70 72 17 23 34 27
internal_value=0.000374213 0.00612769 -0.00301675 -0.0203809 0.0103977 0.00716462 -4.57394e-05 0.00203212 -0.00500439 -0.00189855 0.0032174 0.00425534 -0.0044616 -0.0246602 -0.00112166 -0.000965877 0.000605965 -0.00304066 0.00433639 -0.0032543 0.00497736 -0.00674477 0.0141834 -0.0211596 0.0295777 -0.0316555 -0.0483949
internal_weight=750.602 51.0603 16.2533 5.1238 34.807 29.7861 699.542 238.651 34.4048 29.7103 204.246 179.927 24.3198 4.69454 460.891 457.335 260.205 197.13 26.6341 3.1798 11.1295 4.89573 6.23375 3.55559 5.02094 2.317 1.944
internal_count=26795 749 306 117 443 395 26046 5475 803 684 4672 4072 600 119 20571 20502 7920 12582 367 74 189 93 96 69 48 51 43
is_linear=0
shrinkage=0.03


Tree=74
num_leaves=25
num_cat=0
split_feature=21 1 19 11 11 9 23 9 23 6 10 21 19 9 5 0 17 13 21 11 19 17 13 7
split_gain=2.51208 2.33944 1.97891 2.27854 2.88637 1.64341 2.35318 3.15987 2.42904 1.58183 2.1422 4.25416 4.8202 2.39918 2.07179 1.83466 1.80702 1.6772 1.61024 1.47318 2.79722 1.26282 1.24917 0.862154
threshold=0.44949084498272857 0.10511025408932283 -2.4999999999999996 -0.60048588962840543 -0.42750320198230968 0.85640648011782039 0.49918174134932175 0.13701030927835053 -1.1045596034109548 0.36223055295220247 0.070353535353535376 0.56650329000316135 60.500000000000007 0.94871660004207881 0.9794866400168315 -0.54135090116355056 -0.14590059962939425 -2.9094332113383188 0.45633600392112955 -0.54365412924185097 25.500000000000004 -0.64562365482605677 -0.10404057695994572 0.06592783505154641
decision_type=2 2 8 8 8 10 2 8 2 2 2 2 10 10 2 2 10 8 2 10 10 10 8 10
left_child=1 2 23 -4 -5 6 8 -8 -3 14 11 12 -11 -13 15 -2 22 -12 -17 -7 -21 -19 -16 -1
right_child=9 5 3 4 -6 19 7 -9 -10 10 17 13 -14 -15 16 18 -18 21 -20 20 -22 -23 -24 -25
leaf_value=0.005112660624867699 0.026108044953659343 0.015856455103289566 -0.038332628702977919 0.027173156773052085 0.00052530892761259247 0.038961712772996711 0.035608688964566898 0.005481571859504571 -0.0050373269113859892 0.0022763714681893026 -0.065979739881520852 0.016735057884888726 -0.025549552094195984 -0.0038504842671587022 -0.0053056242471990296 -0.018760239809800485 0.0052743133232727524 -0.0057255247517340501 0.0015650950345566458 0.029959742424306737 -0.00084096850221244263 -0.0013327249966575364 -0.03933651734083761 0.036482427072595719
leaf_weight=1.2930633155629041 2.7033319100737563 6.6994829839095464 1.3266016775742171 3.7454850720241666 157.02572244685143 2.4010982885956755 4.6631835168227527 9.550137922167778 19.831559112295512 21.686232871375982 0.38579035177826881 20.345536118373278 7.5546593135222784 6.7979484982788554 1.5058375215157864 3.5636069495230904 2.4139831941574803 110.17618455574848 224.72032315796241 4.8098028795793635 5.9197047697380185 126.54773414134979 2.7320348173379898 2.0207551894709468
leaf_count=27 22 103 23 39 4774 13 55 159 341 317 8 241 135 89 27 103 32 6407 6993 40 73 6691 51 33
internal_value=0.00035925 0.0030606 0.0012922 0.000823031 0.00114612 0.00849012 0.00551565 0.0153658 0.000238664 -0.000756045 -0.00222924 0.00302666 -0.00491272 0.0115795 0.00106341 0.00153876 -0.0154432 -0.00347908 0.00124781 0.0177199 0.0129663 -0.00337722 -0.0272444 0.0242418
internal_weight=750.42 219.287 165.412 162.098 160.771 53.875 40.7444 14.2133 26.531 531.133 293.494 56.3844 29.2409 27.1435 237.639 230.987 6.65186 237.11 228.284 13.1306 10.7295 236.724 4.23787 3.31382
internal_count=26796 5680 4896 4836 4813 784 658 214 444 21116 13888 782 452 330 7228 7118 110 13106 7096 126 113 13098 78 60
is_linear=0
shrinkage=0.03


Tree=75
num_leaves=24
num_cat=0
split_feature=0 19 11 5 22 22 26 10 1 19 5 11 21 2 4 13 4 7 15 22 21 21 12
split_gain=2.14498 2.51356 2.02187 3.24249 1.67931 2.20274 1.73964 1.2434 1.65376 2.48418 1.97766 1.96075 1.83943 1.19134 0.954428 1.9035 1.39807 1.12698 1.01862 0.996293 0.875499 1.16779 1.23462
threshold=0.36675282661811154 -1.0000000180025095e-35 -0.12547181317675002 0.79190721649484541 0.018562068077919398 0.014056284491063612 -0.35607913951093378 0.38072164948453613 0.078770657768893762 -2.4999999999999996 0.010256679991584264 0.011133885577731208 0.57801197481415312 -0.046235624740220117 0.080404040404040422 -0.645094553043282 0.06030303030303031 0.99500000000000011 0.21966051857792038 -0.00085851017923547167 0.34376185589148123 0.45895799138988425 0.55597008092054934
decision_type=2 8 8 2 2 2 8 2 2 8 2 10 2 2 2 10 2 10 8 2 2 2 10
left_child=7 20 3 13 5 -4 -6 8 10 -10 -1 -12 -11 -3 15 18 -17 19 -9 -16 -2 -22 -23
right_child=1 2 4 -5 6 -7 -8 14 9 12 11 -13 -14 -15 17 16 -18 -19 -20 -21 21 22 -24
leaf_value=-0.038709834275286854 -0.0016470720332449826 -0.038936225897283232 0.0015956286338090144 0.035300160600499939 0.0038076236341744608 0.013744312876019 -0.0097847389592417532 -0.03644238819367572 -0.033707586876035624 0.00077377307507514354 -0.0024292228650729083 0.0037045970967477951 0.010641010538536475 0.0097023059028968541 0.00011136679287046972 0.0064305775097553046 -0.022430933831669671 0.034326512298159396 -0.0095936266271247125 -0.0040594957255638137 0.041660787678842487 -0.011881218688908851 0.032900245592706261
leaf_weight=1.2483777357265342 1.1471394049003718 0.86199258454143979 141.16055406606756 3.8264770805835724 13.91524477675557 14.844785732217131 21.674153286963701 2.9288329072296619 1.5266951713711021 39.903098282404244 182.73048084462062 63.09954985929653 29.628613545093685 0.95575268846005201 84.365324508864433 5.6601793919689936 2.0604009968228638 0.75306669995188613 2.2477928213775158 132.4906822941266 2.4954468486830592 1.0494391880929472 1.1738843005150554
leaf_count=26 15 23 3675 32 312 341 598 60 28 647 5938 1763 653 20 4685 221 110 9 120 7672 21 29 14
internal_value=-0.000126761 0.00250703 0.00193149 0.0196281 0.00141016 0.00275164 -0.00447021 -0.00110178 0.000113894 0.0041472 -0.00104606 -0.000854797 0.00497837 -0.0133626 -0.0027796 -0.010709 -0.00127173 -0.00230965 -0.0247841 -0.00243687 0.0218594 0.0275739 0.0117628
internal_weight=751.748 203.105 197.239 5.64422 191.595 156.005 35.5894 548.643 318.137 71.0584 247.078 245.83 69.5317 1.81775 230.506 12.8972 7.72058 217.609 5.17663 216.856 5.86591 4.71877 2.22332
internal_count=27012 5080 5001 75 4926 4016 910 21932 9055 1328 7727 7701 1300 43 12877 511 331 12366 180 12357 79 64 43
is_linear=0
shrinkage=0.03


Tree=76
num_leaves=27
num_cat=0
split_feature=4 6 9 3 22 11 6 8 19 17 6 12 4 18 7 12 18 8 5 26 9 17 4 20 1 17
split_gain=2.20602 1.95853 2.07824 2.45472 2.26967 1.88831 1.71199 1.70488 1.59156 1.77156 3.23076 1.58447 1.55998 2.53629 1.43478 1.87346 1.39906 1.35844 2.55089 2.28706 1.7171 1.9699 1.70342 1.22489 1.03925 0.60048
threshold=0.020513359983168528 0.62122448979591849 1.0000000180025095e-35 0.10256679991584264 0.0069296789471828225 0.036437957493177471 0.22111111111111112 0.98484536082474239 10.500000000000002 0.31095392508372199 0.9794866400168315 0.44329237198243521 0.8256364401430677 0.15590277777777781 0.95897328003366311 -0.31656972448260889 0.29478609625668456 0.025309278350515465 0.96453608247422695 0.44866442607124524 0.90360824742268053 -0.16737409141572121 0.94871660004207881 0.50016512814733027 -0.20704553343510732 0.32470181244830193
decision_type=2 2 10 2 2 10 2 2 10 10 2 8 2 8 10 10 8 2 2 8 10 8 2 8 2 8
left_child=1 7 16 4 -4 -5 17 14 9 11 -11 -8 24 -14 15 -1 -3 18 19 -2 22 -22 -19 -20 -10 -16
right_child=6 2 3 5 -6 -7 8 -9 12 10 -12 -13 13 -15 25 -17 -18 20 23 -21 21 -23 -24 -25 -26 -27
leaf_value=-0.0083272869812176277 0.0077261876103018236 -0.0038976323762290785 0.036253260786152666 0.0056194487584810089 -0.0056187795831207426 -0.025880983645053562 -0.0062169442221016663 -0.0092951496003390571 -0.010592603415087736 0.01104082212212836 -0.027570839802622177 0.0024020896811439351 0.011718386326043275 -0.0016951112255215314 0.018583307832969777 0.02069315656188922 -0.047171490097310441 0.0014236209583680666 -0.05908122406045168 -0.025318863886068046 -0.0018580821569090205 0.011915807500996254 -0.010575772090134725 -0.014826352193487411 -0.0031576292615819817 0.038489882935143667
leaf_weight=3.0266416734084487 6.6262710941955438 1.4323740471154445 3.1935423901304585 4.5369325331412256 1.8342653876170514 2.7513486128300428 29.871122688986361 2.3321386855095616 18.086758913006634 25.495039430912588 2.1119005102664223 53.713740736246109 16.281784021295607 57.461879950016737 2.3333680517971507 5.9142020260915213 1.2673108633607624 188.45302583882585 1.1423046216368669 2.6343838516622773 13.911685909144579 28.466881190426648 11.285061700269578 1.1097025368362663 262.3179218005389 3.2820775434374809
leaf_count=63 122 25 29 73 26 49 1333 25 484 865 45 2163 400 2319 22 85 22 4675 23 71 211 398 264 17 13066 22
internal_value=-0.000209737 0.00750949 -0.000373365 0.00485198 0.0209773 -0.00627206 -0.000552277 0.0145183 -0.00163304 0.00149811 0.00808707 -0.000678136 -0.00261613 0.00126644 0.0183335 0.0108692 -0.0242116 0.00143063 -0.00863791 -0.00167416 0.00190939 0.00739423 0.000745664 -0.0372741 -0.0036372 0.0302182
internal_weight=750.874 31.9042 15.0158 12.3161 5.02781 7.28828 718.969 16.8884 465.34 111.192 27.6069 83.5849 354.148 73.7437 14.5563 8.94084 2.69968 253.629 11.5127 9.26065 242.117 42.3786 199.738 2.25201 280.405 5.61545
internal_count=26897 441 224 177 55 122 26456 217 20675 4406 910 3496 16269 2719 192 148 47 5781 233 193 5548 609 4939 40 13550 44
is_linear=0
shrinkage=0.03


Tree=77
num_leaves=29
num_cat=0
split_feature=3 22 19 9 5 19 15 15 5 16 21 4 19 18 7 14 14 24 9 7 17 3 0 16 23 13 4 14
split_gain=2.72315 2.82239 2.7325 2.92441 2.59973 2.01312 2.98715 1.81143 1.79821 3.28927 2.1883 1.69673 1.86997 1.7912 1.6071 1.52549 1.50462 1.83134 1.6588 1.32494 1.16887 1.69773 1.15482 1.48264 1.06657 0.941608 0.860392 1.04956
threshold=0.8666631601094047 -0.020827287967921677 17.500000000000004 0.98484536082474239 0.98974332000841592 18.500000000000004 0.28653530377668313 0.10404971932638334 0.95438144329896912 1.0545772771503767 0.56317068214136456 0.83589312013465189 106.50000000000001 0.04819976771196284 0.080404040404040422 0.1283882783882784 0.83431372549019622 5.6238737014745608 0.8974332000841575 0.2893298969072165 1.0000000180025095e-35 0.015154639175257735 0.28696703095325554 0.96114417856882761 0.60213596865514485 2.904581245205605 0.1128234799074269 0.037268518518518527
decision_type=2 2 10 10 2 10 8 8 2 10 2 2 10 8 8 8 10 10 10 10 8 2 2 10 2 10 2 10
left_child=8 15 3 4 -3 6 -4 -7 11 16 19 20 13 -13 -14 26 17 -10 -18 -11 21 -1 23 -17 -24 -22 -2 -28
right_child=1 2 5 -5 -6 7 -8 -9 9 10 -12 12 14 -15 -16 22 18 -19 -20 -21 25 -23 24 -25 -26 -27 27 -29
leaf_value=-0.047552813578988593 0.035901814758300558 0.01114181251495624 -0.060358650255601179 -0.039199693934500381 -0.036408598140327021 0.0064042980528566636 0.0059948652129120658 -0.0028984805621271995 0.0081424452086731724 -0.050303272812761063 0.010154609452444939 0.018904962960392995 0.018388223499844411 0.0012872787267787177 -0.039474865530186205 -0.0039543641770940661 0.0020150107090968687 -0.0082940731464030675 -0.025609864358072307 -0.016197576121169593 -0.0013472324546732121 -0.004518820890087075 0.0022526062566969526 0.023424950967328363 0.034286990707228904 -0.041930391674761522 0.032824769166081694 5.4649382656163881e-05
leaf_weight=0.82982478942721982 3.4041337659582522 37.299223678186536 1.2460870794020587 1.1273833597078908 1.0643409397453059 26.311601963825524 1.1973718684166668 66.323318058624864 58.441928897984326 1.7015153840184201 1.7387958671897648 5.4739362434484056 0.57502580992877428 101.50951686501503 1.7368010506033895 7.5997745092026872 6.290346145629881 6.8119972273707381 2.8393408823758364 2.578885018825531 269.79119154065847 143.8643819373101 1.5416393550112837 2.3245080504566431 2.3787015751004219 0.51552513614296813 1.5990588208660486 1.9550535734742878
leaf_count=17 31 841 27 22 17 307 43 2085 783 28 21 105 13 3594 58 214 89 95 44 38 11820 6550 30 43 39 17 14 34
internal_value=-0.000162811 0.00337972 0.00178996 0.00842311 0.0098226 -0.000965136 -0.0278433 -0.000256162 -0.00107303 0.00310455 -0.0182261 -0.00171368 0.00161187 0.00218871 -0.0250825 0.0136635 0.00483065 0.0064266 -0.00657635 -0.029755 -0.0025895 -0.00476562 0.00790418 0.00245854 0.0216898 -0.00142463 0.0251227 0.0147985
internal_weight=760.071 155.372 134.569 39.4909 38.3636 95.0784 2.44346 92.6349 604.699 80.4028 6.0192 524.296 109.295 106.983 2.31183 20.8029 74.3836 65.2539 9.12969 4.2804 415.001 144.694 13.8446 9.92428 3.92034 270.307 6.95825 3.55411
internal_count=27019 3747 3342 880 858 2462 70 2392 23272 1098 87 22174 3770 3699 71 405 1011 878 133 66 18404 6567 326 257 69 11837 79 48
is_linear=0
shrinkage=0.03


Tree=78
num_leaves=28
num_cat=0
split_feature=21 10 11 9 20 21 24 2 2 10 20 22 7 7 4 9 25 22 0 25 6 0 9 20 4 7 26
split_gain=2.59206 2.09436 3.35289 2.3942 2.13675 2.05592 2.00799 3.36295 2.81835 1.96046 1.9536 1.86342 3.26418 2.94396 1.72482 1.65444 1.48853 1.48737 1.82104 1.28087 1.27835 1.37175 1.21624 1.04564 0.9117 0.751106 0.576344
threshold=0.41849009300294482 0.37056701030927841 0.35793436567041509 0.98974332000841592 0.39569844748126543 0.55937520646893801 3.0730046321185647 0.10358726507560373 -0.12575045311145014 0.75128865979381454 0.50920931758837218 0.0048457235291961978 0.99500000000000011 0.87314432989690738 0.96922996002524731 0.67005154639175268 7.8442763506867683 0.018562068077919398 1.7317378010544895 5.8265084241260547 0.46195876288659804 0.8867967972262889 0.94422680412371141 0.30425419643856094 0.8666631601094047 0.69229960025247228 0.63293066925598029
decision_type=2 2 10 8 8 2 10 2 2 2 10 2 10 10 2 8 10 2 2 8 2 2 10 8 2 10 8
left_child=6 2 3 14 -5 26 11 8 -8 -10 -7 13 16 15 -2 -1 -13 20 23 -15 21 -3 -22 -19 25 -9 -4
right_child=1 17 5 4 -6 10 7 24 9 -11 -12 12 -14 19 -16 -17 -18 18 -20 -21 22 -23 -24 -25 -26 -27 -28
leaf_value=-0.00034700400538227496 -0.00027501993237784815 0.0011659788111978344 0.019509704929125005 -0.0037029473667042072 0.010592696048097303 -0.0021255932116915062 -0.029641482219542829 0.0090520614445208838 0.0096205891029484958 -0.0052010444498189175 0.023704806492641523 0.0057431634943270202 -0.046464539760225229 0.021581618570748036 -0.012960556250875837 -0.010531585290321612 0.033223132123304751 0.0038131553098698502 -0.049747293050100547 -0.00094328228075864424 -0.0048764444144557897 -0.0091595656951682005 0.01519798874152321 -0.0076090747728120335 0.049172682491373555 0.038015630311300071 0.040755260563093698
leaf_weight=35.637447900604457 195.58081516716629 144.23644610121846 2.0458156857639542 13.039117834530769 33.809399400837719 6.9032176826149207 1.9494271045550693 1.7783843949437135 46.344542795792222 9.7154394527897221 4.2622902607545257 46.988290666136891 1.0586942639201868 6.1868593255057904 10.146963404957203 24.03783694235608 1.843659116886555 8.4430817053653282 0.86700124386697908 3.5907286275178203 82.923348534852266 12.590334200300275 2.808264105115085 49.514010844752192 1.7220185548067091 1.4734933804720638 2.6220370195806026
leaf_count=1390 5978 5711 20 425 762 145 38 34 718 253 47 1232 21 77 253 738 37 433 25 54 5791 200 103 2315 12 14 24
internal_value=0.000401575 -0.000594672 0.00133262 0.000493121 0.00661386 0.0147245 0.00351496 0.00784871 0.00581884 0.00705194 0.00773483 0.00122784 0.0056508 -0.00194934 -0.0009007 -0.00444946 0.00678067 -0.00231111 -0.0065907 0.0133096 -0.00127325 0.000337026 -0.00421888 -0.00594511 0.0315226 0.0221761 0.0314438
internal_weight=752.119 569.792 268.41 252.576 46.8485 15.8334 182.327 62.9833 58.0094 56.06 11.1655 119.344 49.8906 69.4529 205.728 59.6753 48.8319 301.382 58.8241 9.77759 242.558 156.827 85.7316 57.9571 4.9739 3.25188 4.66785
internal_count=26850 22232 7654 7418 1187 236 4618 1069 1009 971 192 3549 1290 2259 6231 2128 1269 14578 2773 131 11805 5911 5894 2748 60 48 44
is_linear=0
shrinkage=0.03


Tree=79
num_leaves=22
num_cat=0
split_feature=7 18 22 23 17 9 21 19 5 9 7 21 15 20 20 6 15 25 13 25 23
split_gain=1.85581 2.33797 3.04061 1.9399 1.83741 2.51582 2.27269 1.59322 3.82776 3.46022 2.70101 2.11088 2.71099 2.01169 1.80584 1.69279 1.59699 1.30783 1.21974 1.05918 0.69908
threshold=0.95438144329896912 0.79772727272727284 0.002265339498871794 2.5324091736232641 1.2923518059144719 0.050252525252525264 0.54831332910148178 36.500000000000007 0.86298969072164955 0.99500000000000011 0.94871660004207881 0.31295552440530083 0.23122159850307408 0.60922005292264136 0.42142775761969997 0.78460972017673059 0.011428944618599793 6.6817471583569592 0.30538380166640261 3.8072130021023551 -0.86289317493533624
decision_type=10 10 2 2 10 8 2 10 2 8 10 2 8 10 8 2 8 8 8 10 2
left_child=7 3 -3 4 5 -2 -6 8 16 13 11 12 -9 -10 -11 20 -1 -18 -4 -13 -12
right_child=1 2 18 -5 6 -7 -8 10 9 14 15 19 -14 -15 -16 -17 17 -19 -20 -21 -22
leaf_value=0.032294273193374204 0.028389293647211791 0.0094608776593873827 -0.011500420709676953 0.032303028480274595 -0.033962328922126972 0.0047645975188296075 0.012368678734347258 0.010402276751269613 0.0049092668438655397 0.0025572563565262 -0.065814483493992049 -0.0047668321790945104 -0.0067190678839336741 -0.010998497173420042 0.023362464740625762 0.0055753063254742954 -0.0027494964974413907 0.002201084229451845 -0.049999334010661582 -0.001172723127532358 -0.031023275179073242
leaf_weight=1.2812986113131035 4.4020776879042378 2.7147646481171241 1.2583906594663856 2.4805656960234037 2.283620198257267 51.732071231119335 1.6351980203762648 26.113689036108553 66.021290949080139 5.1903053186833885 0.79459525924176033 117.51447750581428 12.217323237564413 8.0241572083905321 13.575129498727618 0.8952079452574252 163.00472539011389 68.087132453918457 1.8001627847552302 198.35619746753946 1.5029901787638655
leaf_count=13 38 33 23 30 37 740 25 341 1176 88 14 4668 565 144 165 19 7298 3030 35 8432 37
internal_value=-9.63714e-05 0.00461824 -0.0136481 0.00630465 0.00523076 0.00661726 -0.0146299 -0.000568171 0.000951299 0.00610148 -0.0019507 -0.00170309 0.00494515 0.00318537 0.017608 -0.0294202 -0.00110571 -0.0012909 -0.0341596 -0.00250985 -0.0430554
internal_weight=750.885 68.3069 5.77332 62.5335 60.053 56.1341 3.91882 682.579 325.184 92.8109 357.394 354.202 38.331 74.0454 18.7654 3.19279 232.373 231.092 3.05855 315.871 2.29759
internal_count=26951 961 91 870 840 778 62 25990 11914 1573 14076 14006 906 1320 253 70 10341 10328 58 13100 51
is_linear=0
shrinkage=0.03


Tree=80
num_leaves=25
num_cat=0
split_feature=11 25 18 19 26 12 22 2 26 19 3 19 19 7 25 11 22 22 6 6 13 24 11 4
split_gain=2.02652 2.5705 1.61127 2.46806 1.51508 1.85008 2.21455 1.55759 2.62657 2.00672 3.10139 1.92467 1.39613 1.36983 2.46308 1.65843 1.25822 1.29409 1.23197 1.16826 1.10612 0.956534 0.511546 0.285351
threshold=0.51817452244665685 5.7327899766304942 0.75277777777777788 51.500000000000007 -2.3786559718778357 0.28714365006501968 0.00040129564969535841 -0.01442786648497358 0.67638711936907103 15.500000000000002 0.87691984010098889 38.500000000000007 13.000000000000002 0.95438144329896912 5.4878613746979648 0.74292892970257374 -0.022409142956610714 -0.012331247934221369 0.035463917525773207 0.61927835051546409 -1.1615736589552075 -1.0000000180025095e-35 0.31600528376412212 0.26131313131313139
decision_type=10 8 10 8 8 10 2 2 8 8 2 10 10 8 10 8 2 2 2 2 10 10 10 2
left_child=4 2 13 -4 5 6 21 8 12 10 -9 -10 -6 14 -2 -15 -3 -18 -11 -19 -8 -1 23 -7
right_child=1 16 3 -5 7 22 20 9 11 18 -12 -13 -14 15 -16 -17 17 19 -20 -21 -22 -23 -24 -25
leaf_value=-0.0019824808544743676 -0.00075116491407157702 0.033812061699735482 -0.043637031292142629 0.008690390099128753 -0.0098634622038984675 -0.042600733687866293 0.018971557200900224 0.0022929867843473522 0.0041507287275068475 0.0071449195772341819 0.018277513317647549 -0.002705700924851897 -0.0031814789482246474 0.016636226293097325 -0.047905934227967212 -0.0067734352554140983 -0.016014404115967568 0.018610725435442257 -0.00071035154965006604 0.0024514965395140216 -0.005912641657025583 -0.039201085577109059 -0.057145362236907318 -0.014775126827704207
leaf_weight=0.89940683264285359 9.9748752405867034 2.4034447949379709 1.8140346519649018 1.4674524711444976 35.79727125633508 0.557765836361795 2.5954490751028052 55.407454064115882 77.205218167509884 19.16939380671829 13.607364738360046 70.488177515100688 131.6022642669268 8.3964298190548998 1.1076479554176319 4.0313210799358776 1.4950059568509519 11.687705846503375 286.91917135892436 6.1429533041082314 4.2242244826629767 2.0111200814135355 0.72830395493656386 0.8183339349925518
leaf_count=44 189 24 36 25 1403 23 70 2014 2452 334 284 2444 5110 95 17 67 26 149 11643 112 206 71 19 50
internal_value=-0.000255334 0.00567419 -0.00054431 -0.0202367 -0.000665154 -0.0113083 -0.00579205 -0.000482659 -0.00203761 0.000823527 0.00544459 0.000878428 -0.00461038 0.00220428 -0.00546407 0.00904259 0.0133415 0.0107957 -0.0002184 0.0130436 0.00355785 -0.0276998 -0.036814 -0.0260535
internal_weight=750.552 48.5209 26.7918 3.28149 702.031 11.8346 9.7302 690.196 315.093 375.103 69.0148 147.693 167.4 23.5103 11.0825 12.4278 21.7291 19.3257 306.089 17.8307 6.81967 2.91053 2.1044 1.3761
internal_count=26907 740 429 61 26167 483 391 25684 11409 14275 2298 4896 6513 368 206 162 311 287 11977 261 276 115 92 73
is_linear=0
shrinkage=0.03


Tree=81
num_leaves=30
num_cat=0
split_feature=10 8 24 9 24 21 7 9 21 22 22 7 4 6 9 9 7 21 4 21 22 16 4 8 16 1 22 15 3
split_gain=2.41859 1.65824 1.67898 2.57895 1.84661 2.7159 2.01443 1.53193 1.64014 1.55619 1.91981 1.57964 1.44823 2.16146 2.95129 2.00712 1.76456 1.51224 1.23955 1.21137 1.15946 1.1495 1.46384 1.08627 0.959919 0.943189 0.928921 2.31932 1.25237
threshold=0.46428199520983032 0.95438144329896912 3.6498992283890219 0.086237113402061874 2.7987763049216174 0.30774399930023483 0.06592783505154641 0.98974332000841592 0.28463902996115958 -0.0099190570652528728 0.018562068077919398 0.95438144329896912 0.020513359983168528 0.62122448979591849 0.025309278350515465 0.98974332000841592 0.95438144329896912 0.56803916186559544 0.055773195876288664 0.27020330233784423 0.070253435957887883 0.53732006668865107 0.13333683989059544 0.63132653061224497 0.87275156933967535 -0.099499468414911488 -0.011242966662034467 0.080927559476075925 0.11055555555555556
decision_type=2 2 8 8 10 2 8 8 2 2 2 10 2 2 10 8 10 2 2 2 2 10 2 2 8 2 2 8 2
left_child=1 12 4 -4 6 -6 -3 9 23 26 11 -11 13 16 -15 19 -1 -17 -5 -14 -12 22 -10 24 -9 -23 28 -28 -2
right_child=7 2 3 18 5 -7 -8 8 21 10 20 -13 15 14 -16 17 -18 -19 -20 -21 -22 25 -24 -25 -26 -27 27 -29 -30
leaf_value=0.0084205353926230953 -0.019653793519844229 -0.036945358033492401 -0.012204380521277553 0.0029148030269524473 0.0084457435979469545 -0.039623533273725836 0.0082082939905621585 0.0052576317373038348 0.016292866842130747 0.0013116020550551647 -0.0064785014860123747 0.017547883636394791 0.007313051096309111 -0.017197656737323735 0.013615555157217327 0.0014969816206679785 0.035207984126212302 0.01016164298474927 0.023054850508867811 -0.0009462654911698748 0.013439222448145714 -0.03163230367822694 -0.0037744749216490686 -0.058157647303150595 -0.035601586656568679 -0.0081443647485955652 -0.057463788226910374 -0.0079545612064732124 -0.0025238768281590361
leaf_weight=5.2265679189004022 4.1668004370294502 0.93628750927746907 2.8771883887238827 3.5230834223330048 2.0789723247289649 2.1537224985659122 17.688654468860477 0.94723488762974728 3.9108566893264678 157.69065567199141 41.052916423883289 5.5839473539963356 16.949680207297206 4.97678285371512 6.3889210321940482 44.681035000365227 3.8386313915252686 30.505456102080643 12.53925156733021 279.94960628356785 2.8104676511138669 1.6469360953196908 20.014122230000794 0.80106686986982811 1.140613238327205 23.411031247116625 1.0211880225688208 5.1277004964649677 49.153134520165622
leaf_count=82 161 19 38 39 18 42 298 32 96 7389 1892 94 387 72 79 1066 30 953 183 9126 108 68 889 19 70 1199 16 272 2227
internal_value=0.000209815 0.00166596 0.00734662 0.0139521 0.00187345 -0.0160134 0.00593839 -0.00177594 -0.00649299 -0.000858181 0.000369913 0.00186688 0.00106105 0.00883763 0.000123152 0.000634046 0.0197636 0.0050125 0.0186374 -0.000474749 -0.00520231 -0.00519748 -0.0004942 -0.028459 -0.0170642 -0.00968811 -0.0051358 -0.0161769 -0.00386253
internal_weight=752.793 434.314 41.7972 18.9395 22.8576 4.23269 18.6249 318.479 51.8719 266.607 207.138 163.275 392.517 20.4309 11.3657 372.086 9.0652 75.1865 16.0623 296.899 43.8634 48.9829 23.925 2.88891 2.08785 25.058 59.4688 6.14889 53.3199
internal_count=26964 12432 637 260 377 60 317 14532 2373 12159 9483 7483 11795 263 151 11532 112 2019 222 9513 2000 2252 985 121 102 1267 2676 288 2388
is_linear=0
shrinkage=0.03


Tree=82
num_leaves=30
num_cat=0
split_feature=7 19 8 4 14 26 19 14 7 0 8 21 4 6 24 22 11 20 12 15 15 5 5 17 9 21 25 24 17
split_gain=2.78477 2.77505 2.33646 3.86007 1.97745 2.02036 1.89107 3.24185 2.72845 1.94919 1.81696 1.79192 1.67011 1.80314 1.62792 3.06312 1.6249 2.12069 1.62006 1.59061 1.5872 1.57104 1.55052 1.21607 1.09166 1.4155 1.01995 0.771834 0.475344
threshold=0.95897328003366311 20.000000000000004 0.16747422680412374 0.46428199520983032 0.9533066860465117 1.8127468205552604 20.000000000000004 0.05917366946778712 0.98484536082474239 -0.34135245660347929 0.99500000000000011 0.60894988643619019 0.15385019987376397 0.10256679991584264 1.2513936082273955 0.015650241986873079 -0.45813639532322975 0.45663123076895512 0.058556708798056085 0.080927559476075925 0.19429205851619649 0.87691984010098889 0.8461498001262362 -0.26534913469827087 0.9794866400168315 0.60092668398929827 3.1920811925930486 2.7308279737095851 -0.39390074069008879
decision_type=10 8 2 2 10 10 8 10 10 2 2 2 2 2 8 2 8 10 8 8 10 2 2 10 10 2 8 8 10
left_child=1 4 3 14 5 21 7 -4 -9 27 16 -11 28 -14 15 -2 17 -3 23 -18 -20 -1 -7 -12 25 -5 -16 -8 -6
right_child=2 10 6 24 12 22 9 8 -10 11 18 -13 13 -15 26 -17 19 -19 20 -21 -22 -23 -24 -25 -26 -27 -28 -29 -30
leaf_value=0.00066754996805627027 0.033556267944761173 -0.0046981902477065615 -0.041286056762796279 -0.04030062302524054 0.039860126806917098 -0.0048855625353009897 0.036844295986747037 0.021751480256523622 -0.020492193054234189 0.013134494332756133 0.040185142885767432 -0.0046100091883192517 -0.003281235750613174 0.018004710846941056 -0.023101243978740006 -0.010382638009780844 -0.0067595030158954733 0.013458492717494665 0.013203196963889031 -0.0015920217427231394 -0.014856891078619866 0.0077344737383331164 -0.033076862856608713 0.0065320362710661649 0.00058517956053545769 -0.0027283743618660718 0.0038674457796182516 0.01409577228904285 0.019454635974400791
leaf_weight=104.78164224978536 3.8967509856447586 10.024899892974647 1.6405341709032653 3.2979119308292857 1.9077482698485253 7.4238147344440204 3.6586950337514272 3.7753835646435618 2.1652436386793852 25.424167279154066 2.2545965556055312 6.4141179355792692 7.2555295089259726 7.0734731401316822 1.8461717776954181 2.2538288068026304 61.497765549458563 13.70376030448824 4.5664802994579077 418.00178110366687 3.0101813026703894 38.793970002327114 2.2997965747490525 1.6913374587893466 1.364107805304229 1.2424148246645925 3.9895732132717967 2.1202116198837757 2.2266032546758678
leaf_count=4488 41 176 26 53 20 350 29 50 29 303 20 156 125 133 26 35 1014 161 61 18827 67 600 57 22 19 27 65 22 28
internal_value=5.02532e-05 -0.000504057 0.00608206 -0.00309428 0.00279786 0.00168075 0.00971431 -0.00395475 0.00635448 0.0124691 -0.00160584 0.0095597 0.0120731 0.00722651 0.00668598 0.0174552 -0.00187555 0.00578765 0.010173 -0.00225477 0.00205502 0.00257702 -0.0115533 0.0257605 -0.0229488 -0.0300194 -0.00466426 0.0284981 0.0288705
internal_weight=749.602 686.513 63.0891 17.8908 171.763 153.299 45.1984 7.58116 5.94063 37.6172 514.751 31.8383 18.4634 14.329 11.9863 6.15058 503.228 23.7287 11.5226 479.5 7.57666 143.576 9.72361 3.94593 5.90443 4.54033 5.83574 5.77891 4.13435
internal_count=27030 26149 881 266 5801 5495 615 105 79 510 20348 459 306 258 167 76 20178 337 170 19841 128 5088 407 42 99 80 91 51 48
is_linear=0
shrinkage=0.03


Tree=83
num_leaves=28
num_cat=0
split_feature=6 9 21 8 10 24 0 3 3 26 15 10 5 20 26 15 26 15 15 22 26 3 0 3 6 21 16
split_gain=1.93002 2.48847 2.53939 1.86092 2.01664 1.565 2.47241 1.5425 2.09038 3.17696 2.81811 1.89607 2.5391 2.93801 1.84534 1.71114 1.66919 1.5362 1.52977 1.45997 1.26249 1.20727 1.18292 1.09718 1.39802 2.04496 0.718257
threshold=0.22111111111111112 0.99500000000000011 0.41849009300294482 0.9384599200504945 0.080404040404040422 4.3684687783940328 -0.50265049347809243 0.96922996002524731 0.94871660004207881 0.60454452640921363 0.17341619887730556 0.79486640016831489 0.94422680412371141 0.4243859460988933 0.69286985887640584 0.397658817086528 -1.3448432175245608 0.033899387129724214 0.011561079925153704 0.011950967166632019 1.1308314063467597 0.090454545454545468 0.31748209807541178 0.91376288659793825 0.9076898800757417 0.5180205550074678 0.98660316634423273
decision_type=2 10 2 2 2 10 2 2 2 10 8 2 2 8 10 8 8 8 8 2 8 2 2 2 2 2 8
left_child=7 2 5 21 -5 18 -7 8 17 10 -10 12 16 -14 15 -13 -9 19 -2 -1 -11 -4 -19 24 26 -26 -3
right_child=1 23 3 4 -6 6 -8 11 9 20 -12 14 13 -15 -16 -17 -18 22 -20 -21 -22 -23 -24 -25 25 -27 -28
leaf_value=0.022354144838725776 0.015757391592558796 0.013923344334169176 0.0011406281789695448 0.021424791653684903 0.00090754433554219509 -0.03740005375626726 0.013386601194203792 0.038477239735974708 -0.039610464827579628 0.037791135713001529 -0.0054656907739194169 -0.028236629188263387 0.011862188747959671 -0.023191223405440685 0.014008220927223744 0.0055421644351681121 0.012872202512988781 -0.00073508651632734376 4.4893531225557526e-05 -0.00019033938810597757 -0.0014798538548710998 -0.0039639612176767232 0.0039461614894478756 -0.011233057741131758 -0.018254075107153777 0.023717545770428301 0.036670692251577215
leaf_weight=6.1855113822966796 5.9495922587811938 2.1136364899575693 48.80475775199011 5.3483460061252144 22.241126855369657 0.90966873243451374 16.71078672632575 2.5540745751932263 3.8145615905523274 1.3025138699449588 5.0628234418109068 3.4841045886278135 4.9847923349589083 3.7866999600082645 2.9750487878918648 2.2032000618055463 22.277768502943221 115.98320474103093 88.98404976259917 4.4417082332074642 1.6962328236550095 286.40235915314406 83.599518213421106 1.4365220265462983 1.9652011096477506 2.2306336844339967 3.0549161448143423
leaf_count=64 68 37 1349 48 1002 10 275 19 50 16 133 55 52 49 35 36 274 3357 2987 54 32 15158 1638 24 29 27 31
internal_value=6.23497e-05 -0.00105949 -0.00138303 -0.00260435 0.00488491 0.00255365 0.0107647 0.00212545 0.00112574 -0.0111194 -0.0201375 0.00737847 0.0106046 -0.00327056 -0.00513645 -0.0151511 0.0155058 0.00181754 0.00102961 0.0129315 0.0155776 -0.00322075 0.00122575 0.0131795 0.0169244 0.00405932 0.0273684
internal_weight=750.503 486.152 475.351 362.797 27.5895 112.554 17.6205 264.352 222.086 11.8761 8.87739 42.2657 33.6033 8.77149 8.66235 5.6873 24.8318 210.21 94.9336 10.6272 2.99875 335.207 199.583 10.8009 9.36439 4.19583 5.16855
internal_count=26909 21045 20897 17557 1050 3340 285 5864 5344 231 183 520 394 101 126 91 293 5113 3055 118 48 16507 4995 148 124 56 68
is_linear=0
shrinkage=0.03


Tree=84
num_leaves=29
num_cat=0
split_feature=6 7 19 24 19 19 3 13 21 21 8 10 5 16 24 18 16 21 2 7 2 7 16 1 8 3 0 25
split_gain=2.50861 2.44303 2.13411 2.09426 3.48003 2.08046 2.4316 1.97017 2.33335 1.90343 1.65941 1.65739 2.38546 2.7184 2.50522 1.60123 2.74219 1.54033 1.28905 1.27095 1.17601 1.48161 1.13931 1.02722 0.989144 0.98582 0.879596 1.16187
threshold=0.21824742268041239 0.96453608247422695 21.500000000000004 1.0000000180025095e-35 65.500000000000014 6.0000000000000009 0.44164948453608249 0.35645721374559708 0.58898729316633336 0.40612390708431945 0.9794866400168315 0.096391752577319606 0.99500000000000011 1.0506335175754244 -1.1027657609205377 0.05634920634920635 0.8067334568747585 0.15766397189093426 -0.05348331321017976 0.9384599200504945 0.12399338639607539 0.917946560067326 0.96114417856882761 -0.075729535171041806 0.055773195876288664 0.44164948453608249 -0.357528429615596 5.6702826862429117
decision_type=2 10 8 8 8 10 2 8 2 2 2 2 2 10 8 8 8 2 2 10 2 10 8 2 2 2 2 10
left_child=1 2 5 4 25 6 -1 8 -4 10 15 12 13 -11 -14 16 -2 -17 -7 -9 24 -22 23 -12 -13 -3 -5 -28
right_child=9 3 7 26 -6 18 -8 19 -10 11 22 20 14 -15 -16 17 -18 -19 -20 -21 21 -23 -24 -25 -26 -27 27 -29
leaf_value=-0.015193750898704604 -0.0017075019186775474 0.031389594338092901 0.0062943239746634941 0.035726433456306314 -0.037348720542457324 0.00078520377454900105 0.00571553920508265 -0.0024801464821021368 -0.003834610695089914 0.0041676919129016408 0.014676185105491178 -0.014996377217188488 0.0067778123618122479 -0.014875323816038715 -0.035272499704577957 -0.022408224142841059 0.027850093640860364 0.0028351492464848021 0.013192556679770352 -0.018728079915231767 0.0012155734315453027 0.028662716395909463 -0.030517582954926979 -0.012558547295522303 -0.0033891194119609119 -0.00089241342499591411 0.0099882929589697085 0.030585244223397305
leaf_weight=7.3388330559246269 5.2609516866505119 1.5697930902242663 62.344119903165847 2.1616833209991482 1.8300523739308117 9.8468355373479408 15.744423661846666 80.112104068975896 30.474316503386945 80.411184224300086 1.8048113286495207 6.7732750643044701 2.1482131704688072 7.3644686313346019 3.1373519115149966 2.2355680372565976 6.1006630277261147 80.975078844930977 32.11597169470042 4.5806086426600805 15.011228381190451 2.0066465493291608 1.9703248320147393 4.0284535046666852 270.10897272266448 1.8602951057255266 9.9591945474967343 3.2755760177969924
leaf_count=162 88 13 1316 16 30 209 334 1810 1043 1239 25 289 21 139 43 59 104 2623 623 59 708 50 35 75 15725 29 110 31
internal_value=0.000134936 0.00249661 0.00165317 0.0124006 -0.00394193 0.0063018 -0.000932127 -5.02437e-05 0.00296877 -0.0011354 0.00250224 -0.00209779 0.00139132 0.00256996 -0.018182 0.00359939 0.0141636 0.00215695 0.0102811 -0.00335892 -0.00320259 0.00445198 -0.0107942 -0.00413212 -0.00367306 0.0138816 0.0179839 0.015086
internal_weight=752.551 263.214 242.557 20.6566 5.26014 65.0461 23.0833 177.511 92.8184 489.337 102.376 386.961 93.0612 87.7757 5.28557 94.5723 11.3616 83.2106 41.9628 84.6927 293.9 17.0179 7.80359 5.83326 276.882 3.43009 15.3965 13.2348
internal_count=27008 5785 5556 229 72 1328 496 4228 2359 21223 3009 18214 1442 1378 64 2874 192 2682 832 1869 16772 758 135 100 16014 42 157 141
is_linear=0
shrinkage=0.03


Tree=85
num_leaves=28
num_cat=0
split_feature=22 23 9 8 5 10 5 11 11 6 10 8 3 10 22 24 14 10 5 26 23 22 6 16 13 8 3
split_gain=2.03669 1.58687 1.80665 1.87288 1.79977 1.62917 2.28177 1.62684 1.59582 2.101 1.5493 1.50736 1.41018 2.03525 1.75365 2.13626 1.41666 1.35394 1.32243 1.20767 1.7621 1.48986 1.39695 1.18746 1.36657 1.06669 1.06389
threshold=-0.034215578387739691 1.4468924858144372 0.50252525252525271 0.092310119924258374 0.85283505154639183 0.50252525252525271 0.917946560067326 -0.3479262708606789 0.173020926934667 0.045618556701030939 0.33166666666666672 0.3401030927835052 0.87691984010098889 0.020513359983168528 -0.022409142956610714 -15.899421699726284 0.040678433535576396 0.010256679991584264 0.9384599200504945 -1.7084327998271263 -0.022684248053687333 0.0053675380536532457 0.030151515151515155 0.16247717510898449 -0.21023760128974023 0.85283505154639183 0.12685567010309282
decision_type=2 2 8 2 2 2 2 8 8 2 2 2 2 2 2 8 10 2 2 8 2 2 2 8 8 2 2
left_child=1 4 3 -3 8 7 -7 -6 9 -1 -5 -10 19 17 16 -16 -15 -14 26 20 22 -22 -2 24 -21 -25 -4
right_child=12 2 18 10 5 6 -8 -9 11 -11 -12 -13 13 14 15 -17 -18 -19 -20 23 21 -23 -24 25 -26 -27 -28
leaf_value=0.030780499796497909 0.017562087255960063 -0.038165123789404204 -0.030925058672110574 0.033969722613269637 0.0040693986231723038 0.023153699204851521 -0.044984072424141548 0.025200142373090591 -0.0093434090141806016 -0.0068569272142258841 0.0017010333929499237 0.02282116465849263 0.0039846173160539757 0.038001577465179237 -0.037051325331662208 0.0025304317237226917 0.0089434000116954942 -0.034652120291978242 -0.039936909764886959 -0.020547825019127743 -0.012461436523035283 0.011427305492492049 -0.014717103567584979 -0.0015407321601070007 0.014525254171012117 0.0022021672742746786 -0.0015611398609383473
leaf_weight=1.4927599970251328 1.2956864088773787 0.64804251771419963 1.3369445474818347 2.3762784590944648 4.6458640014752746 0.8729587267152954 0.896643933840096 11.14640806335956 1.7547712894156582 12.617721728049217 3.0680304123088717 5.1888349945656955 1.3028656207025044 2.0981794018298379 1.2402600338682532 116.29499000497162 5.3862723452039063 2.1856860844418406 1.2335039582103489 1.14631453435868 3.6422677403315884 6.6207016110420227 17.557702522259206 444.9642193489708 7.8241503783501667 81.002052946947515 6.5557327917777002
leaf_count=23 22 16 46 52 61 19 25 147 64 583 171 134 23 20 21 2977 124 37 24 25 146 241 813 17912 169 2856 252
internal_value=-2.04997e-05 0.0056003 -0.00260433 0.0100466 0.00883374 0.0159251 -0.0113712 0.0189838 0.00291862 -0.00287523 0.0157854 0.0146926 -0.000457418 0.00237869 0.00300936 0.00211276 0.0170895 -0.0202225 -0.0110497 -0.00110357 -0.00705358 0.00294933 -0.0124987 -0.000779713 0.0100433 -0.000964303 -0.00653511
internal_weight=746.396 53.8345 15.2185 6.09235 38.616 17.5619 1.7696 15.7923 21.0541 14.1105 5.44431 6.94361 692.561 128.508 125.02 117.535 7.48445 3.48855 9.12618 564.053 29.1164 10.263 18.8534 534.937 8.97046 525.966 7.89268
internal_count=27003 1617 561 239 1056 252 44 208 804 606 223 198 25386 3202 3142 2998 144 60 322 22184 1222 387 835 20962 194 20768 298
is_linear=0
shrinkage=0.03


Tree=86
num_leaves=21
num_cat=0
split_feature=15 24 17 19 25 26 9 16 25 24 3 5 9 25 8 8 5 16 17 20
split_gain=2.2929 2.01277 2.2262 1.90335 2.63679 1.70299 2.25786 1.7247 1.69091 1.49875 1.45908 1.44564 1.53243 1.0891 1.36844 1.14422 1.04873 1.07863 1.03449 0.984969
threshold=0.44885703215807832 4.0239563869804345 -2.3859075363814286 29.500000000000004 7.6571042229808253 0.8779723086996355 0.61927835051546409 0.91594477887436021 4.3781818375266122 3.986059135007928 0.96453608247422695 0.99500000000000011 0.75128865979381454 4.1515826981959858 0.92391752577319608 0.93407216494845369 0.8461498001262362 1.0377396435212891 -0.23229029980691979 0.54503141846411707
decision_type=8 10 8 10 10 10 10 10 8 10 2 2 10 10 2 2 2 10 10 10
left_child=1 3 -3 4 8 6 -4 -7 -1 10 -5 12 16 14 -14 -15 18 -18 -2 -6
right_child=11 2 5 9 19 7 -8 -9 -10 -11 -12 -13 13 15 -16 -17 17 -19 -20 -21
leaf_value=-0.0010962505685175586 -0.0050021727218295476 -0.022649147873808059 0.0090620312995606297 -0.0015481921229332067 0.014093931269911064 0.010405382973064765 -0.0024102321167791601 0.034170385426957724 0.0057449849815481317 -0.034360679388088004 0.0068494762052888755 -0.056436782665368737 0.0033945461142790593 0.00077294232326937187 0.019388750951084985 -0.018748366602439899 0.0011353353731723584 0.021516624826811475 -0.00080128211617932685 0.038235402869935313
leaf_weight=61.22679660608992 128.3278444414027 2.3791585946455598 39.577882537618279 197.525203818921 5.7906837086193255 13.329682531766595 25.315790131688118 3.4622725090011945 69.340863516088575 1.2010806687176216 20.559242013376206 0.43187415041029353 20.3720872621052 39.578951976262033 6.3042235858738414 2.9003355628810814 19.315913483500484 2.6586235240101805 89.588863073848188 2.0628847405314445
leaf_count=1625 8087 37 623 5689 133 199 385 34 1488 23 290 10 742 1760 145 102 691 59 4831 34
internal_value=0.000392536 0.00177973 0.00595684 0.000798068 0.00355243 0.00679002 0.00458657 0.0153054 0.00253694 -0.000940586 -0.000756528 -0.00158764 -0.001511 0.00242353 0.00717434 -0.000559904 -0.00264524 0.0036012 -0.00327512 0.0204351
internal_weight=751.25 441.772 84.0648 357.707 138.421 81.6856 64.8937 16.792 130.568 219.286 218.084 309.479 309.047 69.1556 26.6763 42.4793 239.891 21.9745 217.917 7.85357
internal_count=26987 10560 1278 9282 3280 1241 1008 233 3113 6002 5979 16427 16417 2749 887 1862 13668 750 12918 167
is_linear=0
shrinkage=0.03


Tree=87
num_leaves=29
num_cat=0
split_feature=6 10 0 1 23 12 10 5 19 14 6 13 3 12 7 4 5 13 7 21 17 10 12 0 3 23 17 19
split_gain=2.05463 2.34969 2.00545 1.85278 1.65704 1.60375 1.66102 1.62883 3.2042 2.52644 1.48653 2.11161 1.88949 1.56969 1.44802 1.62648 1.39863 1.34134 1.06649 1.6812 2.06104 1.04311 0.977327 0.952886 1.3782 0.856657 0.836641 0.652487
threshold=0.22111111111111112 0.38072164948453613 0.49565611073180865 0.4184772580975149 -0.80792723275631217 -0.58161493361029404 0.051283399957921319 0.90360824742268053 7.5000000000000009 0.13293172690763055 0.030770039974752791 -0.74205270622138642 0.30151515151515157 0.030724552685838666 0.40305112985525365 0.45407685098406753 0.99500000000000011 -0.089630124305616329 0.84268041237113411 0.44949084498272857 -2.3146213799845143 0.15731958762886603 0.038785754518984757 -0.018534351455037065 0.040202020202020211 0.41650310346240665 -1.2087980379178764 80.500000000000014
decision_type=2 2 2 2 2 8 2 2 8 8 2 8 2 10 8 2 2 10 8 2 8 2 10 2 2 2 10 8
left_child=4 2 3 16 10 6 -6 9 -9 -7 12 22 -1 -14 21 -16 -2 -13 23 20 -20 -4 -12 24 -3 -21 -5 -25
right_child=1 18 14 26 5 7 -8 8 -10 -11 11 17 13 -15 15 -17 -18 -19 19 25 -22 -23 -24 27 -26 -27 -28 -29
leaf_value=0.040390193157135573 -0.00017203938547857516 -0.053994730796334142 0.0095310935945468744 0.032837748494696062 -0.0019547401291494775 0.0069970206784946377 -0.040841780376215782 -0.019867363587327356 0.0094042045891637414 -0.0024520434984038743 0.036720556692026569 -0.0016050797123554601 -0.0031363133199909742 0.021228643343874951 -0.00084056095967421939 0.015674582999370974 -0.011716824114597279 0.0079439723762067399 0.031719795314825321 -0.0061730992412206767 0.0027195240482594885 0.036592814113805945 0.0075672230743448832 -0.0057932074951601307 -0.010548065066664109 0.0011333708839292519 0.0054885468900524705 -0.00037080910618792401
leaf_weight=2.2551538161933413 233.81118458835408 0.68898256542161007 2.6746380850672749 2.1203396711498499 2.3942057192325592 32.518361433874816 1.6838302742689846 3.7305958652868867 34.405374612659216 117.43897397210822 2.4503713892772794 31.33420601580292 4.4603979475796205 5.1014589406549931 15.370560076553376 8.246287946123628 9.8419214254245144 22.925652137026191 2.4661304270848632 41.480716628022492 20.877044404391203 2.4618871361017227 1.7916046241298316 81.419212473090738 14.207173358183352 22.156360295601189 1.9166628122329701 26.464265553280711
leaf_count=20 7465 19 33 22 25 664 33 60 439 3052 27 717 100 71 278 161 131 618 32 2567 812 55 27 5403 1055 1334 22 1742
internal_value=-9.57266e-05 -0.00125047 0.000566202 -0.000304388 0.00204317 0.000601305 -0.0180113 0.00100484 0.00654076 -0.000403007 0.00598356 0.00402318 0.0156887 0.00986292 0.00806573 0.00492603 -0.00063837 0.00242955 -0.00364466 -0.00110315 0.00578331 0.0225015 0.0244076 -0.00544513 -0.0125576 -0.00362922 0.0198531 -0.00446307
internal_weight=748.694 486.203 276.443 247.69 262.49 192.171 4.07804 188.093 38.136 149.957 70.3188 58.5018 11.817 9.56186 28.7534 23.6168 243.653 54.2599 209.76 86.9803 23.3432 5.13653 4.24198 122.78 14.8962 63.6371 4.037 107.883
internal_count=26984 21131 8167 7640 5853 4273 58 4215 499 3716 1580 1389 191 171 527 439 7596 1335 12964 4745 844 88 54 8219 1074 3901 44 7145
is_linear=0
shrinkage=0.03


Tree=88
num_leaves=28
num_cat=0
split_feature=15 17 21 20 2 4 17 15 9 13 4 22 20 15 21 20 14 24 24 24 19 19 9 16 14 5 14
split_gain=2.39958 1.73333 2.31228 1.82511 2.22072 2.12384 1.3571 2.19795 1.41571 1.56666 1.3872 1.29966 1.26829 1.37462 1.26534 1.18415 1.21001 1.16192 1.78003 2.61176 1.81988 1.40699 2.07027 1.19562 1.01052 0.843725 0.435596
threshold=0.20231407169609419 -1.6549370644957204 0.70699833230043008 0.40242649039811723 -0.055320010139501816 0.99500000000000011 0.059692853854987508 0.21762913723860963 0.79486640016831489 -2.9094332113383188 0.010256679991584264 -0.030719566844909663 0.40651862643695486 0.21388443017656503 0.33850596741127847 0.61587788394067278 0.57223113964687011 4.3684687783940328 5.8849488278853963 6.2940130776981666 79.500000000000014 17.500000000000004 0.74113402061855682 0.57226503524599559 0.17607313195548494 0.90360824742268053 0.15339366515837108
decision_type=8 10 2 8 2 2 10 8 10 8 2 2 10 10 2 10 8 10 10 8 10 10 8 10 10 2 10
left_child=1 17 3 5 -5 -3 7 11 9 -9 -8 -2 13 -12 -10 16 -4 21 20 -20 -19 23 -23 -1 -14 -13 -17
right_child=6 2 15 4 -6 -7 10 8 14 -11 12 25 24 -15 -16 26 -18 18 19 -21 -22 22 -24 -25 -26 -27 -28
leaf_value=0.015087809391460811 0.013998062204996166 -0.0047461566796139732 -0.00051881827378645097 0.0074102205038291983 -0.0013732106968619934 -0.038978351537915013 0.035322772120545326 -0.065799487778367305 0.023950925370447233 -0.0029531897997904927 0.020192205773993738 -0.020833255120878243 0.010065629663871929 -0.0022770481362157096 0.0012395164038698865 0.041833771622171875 0.015903879590013735 0.019644608557362636 -0.027684112841659492 0.0074162048352275954 -0.013389978244863477 0.0066219770525802052 -0.0059495403962816678 -0.0016124730505137493 0.001788263331620225 -0.055296948687443732 0.017627170141860122
leaf_weight=13.011717878282072 0.86419104598462571 36.655994924716651 8.2842670828104072 36.718765917699784 87.978516178205609 1.7071196567267168 1.0543859424069513 0.35754367336630821 2.2947036111727348 231.5966059435159 2.5220585586503139 4.539651912637054 17.050173795316368 86.323043134994805 58.306945946067572 1.2615701388567679 7.8771250071004024 16.140761145390574 2.1678521446883678 15.910404283553364 1.6547544049099077 23.717661557719111 23.441919723525643 5.4844934297725549 59.936121710576117 0.74411683809012164 1.4245164142921565
leaf_count=174 18 714 179 547 1500 27 12 7 56 12706 57 163 538 3783 2081 14 170 175 26 216 23 442 405 87 2786 18 34
internal_value=0.000179083 0.00235536 0.000602671 -0.000547249 0.00121319 -0.00626945 -0.00114577 -0.00235641 -0.00198336 -0.00305006 0.00102112 -0.0201085 0.000803023 -0.00163921 0.00209949 0.0105513 0.00748567 0.0054956 0.00983731 0.00320715 0.0165728 0.00312332 0.000372971 0.0101358 0.00362145 -0.0256868 0.0289962
internal_weight=749.027 283.437 181.908 163.06 124.697 38.3631 465.59 298.704 292.556 231.954 166.886 6.14796 165.831 88.8451 60.6016 18.8475 16.1614 101.53 35.8738 18.0783 17.7955 65.6558 47.1596 18.4962 76.9863 5.28377 2.68609
internal_count=26958 4733 3185 2788 2047 741 22225 15049 14850 12713 7176 199 7164 3840 2137 397 349 1548 440 242 198 1108 847 261 3324 181 48
is_linear=0
shrinkage=0.03


Tree=89
num_leaves=32
num_cat=0
split_feature=10 6 21 24 13 24 11 9 26 2 14 12 11 21 23 9 21 11 9 8 8 26 16 2 9 26 22 8 5 5 22
split_gain=1.92862 2.04106 2.04117 1.98084 2.8345 2.08875 2.3692 1.80418 2.80007 2.41549 2.18946 2.12127 2.04055 1.87249 2.43689 2.28496 2.21249 2.09226 1.87008 1.83505 1.74193 1.71703 1.58289 1.3863 1.6654 1.48137 1.07672 1.06073 1.04105 0.761327 0.711048
threshold=0.10050505050505053 0.22111111111111112 0.41849009300294482 6.0989427514440671 0.36312883802168844 3.3229176905225972 0.46800521500452069 0.4721134020618557 -0.70211448260835863 -0.11072953550959093 0.50675799086758 -0.29963310295386769 -0.3831934395690943 0.56650329000316135 -0.13504512902662369 0.72306964022722509 0.54653546014860133 -0.60048588962840543 0.96453608247422695 0.95897328003366311 0.62122448979591849 1.8639206848351437 0.20360531332261764 0.029129825958887013 0.9076898800757417 -2.0249298887588805 -0.012076347059351256 0.06030303030303031 0.82237113402061868 0.63132653061224497 0.0056480698858327886
decision_type=2 2 2 10 8 8 10 8 10 2 10 8 8 2 2 10 2 10 10 2 2 8 8 2 10 8 2 2 2 2 2
left_child=7 3 23 5 21 22 -7 8 12 11 -11 -10 30 16 15 -15 19 -18 -16 -9 -14 -5 -2 25 -25 -3 -6 28 -4 -29 -1
right_child=1 2 27 4 26 6 -8 13 9 10 -12 -13 20 14 18 -17 17 -19 -20 -21 -22 -23 -24 24 -26 -27 -28 29 -30 -31 -32
leaf_value=0.0095272981727835514 -0.017574460644422987 -0.039519969000975749 -0.0033571276677451809 0.0062830433541610567 -0.040199729148704177 0.004293429357155521 0.019203085314518711 0.0019263082868271491 -0.011091523094138144 0.0025669495624475944 -0.018987680176400509 -0.068056870041580508 -0.0062422958237084774 0.014556852969733379 0.020776359554149911 -0.0047584405882705738 -0.046462795677860137 -0.0057367054413570671 -0.0011873266782410788 0.01624955276906611 0.01399159039254703 -0.029088209844824624 0.000664232314373153 0.009209246275782821 -0.012778969652538594 -0.00045188644863452984 -0.013435573140229563 -0.0042212038147009254 -0.024673737824560234 -0.0010113920995591327 0.029064300162554416
leaf_weight=3.5737087298184633 4.4679411086253813 0.89423661679029465 4.2415899317711574 12.923796621151265 1.5600472502410401 79.55910410778597 10.906968026421962 62.59069144539535 1.1987801445648072 9.9070420544594544 7.4162662513554087 1.1553246080875426 13.585836417041724 9.1177939120680112 18.712219272740189 13.938699725084005 1.4033608352765439 5.9437421243637791 4.2885231040418139 9.238455235026775 5.3321760706603518 1.3656648704782135 103.23440419556573 30.360383972059935 3.4526908714324227 37.6686250125058 10.183993441052737 150.40578486397862 4.0125772329047322 119.22129019442946 3.1582681313157082
leaf_count=42 91 45 222 286 39 1709 112 955 23 178 139 21 248 132 241 202 33 104 61 90 79 44 2804 947 69 1643 212 10598 129 5392 29
internal_value=0.000304964 -0.000526742 -0.00195743 0.00170834 -0.00607161 0.0027304 0.006091 0.0031062 -0.00202243 -0.0105355 -0.00666078 -0.0390484 0.00450836 0.00496247 0.00977218 0.00287988 0.00216464 -0.0135157 0.0166812 0.00376852 -0.000539231 0.00290256 -9.23845e-05 0.00253002 0.006964 -0.00135784 -0.0169909 -0.00312622 -0.0137197 -0.00280192 0.018693
internal_weight=745.02 574.459 350.257 224.202 26.0335 198.168 90.4661 170.561 45.3274 19.6774 17.3233 2.3541 25.65 125.233 46.0572 23.0565 79.1762 7.3471 23.0007 71.8291 18.918 14.2895 107.702 72.3759 33.8131 38.5629 11.744 277.881 8.25417 269.627 6.73198
internal_count=26919 24342 19045 5297 581 4716 1821 2577 759 361 317 44 398 1818 636 334 1182 137 302 1045 327 330 2895 2704 1016 1688 251 16341 351 15990 71
is_linear=0
shrinkage=0.03


Tree=90
num_leaves=25
num_cat=0
split_feature=15 1 14 26 14 5 22 2 14 12 1 5 7 2 22 8 7 4 22 2 22 0 8 24
split_gain=1.60262 1.42429 2.58134 2.02952 2.32632 1.92799 1.82515 2.25115 1.73138 2.24453 2.21608 1.91634 1.90349 1.81424 1.11308 0.91475 1.31539 1.04106 0.918029 1.57985 1.1993 0.728879 0.828095 0.620228
threshold=0.56897463002114179 -0.079776307180254857 0.037737341772151906 -1.0263056174451417 0.052982456140350888 0.14359351988217969 -0.018341872695490022 0.018345676064712633 0.32087118565105993 0.7909076677899366 0.042598760534123759 0.98484536082474239 0.95438144329896912 0.0074160568632439189 0.010932104622754216 0.15731958762886603 0.95897328003366311 0.025309278350515465 0.024461012627353385 -0.064071219633167767 -0.0006708436053522725 1.4901272677829591 0.75383968020197778 1.2513936082273955
decision_type=10 2 8 8 10 2 2 2 8 10 2 2 8 2 2 2 10 2 2 2 2 2 2 10
left_child=1 2 6 4 -4 -5 -1 -8 9 11 13 -3 -12 -10 -11 16 18 23 20 -20 -2 22 -19 -17
right_child=15 8 3 5 -6 -7 7 -9 10 14 12 -13 -14 -15 -16 17 -18 21 19 -21 -22 -23 -24 -25
leaf_value=0.035103181162215814 -0.0053203263248482423 -0.00096034181225896568 -0.034162396718371651 -0.017111679331820111 0.014112243969691917 0.0015340995745275554 -0.0051048354359162313 0.0237821389296928 -0.0035698490462475144 -0.01453649749851009 0.001183146649612147 -0.01489326681116164 0.008441933641892458 0.0029041494390478757 -0.048203131901376595 0.0001485592960590766 0.029266292830138395 -0.0047637627107945989 0.028092800606345739 -0.029161613728417694 0.0082522153550830448 -0.036729465041791122 -0.00014302166916634949 0.039315804710577253
leaf_weight=3.4404811048880211 9.7062108423560929 122.94982404820621 0.9491062611341502 5.298992665950208 16.818714603316039 85.869016256649047 4.7447596578858775 4.9724314715713263 96.575959524605423 3.386704354081302 76.513151512015611 9.5764629226177913 56.539525106083602 65.298007350880653 1.1959393722936509 0.65405573789030202 1.5808081962168206 107.60790064418688 0.55988241173327002 1.9253508299589146 14.783923726994544 0.58793221227824588 51.665157133247703 0.82014018204063177
leaf_count=34 382 3829 29 172 362 1978 84 68 4026 96 1983 140 1083 2616 37 28 25 6490 16 71 541 15 2780 13
internal_value=9.79275e-05 0.000912989 0.00377406 0.00225805 0.0115336 0.000450344 0.0163255 0.00967706 0.000104448 -0.00268092 0.00139934 -0.00196715 0.0042677 -0.000958316 -0.0233225 -0.00228054 0.00266866 -0.00315654 0.00110998 -0.0162631 0.00287299 -0.00338796 -0.00326488 0.0219385
internal_weight=744.02 554.129 122.094 108.936 17.7678 91.168 13.1577 9.71719 432.036 137.109 294.927 132.526 133.053 161.874 4.58264 189.891 28.5562 161.335 26.9754 2.48523 24.4901 159.861 159.273 1.4742
internal_count=26898 16537 2727 2541 391 2150 186 152 13810 4102 9708 3969 3066 6642 133 10361 1035 9326 1010 87 923 9285 9270 41
is_linear=0
shrinkage=0.03


Tree=91
num_leaves=32
num_cat=0
split_feature=21 6 22 20 9 10 6 5 21 5 24 22 16 6 23 15 23 16 9 2 9 11 13 13 22 9 24 10 11 0 24
split_gain=1.96296 1.97007 2.31658 2.56571 2.13275 2.96323 3.38995 2.0501 2.00709 2.30893 1.86651 1.57502 1.55341 1.82687 2.46603 2.351 2.32876 1.81059 1.80477 1.77815 2.74901 1.77009 1.70285 1.6643 1.44347 1.43873 1.41303 1.30959 1.29145 1.27254 0.676538
threshold=0.44949084498272857 0.22111111111111112 0.0093272355411019962 0.40242649039811723 0.65989690721649497 0.12308015989901117 0.95897328003366311 0.40305112985525365 0.51582613857618187 0.36223055295220247 5.3701276212290212 0.012171271662557855 0.56732792545756405 0.90360824742268053 -0.056752408431937178 0.057805399625768521 -0.86289317493533624 0.8217135546308022 0.9384599200504945 0.030732801053780959 0.88329896907216499 -0.36456431072711298 0.06614125421501639 0.081282164175902741 -0.081738170133844976 0.9794866400168315 7.3698247422530336 0.92820324005891031 -0.68725332801717964 -0.18287559990900912 -0.74203264370302091
decision_type=2 2 2 10 8 2 2 2 2 2 10 2 10 2 2 10 2 10 10 2 8 10 10 10 2 10 8 2 8 2 8
left_child=12 2 3 7 28 6 -6 -2 11 -10 -5 -4 13 18 16 -16 -15 23 26 21 -21 -19 -20 27 -7 -25 -1 -14 30 -30 -3
right_child=1 4 8 10 5 24 -8 -9 9 -11 -12 -13 17 14 15 -17 -18 19 22 20 -22 -23 -24 25 -26 -27 -28 -29 29 -31 -32
leaf_value=0.0074095260342742619 0.0065125465245951357 -0.00046513400033532299 -0.040585690422829487 0.0098803272688468367 0.0078151296306587497 -0.034267961419054686 -0.0081529838744567717 -0.006350952592822463 -0.011805798222192144 0.0026844234396766267 -0.0034445312870935801 -0.009955164745957484 -0.010359869178027548 -0.019007154482077848 -0.061480249187785371 -0.0074848199638549856 0.019170844135192083 0.010531669033377525 0.027989228744134297 0.014092686890412936 -0.0078367858148486597 -0.0026536096235894508 -0.0016781674129971377 -0.00044404459069200073 -0.0029819062507957252 0.040693627992271636 -0.001723510930685707 -0.04497782209733147 -0.011806628414647524 -0.0043626100448880675 0.027610233282661628
leaf_weight=56.38170938519761 17.937702061142772 1.4995445795357225 1.8587980279698957 55.943902067840099 55.983536601997912 1.3423796794377256 15.217973428778349 29.470140886958688 13.245535854250191 39.148816861677915 11.38700063433498 8.0710613504052144 16.401021471712745 2.4601825941354036 1.2509757541120037 1.7285259813070295 3.460614450275898 10.806935538537799 6.0778859537094814 19.879137637093667 6.941080118995159 60.25649684574455 2.4403902124613523 8.4644213030114734 117.68857749132439 0.84118367731571275 20.897006256971508 1.0462381383404125 24.735792105086148 125.68266139179468 1.5931878411211076
leaf_count=1462 543 21 54 1199 879 68 265 682 484 889 241 169 521 49 20 50 54 156 56 484 190 1848 38 308 6596 8 459 40 774 8236 21
internal_value=-0.000234779 -0.0012374 0.00133346 0.0038625 -0.00256165 -0.000438885 0.00440225 -0.00148379 -0.00332249 -0.000978772 0.00762683 -0.015689 0.00214593 0.00504238 -0.00789481 -0.0301554 0.0033073 -5.47605e-05 0.00638444 0.00183557 0.00841733 -0.000648465 0.0194899 -0.00697113 -0.00333474 0.00327461 0.00493985 -0.0124358 -0.00519219 -0.00558675 0.0139976
internal_weight=740.14 520.807 177.063 114.739 343.744 190.232 71.2015 47.4078 62.3242 52.3944 67.3309 9.92986 219.334 94.6973 8.9003 2.9795 5.9208 124.637 85.797 97.8837 26.8202 71.0634 8.51828 26.7529 119.031 9.3056 77.2787 17.4473 153.511 150.418 3.09273
internal_count=26864 21121 4261 2665 16860 7808 1144 1225 1596 1373 1440 223 5743 2188 173 70 103 3555 2015 2678 674 2004 94 877 6664 316 1921 561 9052 9010 42
is_linear=0
shrinkage=0.03


Tree=92
num_leaves=31
num_cat=0
split_feature=3 26 5 26 15 2 18 2 20 23 23 23 18 9 10 2 2 18 21 16 22 10 5 20 20 18 3 20 10 9
split_gain=2.43091 2.51132 1.72997 1.71744 2.36513 2.01691 1.55627 1.86124 1.72723 2.70469 2.50004 1.47395 1.4925 1.49897 1.45851 1.5192 2.05703 1.47879 1.47304 1.39849 1.38702 1.71706 1.58874 1.38038 2.05067 1.88699 1.37121 1.09018 1.07283 0.8657
threshold=0.8666631601094047 0.7263585633593449 0.91376288659793825 -0.65532754006832195 0.011561079925153704 -0.11072953550959093 0.67799539170506928 -0.11758983530253586 0.6869138401684497 -0.57176767567764586 -1.3588930352557158 1.2485626717944511 0.57676767676767693 0.040202020202020211 0.020101010101010106 0.018345676064712633 0.015373152050546691 0.14459930313588851 0.25191784580840548 0.99532216145137509 -0.01361852345881334 0.1128234799074269 0.96922996002524731 0.4472912439890831 0.51390027376326164 0.55291153415453542 0.41118556701030934 0.32235962122824879 0.06592783505154641 0.91376288659793825
decision_type=2 10 2 10 8 2 8 2 8 2 2 2 8 10 2 2 2 10 2 8 2 2 2 10 10 10 2 10 2 8
left_child=2 3 14 20 -5 -6 8 28 10 -10 -4 23 13 -13 17 16 -16 19 -17 -1 21 -2 -22 25 -25 -3 -9 -14 -8 -19
right_child=1 11 6 4 5 -7 7 26 9 -11 -12 12 27 -15 15 18 -18 29 -20 -21 22 -23 -24 24 -26 -27 -28 -29 -30 -31
leaf_value=0.014253460994378759 0.028229582062275528 0.0071257059999935389 0.013480153162492351 -0.043088435512181354 -0.026891322715787907 -0.00028542447732333521 -0.035669113338815207 0.004053494529505053 -0.018509197707001442 0.024695826677017488 -0.0048804874911542642 0.047096734222576264 0.017536088386002239 3.5483242003741264e-05 -0.0029876773151358551 0.010532435195825895 -0.019744298936841816 0.005281490951344019 -0.00057627895565942708 -0.023335556536666226 0.0041342632971990553 0.0049897095078136958 -0.012896091727645154 -0.01544975710973032 0.015225670032330394 0.028872513647642976 0.014545550616715724 -0.019570019984561052 0.0038104119495452108 0.03054884532887072
leaf_weight=1.7942428104579433 4.5555972661823017 6.0023544258438113 7.6522045256569973 1.2786221466958512 2.7146030408330253 46.322009844239801 1.4933335762470954 41.342030064668506 1.7629400398582218 5.0097342440858474 52.234410469420254 0.93904528673738186 0.89789192145690311 1.7337471963837741 262.39431724697351 11.423480864614246 6.7633723951876155 1.9945887010544536 180.37035085866228 1.7691276343539355 51.57761470740661 7.69327148841694 5.4510360946878782 2.9099762984551472 6.0166256590746343 8.9390182499773783 15.381356030702589 3.453356227837503 1.0586430337280033 3.1439660079777241
leaf_count=23 45 165 102 16 77 1220 27 699 29 70 813 12 28 51 12436 254 319 33 8134 33 1378 242 89 72 119 141 270 84 24 29
internal_value=-2.71799e-05 0.00337958 -0.000887953 0.0014099 -0.00280858 -0.00175829 0.00223442 0.005771 -0.000910414 0.0134495 -0.0025344 0.0110049 -0.00107477 0.0165697 -0.0017252 -0.0019549 -0.00340874 0.0104425 8.537e-05 -0.00440858 0.00447372 0.0136331 0.00250643 0.0145597 0.00522581 0.0201362 0.00689857 -0.0119131 -0.0192917 0.020741
internal_weight=746.073 150.485 595.588 119.593 50.3152 49.0366 125.935 59.2754 66.6593 6.77267 59.8866 30.892 7.02404 2.67279 469.653 460.952 269.158 8.70193 191.794 3.56337 69.2775 12.2489 57.0287 23.868 8.9266 14.9414 56.7234 4.35125 2.55198 5.13855
internal_count=27034 3739 23295 3067 1313 1297 2034 1020 1014 99 915 672 175 63 21261 21143 12755 118 8388 56 1754 287 1467 497 191 306 969 112 51 62
is_linear=0
shrinkage=0.03


Tree=93
num_leaves=28
num_cat=0
split_feature=10 2 3 1 22 22 7 26 21 6 1 12 18 2 22 21 1 3 0 18 15 7 18 2 19 9 22
split_gain=1.70955 1.76183 1.74265 2.13322 2.64364 1.81511 1.89533 1.72259 1.79971 2.70547 2.11905 1.74398 2.49945 2.04206 1.51404 1.0556 1.40705 1.31414 1.75452 1.52138 2.76363 1.36857 1.02252 0.901926 0.877803 1.35039 0.910374
threshold=0.70051546391752584 0.038442881280421469 0.13065656565656569 0.4184772580975149 0.050334554147709716 0.11963290435117778 0.44164948453608249 0.99068721908336987 0.40612390708431945 0.030770039974752791 0.67989180850183506 0.55597008092054934 0.78319623971797891 0.0661782102773288 0.057104410491167538 0.62940238480744271 0.4184772580975149 0.070353535353535376 0.063032714095702339 0.12347560975609757 0.19429205851619649 0.96453608247422695 0.36626016260162603 0.023792069433109426 17.500000000000004 0.73332632021880928 -0.0011659152159841136
decision_type=2 2 2 2 2 2 10 8 2 2 2 8 10 2 2 2 2 2 2 8 8 8 8 2 10 10 2
left_child=1 2 3 4 -1 14 -7 8 9 -3 -10 12 -9 -13 -4 17 24 18 -2 20 -19 -21 -18 -20 25 -17 -26
right_child=15 7 5 -5 -6 6 -8 11 10 -11 -12 13 -14 -15 -16 16 22 19 23 21 -22 -23 -24 -25 26 -27 -28
leaf_value=0.0035207337251586825 0.032792011037500367 -0.032623617806135236 -0.0015059086516142489 0.031388898664831522 -0.022941442040743595 0.0028350502793728751 -0.055120666875588725 -0.0017770612386764433 0.0041009132226386257 0.014942202180151307 -0.040261524260979446 0.016299414511218274 -0.026476041659013887 -0.0033596536535914208 0.010594456167631385 -0.0058003497715561573 0.026698007950493947 -0.054321336295868584 -0.040611035915582391 -0.0020759206861689634 -0.0028919662505351223 0.0051450790331158429 -0.0072144536566267712 -0.012645526607649711 -0.0035423708323722536 0.013270700747973397 -0.012216529237521461
leaf_weight=91.763928342610598 0.61203733086585899 1.1260250816121722 315.76792630273849 2.364230382256209 3.5284089944325379 0.91264697164297048 1.1449850546196101 28.910328956786543 64.274605392944068 24.323681427165866 0.98389902617782254 9.5101211643777805 4.2265726001933208 9.5113520482555014 9.589035527314989 13.220514602959158 2.0251237936317916 1.2830329742282618 1.4846419850364325 62.480299281422049 3.5210633552633226 37.981638565659523 1.3229313045740125 3.449550989549607 17.806924398522824 4.4718917808495453 28.031815517693758
leaf_count=2059 11 21 11880 19 102 28 43 1098 2207 458 19 236 121 317 196 778 26 28 48 2622 191 1294 30 69 1108 191 1794
internal_value=-0.000112663 0.000690833 -0.000277864 0.00323931 0.00254091 -0.00132692 -0.0294149 0.003573 0.00607096 0.0128376 0.00343206 -0.000771185 -0.00492739 0.00646924 -0.00114928 -0.0026808 -0.00565716 -0.000884458 -0.0151173 -0.000134559 -0.0166272 0.000654122 0.013298 -0.02106 -0.00665608 -0.000979995 -0.00884689
internal_weight=745.629 567.938 425.071 97.6566 95.2923 327.415 2.05763 142.867 90.7082 25.4497 65.2585 52.1584 33.1369 19.0215 325.357 177.691 66.8792 110.812 5.54623 105.266 4.8041 100.462 3.34806 4.93419 63.5311 17.6924 45.8387
internal_count=26994 18804 14327 2180 2161 12147 71 4477 2705 479 2226 1772 1219 553 12076 8190 3927 4263 128 4135 219 3916 56 117 3871 969 2902
is_linear=0
shrinkage=0.03


Tree=94
num_leaves=29
num_cat=0
split_feature=7 25 26 25 20 6 22 20 16 17 2 13 4 14 21 15 15 23 0 7 26 5 1 21 23 15 20 20
split_gain=1.96227 2.25172 3.34833 2.79609 2.41734 2.11093 1.92929 2.02549 2.1064 1.71266 2.14059 1.70389 3.39726 1.59161 1.48557 1.44426 1.35255 1.33795 1.32084 2.59738 1.83457 1.70559 1.70006 1.54637 0.882302 0.71797 0.382097 0.346949
threshold=0.95438144329896912 2.3683014392620403 -1.3448432175245608 1.7050322722130833 0.34198572415674761 0.22111111111111112 0.070253435957887883 0.36898740499038635 0.93379235689064799 -0.55717587734655083 -0.042093358285126052 -0.78709073069230417 0.055773195876288664 0.86930641821946175 0.50531097661612245 0.057144723092998957 0.069366479550922219 -1.2667489646221015 0.35096995885160215 0.94422680412371141 -1.6781596390620148 0.71281296023564078 0.078770657768893762 0.36937478294545883 -0.032908487353777501 0.18497727880245926 0.32077027450322471 0.53955047181845106
decision_type=10 10 10 10 8 2 2 10 10 8 2 10 2 10 2 10 8 2 2 10 8 2 2 2 2 10 10 10
left_child=6 3 9 4 26 -5 18 15 17 10 -3 12 -4 -6 -13 -8 -11 -9 22 20 -20 -21 24 -24 -1 -17 -2 -10
right_child=1 2 11 5 13 -7 7 8 27 16 -12 14 -14 -15 -16 25 -18 -19 19 21 -22 -23 23 -25 -26 -27 -28 -29
leaf_value=-0.00074097372482572268 0.015605348411571367 0.025861711828107321 0.011481706948129373 0.0031942736998580076 0.00026764202486981298 -0.046944908238819159 -0.051407273802076658 0.045300509526739349 0.025979682221408836 0.004117881584559193 -0.019575511650647602 -0.0025452330289916941 -0.011900666897340099 -0.03113568978785225 0.018433305487311848 0.021278626942633359 0.032714329145917931 -0.0010376457188214783 -0.010716960639360526 8.7789835495302794e-05 0.002990127359862206 -0.046980956763231101 0.010791196855692294 0.00066727802016604829 -0.0036079359974446391 -0.014476951095735472 0.037193354641907955 0.043299543083459777
leaf_weight=213.21948354830965 1.5891265636309992 1.912772228009999 10.119170917198064 1.1733188033103936 8.4299713568761927 2.1233456190675497 0.61239503137767259 0.64865561947226424 2.1390962535515428 1.8200797438621492 1.8220369927585123 4.4286057380959383 12.500999643467365 1.7549294177442796 9.674739152658729 0.89458699058741364 8.1729682330042124 4.1403429880738249 9.2691332842223328 1.2169863670133048 169.27702885214239 1.608832058496773 16.599101183470339 74.625558564439416 176.64589462243021 1.1618727501481769 1.3775239074602721 2.0275833969935775
leaf_count=9765 27 24 106 18 127 36 14 15 37 20 34 66 197 32 158 18 90 139 309 29 4669 28 280 2269 8254 52 13 21
internal_value=0.000344139 0.00524466 0.00838726 -0.00439461 0.00179818 -0.0290998 -0.000142212 0.0119737 0.0188098 0.0210279 0.00369504 0.00366198 -0.00144052 -0.00514337 0.0118458 -0.0109659 0.0275059 0.00523872 -0.000354815 0.00182688 0.00227853 -0.02671 -0.00117732 0.00250941 -0.00203998 0.00107719 0.0256294 0.0344078
internal_weight=740.986 66.8996 50.4514 16.4482 13.1516 3.29666 674.087 11.6245 8.95568 13.7279 3.73481 36.7235 22.6202 10.1849 14.1033 2.66885 9.99305 4.789 662.462 181.372 178.546 2.82582 481.09 91.2247 389.865 2.05646 2.96665 4.16668
internal_count=26847 948 695 253 199 54 25899 296 212 168 58 527 303 159 224 84 110 154 25603 5035 4978 57 20568 2549 18019 70 40 58
is_linear=0
shrinkage=0.03


Tree=95
num_leaves=21
num_cat=0
split_feature=10 11 23 0 10 19 21 15 22 17 6 23 11 25 26 21 6 21 17 17
split_gain=2.98352 2.89586 2.57647 1.59648 2.04369 2.17857 1.57237 2.10397 2.25896 1.53382 1.66324 1.52707 1.32954 1.06194 2.29948 1.36735 1.05639 1.01112 2.34101 1.16375
threshold=0.055773195876288664 0.51817452244665685 2.9118963202995367 0.67782112840518238 0.17762886597938146 17.500000000000004 0.31295552440530083 0.023122159850307408 0.014812063237726353 -0.18713337575931371 0.22111111111111112 -2.3628106051995066 -0.60048588962840543 6.3182595395994001 0.022473190119773934 0.58567473130511838 0.77159793814432998 0.5180205550074678 -0.80285520424849144 -0.65697243058981913
decision_type=2 10 2 2 2 10 2 8 2 8 2 2 10 10 8 2 2 2 10 8
left_child=2 6 11 17 16 -6 7 -2 -9 12 -11 -1 -8 15 -15 -13 -5 18 -3 -19
right_child=1 3 -4 4 5 -7 9 8 -10 10 -12 13 -14 14 -16 -17 -18 19 -20 -21
leaf_value=0.02862682308297293 -0.037222132770618976 0.034480711117661191 -0.031578195131370522 0.034409243358702005 0.011947940958661181 -0.0076593288248784632 -0.047329248552086811 0.0023191850501246922 0.021210438319649669 0.0021564017032934318 -0.0019935158387168615 0.0014135269839071791 -0.0038538767981373791 -0.00083067066327469703 0.022842018740408462 0.010169404519247359 0.0049873162418644437 -0.009362187223068457 0.0011136721483744655 0.013640997903522956
leaf_weight=2.5355108212679616 1.1089602448046196 4.9333466812968254 1.7023131875321258 2.4001764841377762 7.5503933904692557 15.715675093699245 0.63561013154685397 49.112833263352513 6.4442630214616647 134.64854334574193 245.21030294103548 61.048875245265663 159.00198517274112 6.6095968112349492 8.3689913572743517 21.777973921969533 2.0248958552256227 2.7216380843892694 3.0700142960995453 7.2575142416171712
leaf_count=26 13 37 35 19 95 273 14 1441 97 3286 12714 880 7261 84 94 244 30 75 37 155
internal_value=0.000255168 -0.000502388 0.00502008 0.00677788 0.00225802 -0.0012963 -0.00106015 0.00369374 0.00451045 -0.00155948 -0.000522495 0.00564098 -0.00402698 0.00504509 0.012396 0.00371574 0.0209459 0.013738 0.0216814 0.00736728
internal_weight=743.879 641.836 102.043 45.6737 27.6911 23.2661 596.162 56.6661 55.5571 539.496 379.859 100.341 159.638 97.8054 14.9786 82.8268 4.42507 17.9825 8.00336 9.97915
internal_count=26910 25547 1363 721 417 368 24826 1551 1538 23275 16000 1328 7275 1302 178 1124 49 304 74 230
is_linear=0
shrinkage=0.03


Tree=96
num_leaves=28
num_cat=0
split_feature=19 21 22 11 22 4 21 15 3 7 17 4 7 9 3 0 22 19 8 23 24 17 21 24 2 24 7
split_gain=1.99952 1.98979 2.18947 1.87761 2.19285 4.49106 2.09737 2.02373 1.81492 1.79065 2.34145 1.69029 1.53738 1.43149 1.34756 2.03294 1.95749 1.74527 1.34172 1.16826 1.11466 1.05813 1.04862 0.98805 0.907902 0.894971 0.366572
threshold=21.500000000000004 0.63789327866832513 -0.16024358447575024 0.19514798585642448 -0.0045520574469554891 0.54040816326530627 0.70195991306439232 0.60353040067245745 0.98484536082474239 0.98484536082474239 0.048939992274054177 0.58881443298969083 0.16410687986534822 0.010256679991584264 0.6294329896907217 -0.41028726080528527 -0.00042696741529390229 51.500000000000007 0.6802061855670104 -0.7460417168314043 6.3907704705359576 1.1311949343037033 0.67181140807094575 2.0728263064037162 0.05162702926282179 -2.9177442378823781 0.9794866400168315
decision_type=8 2 2 10 2 2 2 10 2 10 10 2 10 8 2 2 2 10 2 2 10 10 2 8 2 10 8
left_child=3 2 -2 8 5 6 -5 12 9 20 -11 26 -6 23 15 17 21 -3 -15 -7 -1 -16 -18 -4 -17 -9 -10
right_child=1 14 13 4 7 19 -8 25 11 10 -12 -13 -14 18 16 24 22 -19 -20 -21 -22 -23 -24 -25 -26 -27 -28
leaf_value=0.0012669528034816222 -0.043601511401226936 -0.011484862792603984 -0.003638807792629312 -0.034236997601183976 0.021063836220341133 0.039538187289836192 0.015610264154404252 -0.023790693578466325 0.040414384556580564 -0.044639029232648314 0.010011340473070738 -0.0026942031707500565 0.0074402490087471769 -0.0012683572430340028 -0.0037841200132653083 -0.0043885996115935206 -0.023108473418523491 0.026843522640852515 0.0023992048385048179 0.0068142391683886604 -0.012672576184747731 0.012363251704533456 -0.0095097441069434338 0.024087714969199946 0.0023866149473399422 0.0023595410022616658 0.020679248833601973
leaf_weight=120.74458752991632 1.0247805854305614 1.4733943594619621 1.6681906338781107 4.0668080523610097 15.819816159084441 1.2461261693388221 0.93419538531452406 1.5276873284019528 1.7539239227771752 1.780128821730613 1.1688577746972439 2.2404943453148007 14.098681537434457 242.28193685878068 21.482529578264806 69.404731683433056 6.2033385070972136 3.8976899376139045 142.6192220216617 4.6299426830373704 5.3934482191689304 4.4005741113796821 28.78397376043722 3.7727700239047408 23.940877442248166 5.1440358054824165 1.6383128985762594
leaf_count=4586 21 29 39 101 247 20 27 82 18 32 15 36 279 8103 1106 4024 332 47 4225 93 181 161 1474 57 1248 198 23
internal_value=-5.87005e-05 -0.000959632 0.000191631 0.00266582 0.0077966 -0.00402987 -0.0249254 0.0113122 0.000858032 0.000130667 -0.0229779 0.0175273 0.0146439 0.000306602 -0.00378296 -0.00161823 -0.00729361 0.0163293 9.06016e-05 0.0137539 0.000670922 -0.00103879 -0.0119208 0.0155868 -0.00265092 -0.00362832 0.0308831
internal_weight=733.141 550.954 391.367 182.187 47.4673 10.8771 5.001 36.5902 134.72 129.087 2.94899 5.63273 29.9185 390.342 159.587 98.7167 60.8704 5.37108 384.901 5.87607 126.138 25.8831 34.9873 5.44096 93.3456 6.67172 3.39224
internal_count=26804 20866 12445 5938 1047 241 128 806 4891 4814 47 77 526 12424 8421 5348 3073 76 12328 113 4767 1267 1806 96 5272 280 41
is_linear=0
shrinkage=0.03


Tree=97
num_leaves=26
num_cat=0
split_feature=4 8 21 25 26 15 22 24 2 6 23 23 1 1 9 12 19 11 21 8 25 10 22 23 10
split_gain=1.92983 1.56926 2.1415 1.66735 2.07533 1.54411 2.2568 2.5078 1.74977 1.48317 1.7161 1.92725 1.83054 1.48513 1.75274 1.60098 1.41229 2.0531 1.65617 1.17418 1.14996 1.07237 0.941049 0.865308 1.93886
threshold=0.020513359983168528 0.94871660004207881 0.29110918683437376 5.4465486537485974 -0.24434799380033401 0.54070317782285338 0.0029527222497090942 3.8097394046910451 0.099331160826545986 0.6294329896907217 -0.10038008078623194 0.15511531562856468 0.22419140708724619 -0.17243600901866965 0.22111111111111112 -0.23629380633435876 16.500000000000004 0.20269348950522395 0.44626557900919578 0.18462023984851675 7.0186871802574879 0.10654639175257734 0.013108485336883696 -0.67362708141665972 0.035463917525773207
decision_type=2 2 2 8 8 8 2 10 2 2 2 2 2 2 10 10 8 8 2 2 10 2 2 2 2
left_child=9 5 3 4 -3 6 8 -8 -2 13 23 -12 -13 -1 20 -16 17 -4 -18 21 -15 -7 -21 24 -11
right_child=1 2 16 -5 -6 19 7 -9 -10 10 11 12 -14 14 15 -17 18 -19 -20 22 -22 -23 -24 -25 -26
leaf_value=0.034928670891601545 -0.002987166779411762 -0.016930994461795881 0.0081826917608143132 -0.028684811033713786 0.012965358980111707 0.0080930424715272321 0.0009804237334700087 0.0093547918275435678 0.0066611902380815866 0.027418274781450116 -0.036852220294694073 -0.01165520254982455 0.023682196751299768 0.019674017003416328 -0.032701674284962456 0.013188391185148106 0.016091193754539723 -0.021083911137369401 0.0044044201101556893 -0.0025595513156882253 -0.0065518261609039475 -0.0014003805545748124 -0.0075958700551282182 0.022928087931240154 -0.018218406344348032
leaf_weight=2.5100600561127093 166.88844543183222 4.0349560091271996 4.9065571329556423 2.6673565786331901 4.334760407917198 15.15010456740856 177.96971949608997 39.288119805976748 18.824950364883989 1.4632845036685469 1.7294614464044515 4.4161488646641374 1.8813959187828002 8.952800170984121 1.4848645459860565 1.2689235312864173 16.596000643912703 3.8500482859089971 31.871863534208387 144.49266517208889 1.8087709434330452 36.529502956662327 43.426349196583033 3.2338344762101796 1.9602116504684088
leaf_count=24 5123 56 138 35 54 283 5445 749 463 13 27 76 20 122 23 21 230 73 858 8741 28 1696 2673 39 44
internal_value=6.26603e-05 -0.000255443 0.00406927 -0.00802991 -0.00144737 -0.000714866 0.000419114 0.00249481 -0.00200916 0.00742571 0.00053829 -0.00880154 -0.00109813 0.0137368 0.00980102 -0.0115559 0.00640288 -0.00468506 0.00840612 -0.00262206 0.0152661 0.00138266 -0.0037234 0.0117997 0.00128781
internal_weight=741.541 710.831 68.2615 11.0371 8.36972 642.57 402.971 217.258 185.713 30.7098 14.6843 8.02701 6.29754 16.0254 13.5154 2.75379 57.2245 8.75661 48.4679 239.599 10.7616 51.6796 187.919 6.65733 3.4235
internal_count=27054 26617 1444 145 110 25173 11780 6194 5586 437 219 123 96 218 194 44 1299 211 1088 13393 150 1979 11414 96 57
is_linear=0
shrinkage=0.03


Tree=98
num_leaves=25
num_cat=0
split_feature=15 14 25 7 4 2 10 9 25 25 8 2 19 11 9 4 7 9 19 4 20 14 22 22
split_gain=2.09829 1.85735 3.05398 2.68178 2.63088 2.01847 1.79302 1.61857 1.85233 1.97521 1.59758 1.45398 1.94955 1.69075 1.41523 1.22591 2.19765 1.05963 1.02324 1.03735 0.987203 0.931744 0.843659 0.75664
threshold=0.20585791441628584 0.025158227848101272 2.4766574703178592 0.82237113402061868 0.54040816326530627 -0.18208177717681132 0.035463917525773207 0.90360824742268053 5.6906290265816137 6.019167456241826 0.94871660004207881 -0.0051163222280051655 14.500000000000002 -0.11830013304489383 0.39284598562949086 0.8871765200925732 0.13333683989059544 0.92820324005891031 17.500000000000004 0.99500000000000011 0.39438292050020568 0.98757716049382727 0.012171271662557855 0.027304285495849796
decision_type=8 10 8 10 2 2 2 10 10 8 2 2 10 10 10 2 10 10 8 2 10 10 2 2
left_child=1 2 15 4 -4 -3 14 18 10 -10 -9 13 -13 -7 20 16 -1 23 19 -8 22 -20 -2 -16
right_child=6 5 3 -5 -6 11 7 8 9 -11 -12 12 -14 -15 17 -17 -18 -19 21 -21 -22 -23 -24 -25
leaf_value=0.019289097107292111 -0.003312250236942624 0.028071553254947746 -0.027576612231822107 -0.056343519693099579 0.0052021412102407141 0.0037535317249362235 0.0011887572507943795 0.0041346388352221332 -0.035661711427211147 -0.0014016413104409868 0.020067749869539405 0.01075488219802356 0.0026293838528014622 -0.003358188082722357 0.018049170985299689 0.032245542776330363 -0.026362717253327759 -0.0010636840482294342 -0.0029109758548167661 -0.04518314718679288 0.014529140485643736 0.017247340687471996 -0.037785304178571615 0.042799068705558378
leaf_weight=2.3918339284136869 2.6989915948361145 2.8286844268441191 4.4650405272841436 1.3821328589692718 4.3513606134802103 59.636654894798994 83.829017197713256 30.234845261089504 1.7608269415795774 10.828095172066242 6.9692857544869176 35.335246156901121 107.19629421364516 60.719611066859215 4.5016299216076732 1.6057401429861782 1.5732962610200045 2.00029656291008 310.09986461466178 0.43642783723771472 2.0912998300045729 2.0774496262893072 0.83708632364869107 1.476262394338846
leaf_count=42 61 27 89 29 78 936 3797 840 53 367 91 499 1776 1255 74 19 33 33 16809 18 31 49 20 12
internal_value=0.000231194 0.00227117 -0.0077321 -0.0174896 -0.0113986 0.00286483 -0.00101755 -0.00134465 0.00375347 -0.00619364 0.00711932 0.0025936 0.00464379 0.000165676 0.00971082 0.0101309 0.00117523 0.0178368 -0.00198498 0.000948588 -0.00180981 -0.00277683 -0.011473 0.0241612
internal_weight=741.327 281.486 15.7694 10.1985 8.8164 265.716 459.841 446.236 49.7931 12.5889 37.2041 262.888 142.532 120.356 13.6056 5.57087 3.96513 7.97819 396.443 84.2654 5.62738 312.177 3.53608 5.97789
internal_count=27038 4783 290 196 167 4493 22255 22024 1351 420 931 4466 2275 2191 231 94 75 119 20673 3815 112 16858 81 86
is_linear=0
shrinkage=0.03


Tree=99
num_leaves=21
num_cat=0
split_feature=23 2 8 24 3 26 20 16 2 6 12 20 21 1 14 12 23 1 5 2
split_gain=1.41794 1.31448 1.45639 1.20624 1.15757 2.31133 1.83498 1.61266 1.53524 1.18897 1.26651 1.12614 1.4183 1.1671 3.52643 1.26792 0.993077 0.869935 0.58902 0.3494
threshold=3.350709856431497 -0.052495891020539968 0.9076898800757417 1.6949817699181946 0.8666631601094047 0.96796091003923812 0.37023138586751064 0.8067334568747585 0.075763895053210364 0.020513359983168528 0.82093998977895355 0.44122066502392115 0.10664642108752094 0.10511025408932283 0.98816526610644273 0.62589290061031233 1.0152781868465774 -0.0019810852118381747 0.91376288659793825 0.070921521893912751
decision_type=2 2 2 10 2 10 8 8 2 2 10 8 2 2 10 10 2 2 2 2
left_child=4 3 18 -2 11 6 7 -6 -8 -7 -11 12 17 15 -15 -13 -14 -1 19 -3
right_child=1 2 -4 -5 5 9 8 -9 -10 10 -12 13 16 14 -16 -17 -18 -19 -20 -21
leaf_value=0.033946907722018013 -0.018382904068650049 -0.030258767426369529 0.021759950850927159 0.035135173901392674 0.012937732039493608 -0.024458781500945048 -0.0039966352669207729 0.00050231148220000364 0.0068727794426362314 0.014078142293735014 -0.01296786580776629 3.9608113072900006e-05 -0.0015932757949662102 0.0055629289094731565 -0.038340492983132378 -0.0093162662128411979 -0.0062127506054819401 0.00066316545630580148 -0.055344113608058881 -0.00098549073226957299
leaf_weight=1.5571775231510403 0.7679491965100167 2.1845453074201946 0.52210530545562495 0.74842266086488962 16.513824248220772 0.83191174641251819 67.004248507786542 21.74384654732421 14.168111240025608 20.892001369502399 1.6838693683966983 228.85965408198535 232.93090926669538 55.674458097666502 1.696755876764654 13.824088491965083 51.065277070272714 1.2940908595919598 0.75919821299612511 0.44105252670124162
leaf_count=23 30 101 9 21 394 20 1820 653 296 446 37 8967 10184 1126 28 481 2264 21 18 22
internal_value=-0.000392628 -0.0156757 -0.0248771 0.00803155 -0.000279047 0.00214294 0.000453457 0.00587003 -0.00209945 0.010763 0.0120609 -0.000868501 -0.00221253 0.000416372 0.00426448 -0.000493334 -0.0024239 0.0188406 -0.0320709 -0.0253414
internal_weight=735.163 5.42327 3.9069 1.51637 729.74 142.838 119.43 38.2577 81.1724 23.4078 22.5759 586.902 286.847 300.055 57.3712 242.684 283.996 2.85127 3.3848 2.6256
internal_count=26961 201 150 51 26760 3666 3163 1047 2116 503 483 23094 12492 10602 1154 9448 12448 44 141 123
is_linear=0
shrinkage=0.03


Tree=100
num_leaves=31
num_cat=0
split_feature=21 22 17 11 4 8 14 19 24 22 7 20 20 20 3 1 22 8 15 19 3 23 3 14 23 2 1 12 21 12
split_gain=1.81638 1.77244 1.76359 2.26529 1.68025 1.81362 3.06867 1.97836 1.70754 3.04264 1.44325 2.67273 3.78554 3.16216 1.40506 1.34675 1.34588 1.59354 2.09625 1.56632 1.61724 1.47888 1.42243 1.29901 1.26073 1.22539 1.02883 0.981445 0.880244 0.675916
threshold=0.41849009300294482 0.013578588292690879 0.73331419820419841 -0.17093989308446741 0.25126262626262635 0.9794866400168315 0.45275297619047622 -1.0000000180025095e-35 7.9144045795471323 0.0069296789471828225 0.96453608247422695 0.48545544182407924 0.35541749406343054 0.41067742176978322 0.95438144329896912 -0.0941162957223321 -0.0276909859411484 0.59896907216494855 0.74856321839080475 17.500000000000004 0.31156565656565666 1.4151043133020671 0.99500000000000011 0.037268518518518527 -0.1720666355511086 -0.12256908873716175 0.029152266886844126 0.13379366975243873 0.61361269479654024 0.22469977773253982
decision_type=2 2 10 10 2 2 10 8 8 2 10 10 8 8 2 2 2 2 10 8 2 2 2 10 2 2 2 10 2 10
left_child=1 4 23 -4 8 7 -7 -6 14 -10 16 12 15 -14 -1 -12 17 21 -19 22 -21 -2 -18 26 28 -25 -3 -26 -13 -5
right_child=10 2 3 29 5 6 -8 -9 9 -11 11 24 13 -15 -16 -17 19 18 -20 20 -22 -23 -24 25 27 -27 -28 -29 -30 -31
leaf_value=0.0044058590227288915 0.0026928003970776793 0.0065666607822139024 -0.033347196920551533 0.014580840758714877 0.026183560515132109 -0.036252041354236188 0.004060417377546653 -0.001400919146556438 0.0036489466633051939 -0.030868274649177577 0.032863833580902946 0.028229085548375089 -0.033025200637810247 -0.0018138988562236224 0.016676626947832222 0.0057369477482992395 0.00070172224330906528 0.013883083157463883 -0.01351043823693048 -0.00038962784437056774 -0.0045807516807598436 -0.012401531303696688 0.030895408255315275 -0.013362405036677112 -0.0031084005482389316 0.01433909753385793 -0.037303367770363381 0.020079688526619118 0.0051875615310839245 -0.014934505654263554
leaf_weight=35.51720204250887 22.105036653112624 1.1092685121111596 1.9472410483285783 2.6541626341640945 2.4100528135895729 3.5058672158047548 3.2983577512204647 80.524057779461145 8.7142433309927565 3.1217332798987618 2.4538018852472305 5.9207079773768783 4.3488789740949843 8.9008603398688138 10.999205323867498 5.0104329595342305 100.28472460759804 16.531811115797613 2.9650667947717002 128.6228428306058 232.90728588262573 7.9402057104744008 1.4241778580471862 1.5206584632396722 4.6569583052769286 26.179434427060187 0.84960855543613423 2.5381165938451886 1.9949778020381925 0.94760570116341103
leaf_count=884 740 30 33 61 40 56 52 2737 178 64 32 52 84 148 138 90 3777 518 171 4958 11184 339 15 23 75 391 23 35 37 20
internal_value=-0.000391195 0.00219432 0.00824454 -0.00727826 0.000755906 -0.00182092 -0.0167105 -0.000599318 0.00471872 -0.00545495 -0.00125506 0.00456646 -0.00243227 -0.0120582 0.00730739 0.0146547 -0.00166177 0.00303796 0.0097171 -0.0021644 -0.00308966 -0.00129625 0.00112451 0.0111488 0.0141604 0.0128184 -0.0124607 0.00507137 0.022422 0.00681551
internal_weight=731.905 183.299 35.208 5.54901 148.091 89.7383 6.80422 82.9341 58.3524 11.836 548.606 35.8247 20.714 13.2497 46.5164 7.46423 512.781 49.5421 19.4969 463.239 361.53 30.0452 101.709 29.659 15.1108 27.7001 1.95888 7.19507 7.91569 3.60177
internal_count=26985 4730 581 114 4149 2885 108 2777 1264 242 22255 553 354 232 1022 122 21702 1768 689 19934 16142 1079 3792 467 199 414 53 110 89 81
is_linear=0
shrinkage=0.03


Tree=101
num_leaves=24
num_cat=0
split_feature=7 10 10 26 12 4 8 21 24 10 11 23 26 24 17 4 4 24 10 11 14 20 20
split_gain=2.11271 1.57558 2.13526 2.19324 1.8281 1.65809 1.54489 1.45689 1.82503 2.18911 1.91258 1.8654 1.50517 2.67662 1.50732 1.45256 1.85765 1.29665 1.24534 1.54953 0.793835 0.684878 0.674283
threshold=0.95897328003366311 0.91376288659793825 0.60102040816326541 -1.1379114404115682 0.50600740006542577 0.96922996002524731 0.010256679991584264 0.41849009300294482 1.3450947191274174 0.1128234799074269 -0.18052480340628915 1.1030452768360453 -1.7799817341919282 -1.1027657609205377 1.4845368195913686 0.045618556701030939 0.010050505050505053 6.6729768909037999 0.44164948453608249 -0.012582833794350988 0.5187529301453353 0.4243859460988933 0.6456734157561711
decision_type=10 2 2 10 8 2 2 2 10 2 8 2 10 8 8 2 2 10 2 8 10 10 10
left_child=7 2 5 20 -5 6 -2 12 18 11 -11 -10 13 21 -15 16 -14 -17 19 -9 -4 -1 -20
right_child=1 -3 3 4 -6 -7 -8 8 9 10 -12 -13 15 14 -16 17 -18 -19 22 -21 -22 -23 -24
leaf_value=-0.016062761153428789 0.033466259153231585 0.033508720626793609 -0.014063441267448675 -0.051649267113910949 -0.007580183639228028 -0.016404517304903832 0.0066240198766769984 -0.00053243610856533094 -0.0090401707040673445 0.010067973837115999 -0.0032217978705316075 -0.034638638656262689 -0.020049778877624821 -0.0060112303449316598 0.0053301890964288631 0.0035031768653455168 0.01622219056006639 -0.0097325414219110677 -0.0025240727089918093 0.005033291508503247 0.020684613906169311 -0.041173245912571342 0.0082412941405413283
leaf_weight=2.6063502891920507 2.009848676621913 1.7409557392820705 0.91590955341234837 1.5964714623987664 1.8050344809889796 2.7076449971646062 48.424297517631203 110.61366597888991 18.081855414435271 10.368944011628626 162.23054070118815 2.9849921157583585 1.4069777708500613 20.898717777337879 21.291314400266856 94.683192216325551 13.125838922336696 7.1655960856005541 126.24153925059363 75.917624173685908 1.6716979071497915 1.5642786738462744 5.4629253637976936
leaf_count=120 15 22 24 39 29 39 676 3533 307 387 6810 67 23 657 547 2691 194 123 7504 2746 24 64 265
internal_value=2.74981e-05 0.00538022 0.00455204 -0.0124295 -0.0282637 0.00646587 0.00769371 -0.000455467 -0.00124153 -0.00353773 -0.00242341 -0.0126673 0.00201706 -0.00255415 -0.000287752 0.003838 0.0127106 0.00257197 0.000155858 0.0017328 0.00838519 -0.025481 -0.00207754
internal_weight=735.516 60.8719 59.1309 5.98911 3.40151 53.1418 50.4341 674.644 511.902 193.666 172.599 21.0668 162.742 46.3607 42.19 116.382 14.5328 101.849 318.236 186.531 2.58761 4.17063 131.704
internal_count=26906 868 846 116 68 730 691 26038 21619 7571 7197 374 4419 1388 1204 3031 217 2814 14048 6279 48 184 7769
is_linear=0
shrinkage=0.03


Tree=102
num_leaves=20
num_cat=0
split_feature=3 0 11 13 8 9 11 10 3 8 23 17 17 10 12 24 23 17 3
split_gain=1.63374 1.53404 2.15683 1.88003 1.72229 1.42361 1.65542 1.82333 1.61833 1.64857 1.41396 1.32942 2.5423 1.31881 1.22814 1.5412 0.985194 0.788397 0.624393
threshold=0.015154639175257735 0.25152510423670066 -0.12920190861845701 -0.29602571513681658 0.025309278350515465 0.39284598562949086 0.36922909099715367 0.43366656253254199 0.020101010101010106 0.010256679991584264 1.5058988979974373 -2.3146213799845143 -1.0304631578989569 0.10256679991584264 -0.39402693008782946 1.9412633681516283 -0.078943359275636421 0.18226904802339181 0.11670103092783506
decision_type=2 2 8 10 2 8 10 2 2 2 2 8 8 2 8 10 2 10 2
left_child=11 5 3 18 17 8 7 -7 -2 -10 -6 -1 -13 -8 -14 -16 -5 -4 -3
right_child=1 2 4 16 10 6 13 -9 9 -11 -12 12 14 -15 15 -17 -18 -19 -20
leaf_value=0.033510211442305447 -0.040761268513719903 0.035421907366963538 -0.04766759672915849 -0.042963651850611594 0.00059192631830738273 0.00090617570401561496 0.03186517280942304 -0.0041679421978280586 0.028354174327945927 -0.0038699352877736791 0.0078198452575653828 -0.031632288598929123 0.025933904145662389 0.0060639023082513475 0.010626081669077249 -0.012528439494197879 0.0075090542821144206 -0.0096925069704257693 0.016042639623054442
leaf_weight=1.7184098958969114 1.0587488552555431 2.7521732375025749 0.88725211936980386 0.59233111143112183 217.54141991119832 218.79298511845991 2.2110767923295489 89.934818273875862 1.4442409276962269 134.09560535196215 27.429948307108134 1.4933825675398109 3.2070949077606201 9.2084481641650182 11.630861345678577 3.3273358047008506 0.84399404283612944 1.1045699547976253 3.279167776927352
leaf_count=13 20 22 26 17 7076 6665 22 5446 21 6300 763 27 34 199 145 41 23 26 56
internal_value=3.44574e-05 -0.000211171 0.00165566 0.01754 0.00117535 -0.00125109 -0.000157061 -0.000571954 -0.00381517 -0.00352657 0.00140125 0.00820607 0.00599418 0.0110596 0.00908748 0.00547554 -0.0133056 -0.0266084 0.0248856
internal_weight=732.554 711.177 254.431 7.46767 246.963 456.746 320.147 308.728 136.599 135.54 244.971 21.3771 19.6587 11.4195 18.1653 14.9582 1.43633 1.99182 6.03134
internal_count=26942 26682 8009 118 7891 18673 12332 12111 6341 6321 7839 260 247 221 220 186 40 52 78
is_linear=0
shrinkage=0.03


Tree=103
num_leaves=24
num_cat=0
split_feature=21 19 9 10 1 0 21 4 19 21 1 21 2 1 2 1 1 14 26 21 1 1 15
split_gain=1.47484 2.10911 1.79673 1.47718 1.73596 1.43592 1.30668 1.23625 1.08547 1.67934 1.4846 2.59098 2.77007 1.4923 1.61877 1.41004 1.31919 2.65558 1.09607 1.03084 0.815149 0.501322 0.407965
threshold=0.41849009300294482 -2.4999999999999996 0.54819587628865996 0.9384599200504945 0.10511025408932283 -0.45103003058231783 0.26112148090486503 0.16747422680412374 26.500000000000004 0.42145962636340512 0.2744824080515143 0.75224793599783135 -0.0027238008449800457 0.21094598467243966 -0.09108955001410092 0.18162164064793826 0.19853701454708919 0.047905909351692491 -1.1679549623150718 0.23102957911156333 0.00092540240039513868 0.4184772580975149 0.25143678160919547
decision_type=2 8 10 2 2 2 2 2 8 2 2 2 2 2 2 2 2 10 10 2 2 2 10
left_child=1 2 20 4 5 -3 -6 22 9 -2 13 12 -12 15 -15 -10 18 -18 -11 -9 -1 -13 -5
right_child=8 3 -4 7 6 -7 -8 19 10 16 11 21 -14 14 -16 -17 17 -19 -20 -21 -22 -23 -24
leaf_value=0.020849682751801095 -0.041161115516538602 -0.014148245735725606 0.0378684124611329 -0.058507755429473604 0.017456548565335326 0.0011072120461896498 0.0044683080434600392 -0.038848255737175506 -0.0016276134204563869 0.0031913756594452057 0.0026251905668581324 0.0013986542182176599 -0.023501767321607404 -0.022464524052773761 0.013282384510138565 -0.015005166116429401 -0.025654260332632971 0.012108710187411258 -0.0018700674685792097 -0.0015333135680689195 -0.012850970552229364 0.024335412223671429 -0.022293756780015508
leaf_weight=1.2121005346998575 0.85338581586256523 5.8084013173356643 2.6934224348515272 0.57874998170882352 9.4290997264906746 126.25872537819669 26.74397544329986 0.76962188398465503 335.67833289783448 63.790015350095928 5.4461533408612075 1.6000964040867978 11.087608482688664 1.2874123165383924 9.9652587417513114 7.2442479571327558 1.8553697234019662 17.334303896874189 97.150681873783469 4.9631504099816084 1.3829744784161446 1.8482408588752148 0.54231772990897298
leaf_count=19 27 89 27 15 119 3640 401 27 14972 2287 70 62 235 23 212 188 37 266 4009 216 28 33 26
internal_value=-0.000317947 0.00203873 0.0207044 0.00147496 0.00203112 0.000436267 0.0078539 -0.0121771 -0.0010837 0.000823672 -0.00200632 -0.00996219 -0.0148957 -0.00155746 0.0091926 -0.00191021 0.00102258 0.00845757 0.000136072 -0.00654283 0.00288984 0.0136923 -0.0409892
internal_weight=735.524 180.383 5.2885 175.094 168.24 132.067 36.1731 6.85384 555.141 180.984 374.157 19.9821 16.5338 354.175 11.2527 342.923 180.13 19.1897 160.941 5.73277 2.59508 3.44834 1.12107
internal_count=27028 4607 74 4533 4249 3729 520 284 22421 6626 15795 400 305 15395 235 15160 6599 303 6296 243 47 95 41
is_linear=0
shrinkage=0.03


Tree=104
num_leaves=26
num_cat=0
split_feature=7 19 16 19 22 22 26 26 11 12 5 19 14 4 20 20 6 16 26 6 4 25 23 6 6
split_gain=1.56019 1.75023 2.15795 1.81691 1.53001 3.99403 1.78958 1.42175 1.94055 2.05749 1.69021 1.64523 1.80777 1.44739 1.42669 1.38774 1.33752 1.30369 1.39885 1.25696 1.68693 1.29162 1.20129 0.795755 0.453333
threshold=0.95438144329896912 47.500000000000007 1.0019995483306303 53.500000000000007 0.0030709351481059198 0.0059371315569542197 -0.9722914840338629 -1.6781596390620148 -0.60048588962840543 0.15971167224429286 0.88329896907216499 17.500000000000004 0.96318879855465223 0.3401030927835052 0.59643698552127467 0.58110611681095392 0.98974332000841592 1.3236690173398851 2.5384098951786611 0.95897328003366311 0.31979381443298976 2.2838446345220786 -0.16015439574088972 0.85640648011782039 0.20101010101010106
decision_type=10 8 10 8 2 2 10 8 8 10 2 8 10 2 10 10 2 10 10 2 2 8 2 2 2
left_child=7 2 4 24 6 -6 -2 8 -1 14 -11 12 16 -14 -10 23 -9 18 -13 21 -21 -5 -19 -4 -3
right_child=1 3 15 19 5 -7 -8 11 9 10 -12 17 13 -15 -16 -17 -18 22 -20 20 -22 -23 -24 -25 -26
leaf_value=-0.062917756766536881 0.024774616851720142 0.039094729070248781 -0.047016446283347231 -0.010777690976753938 -0.053715147350217408 0.0013157719306604782 0.00010334684105128102 0.002551457843525074 0.0017209134186121292 -0.010197289736999899 -0.040478882679751568 -0.00069327742494089601 0.026907901128101566 0.0056589957018327733 -0.028838033593695956 0.0031583043519911687 -0.019774306849501065 0.0014818864765032292 0.010167255013992111 0.0048842530476427958 -0.040177302641956944 0.011175521041124254 -0.04648506729046345 -0.014113854089175858 0.018631990759819292
leaf_weight=0.52954627387225628 4.8868886716663837 1.9136727824807169 1.5759015716612332 2.6711415983736577 1.2994650760665525 13.711372376885263 5.7709797993302399 120.63217870565131 22.56377427792177 8.930160398129372 2.0374019006267181 483.50822392012924 4.8734288550913316 7.0711867613717914 1.4642032901756454 1.4482481256127355 2.4644033345393828 0.84117550216615189 10.914550107903777 2.1939309863373633 1.1342638954520223 24.865004918072373 1.064634297043084 1.1401893906295297 1.9851985648274419
leaf_count=11 55 15 31 38 19 196 82 4324 960 426 45 19371 65 111 54 17 72 19 384 35 22 380 31 18 33
internal_value=0.000352449 0.00480419 -0.000526412 0.00937881 0.00272344 -0.00344817 0.0114157 -7.8752e-05 -0.00591828 -0.00505578 -0.0158226 0.000249819 0.00318574 0.0143286 -0.00014127 -0.0205583 0.00210449 -0.000548986 -0.000453527 0.00694117 -0.0104729 0.00904595 -0.0253137 -0.0332042 0.0286757
internal_weight=731.491 64.5963 29.833 34.7632 25.6687 15.0108 10.6579 666.895 35.5251 34.9955 10.9676 631.37 135.041 11.9446 24.028 4.16434 123.097 496.329 494.423 30.8643 3.32819 27.5361 1.90581 2.71609 3.89887
internal_count=26814 941 418 523 352 215 137 25873 1496 1485 471 24377 4572 176 1014 66 4396 19805 19755 475 57 418 50 49 48
is_linear=0
shrinkage=0.03


Tree=105
num_leaves=26
num_cat=0
split_feature=22 8 14 21 21 25 5 8 0 22 25 3 12 0 11 0 22 13 4 24 26 11 21 20 11
split_gain=1.35822 1.5505 1.66506 1.89604 1.65312 1.79541 1.58483 1.29229 1.19211 1.44942 2.98089 2.36142 2.35667 1.50026 4.03545 1.67534 1.43037 3.52535 1.33086 2.31885 1.73648 1.2253 1.17655 0.973959 0.769156
threshold=-0.034215578387739691 0.8871765200925732 0.047905909351692491 0.61676417885004375 0.37382295789682435 2.4041315599683024 0.917946560067326 0.092310119924258374 0.32958592167777173 -0.0082722787302400968 3.3355620898551277 0.015154639175257735 -0.26298161359673161 -0.1673136817261788 -0.059714220439795788 -0.138708489168587 -0.018856415048403012 0.58990034228279942 0.86298969072164955 4.4204056048212621 -0.64407295402245157 -0.066526539275828953 0.70869875830306417 0.50311201434458208 0.84934748251490799
decision_type=2 2 8 2 2 8 2 2 2 2 10 2 8 2 8 2 2 10 2 8 8 8 2 8 8
left_child=1 4 -3 23 7 6 -6 -1 9 10 12 -12 -2 14 -11 -15 17 21 20 -20 -18 -10 -7 -4 -5
right_child=8 2 3 24 5 22 -8 -9 16 13 11 -13 -14 15 -16 -17 18 -19 19 -21 -22 -23 -24 -25 -26
leaf_value=-0.0026662892829018075 -0.027392703435764887 -0.025864838964473807 0.037931215915189977 -0.011395635490237286 -0.0041614879170065377 -0.0056320688658755384 0.036867940803437825 0.031805642616042566 -0.015692985735750724 -0.0016641288393467171 0.039122474811880296 -0.001564098167477502 -0.0078197098514250496 -0.012762125589707556 0.010250526126875353 -0.0012930960756593591 0.0048552751786612031 -0.036703209515225682 -0.00049228048588351029 0.015951849035037127 -0.0023362501420442429 0.019036395722935636 0.00559266874331965 0.0081955760651784559 0.031277070149384543
leaf_weight=1.499882124364375 6.8776505813002586 0.76525002252310237 3.9442641111090788 1.7892738971859217 1.3994515296071761 23.806071077473462 2.1474888864904642 2.8169426321983337 0.99928669817745686 77.212507294490933 1.3118324931710947 60.184100845362991 28.389296047389507 12.000555982347576 38.262311359867454 255.82774092582986 40.919870043173432 1.2608803566545237 18.767938842531294 13.108152016066017 115.54740855935961 10.750973915681239 12.990304130129514 1.3241711035370825 0.48270780220627796
leaf_count=23 173 19 59 78 64 756 19 36 24 1656 13 2623 1092 477 799 12930 1165 39 491 238 3406 231 538 22 14
internal_value=-0.000230485 0.0043971 0.0162994 0.0205786 0.00218356 0.000295532 0.0206797 0.0198284 -0.00059018 -0.00140283 -0.00468367 -0.000696171 -0.0116368 -0.000574598 0.00228376 -0.00180699 0.00134732 0.0109675 0.000682741 0.00626991 -0.000455497 0.0160829 -0.00166938 0.0304574 -0.00232934
internal_weight=734.386 52.9658 8.30567 7.54042 44.6601 40.3433 3.54694 4.31682 681.421 480.066 96.7629 61.4959 35.2669 383.303 115.475 267.828 201.355 13.0111 188.343 31.8761 156.467 11.7503 36.7964 5.26844 2.27198
internal_count=26985 1628 192 173 1436 1377 83 59 25357 19763 3901 2636 1265 15862 2455 13407 5594 294 5300 729 4571 255 1294 81 92
is_linear=0
shrinkage=0.03


Tree=106
num_leaves=29
num_cat=0
split_feature=3 26 26 5 19 16 21 15 13 14 10 10 19 13 10 17 26 1 8 10 12 19 17 24 18 19 24 5
split_gain=1.98411 2.40284 2.0735 2.04368 1.78542 2.1763 1.69802 2.14939 2.79192 2.85519 2.15056 1.93986 1.51952 1.44677 1.77611 1.50296 1.33243 1.76893 1.57925 1.08474 1.11014 1.03937 0.916627 0.90837 0.88517 0.841996 0.65347 0.273814
threshold=0.8666631601094047 0.96796091003923812 1.1881487659286631 0.9794866400168315 36.500000000000007 0.95991735421237623 0.31295552440530083 0.23122159850307408 1.2329579588805386 0.32087118565105993 0.030770039974752791 0.010256679991584264 52.500000000000007 1.0252555024127521 0.58881443298969083 0.059692853854987508 -0.77427637796642912 -0.26474579449087626 0.79190721649484541 0.40305112985525365 -0.34484549521653646 32.500000000000007 -1.6549370644957204 1.800632970146985 0.5147186147186148 58.500000000000007 4.8149257732080146 0.52020408163265319
decision_type=2 10 8 2 10 10 2 10 8 8 2 2 10 10 2 8 10 2 2 2 10 10 10 10 10 10 8 2
left_child=6 3 24 16 21 -6 7 8 10 -10 -1 25 23 15 -15 -13 18 -18 -2 20 -9 -4 -14 -5 -3 -8 -21 -26
right_child=1 2 4 12 5 -7 11 19 9 -11 -12 13 22 14 -16 -17 17 -19 -20 26 -22 -23 -24 -25 27 -27 -28 -29
leaf_value=-0.013614948769984307 0.0019699169393021018 0.010795812146810413 0.012462257793885234 -0.0094780228553734171 0.0046997055349002493 -0.032920997136310276 0.025719469743090709 0.018908778635990039 -0.014271642325766694 0.0094884814245397211 0.020373178177684491 -0.0039251356996129749 -0.014311233461985236 0.010913334142069896 -0.0067964552695672763 -0.00048424340437257761 -0.017647202051053579 0.00095432821010491442 0.012317595257289799 -0.008759671825038581 -0.0030835464649940445 0.043218375412079443 0.018712340278876229 -0.036905025453030156 0.026885174899776137 0.0023267980241342191 -0.034276909473779045 0.043952596299489784
leaf_weight=1.8663703687489057 35.892553855199367 1.6960836583748458 9.2776479059830361 1.9325131746008981 7.1353338775224966 1.7169039067812262 3.400851850397884 2.755760137923061 7.2972073862329152 12.098302874714134 16.381733251735568 176.27574303513393 1.4694890659302475 17.471377271227542 7.1957784099504343 324.67515979800373 5.0426337243989101 52.539585230872035 21.064404271077365 7.4781606090255064 8.2502543316222745 1.1068708356469859 1.5590049158781765 2.4833976263180375 1.4047189517877998 2.3360536955296993 1.0273178862407801 2.126900895498693
leaf_count=27 1132 37 199 35 164 61 38 90 119 192 251 7754 18 463 313 13228 87 1468 393 399 312 13 23 41 29 27 68 22
internal_value=0.000149672 0.00327437 0.0118551 0.00155345 0.00730213 -0.00259688 -0.000627894 0.00428548 0.00847392 0.000549168 0.016897 -0.0011564 -0.0136779 -0.00134577 0.00574712 -0.00169503 0.00254341 -0.000674659 0.0057968 -0.00379528 0.00242304 0.0157405 0.00268861 -0.0249023 0.028609 0.016194 -0.0118417 0.0371639
internal_weight=734.958 146.448 24.4645 121.984 19.2368 8.85224 588.51 57.1551 37.6436 19.3955 18.2481 531.355 7.4444 525.618 24.6672 500.951 114.539 57.5822 56.957 19.5115 11.006 10.3845 3.02849 4.41591 5.2277 5.73691 8.50548 3.53162
internal_count=27003 3722 525 3197 437 225 23281 1458 589 311 278 21823 117 21758 776 20982 3080 1555 1525 869 402 212 41 76 88 65 467 51
is_linear=0
shrinkage=0.03


Tree=107
num_leaves=21
num_cat=0
split_feature=3 7 21 14 9 5 0 10 7 12 24 10 18 17 0 9 7 16 9 5
split_gain=1.47938 1.56284 1.45118 1.69136 1.86062 1.68047 1.61165 1.28839 1.00829 2.40483 1.75572 1.70552 1.38198 1.29346 2.23749 2.70554 1.79381 1.63639 1.71411 1.18827
threshold=0.84268041237113411 0.020101010101010106 0.63965859547797155 0.9648090815273479 0.96922996002524731 0.99500000000000011 1.1759026567552553 0.11670103092783506 0.95897328003366311 -0.55447383871701417 -3.6971845132305541 0.06592783505154641 0.54919354838709689 0.098118706577197526 0.30525402732102563 0.96922996002524731 0.035463917525773207 0.36970491856383886 0.2487113402061856 0.36041237113402064
decision_type=2 8 2 10 10 2 2 2 10 8 8 2 8 10 2 10 8 8 10 2
left_child=8 -2 3 5 -5 -3 7 -4 13 12 -11 -12 -10 17 16 -16 -15 18 -1 -19
right_child=1 2 6 4 -6 -7 -8 -9 9 10 11 -13 -14 14 15 -17 -18 19 -20 -21
leaf_value=0.00048302024906684188 -0.044320127171077937 0.003263109819056116 0.0085138249581489245 0.014260678899972134 -0.017312813881196834 -0.031097758175682746 -0.049662017106237508 -0.0043344356154253662 -0.00069910309260937922 -0.028176731305028315 0.016349632037240359 0.0025210529225244021 -0.037300037963270305 0.013867906466561317 0.0082911979437641035 -0.030123377950402267 -0.0015196798558745589 -0.0042834164040317516 -0.016100807868940751 -0.00023486322198188652
leaf_weight=9.2392131695523876 0.63307076599448819 98.366594178602099 9.1842534653842431 21.486506995745007 1.8222503773868073 1.2978902598842967 0.63050610199570556 29.866829212289304 1.8773495396599176 1.2606596136465666 13.106980107724665 20.70938770705834 1.8369147796183822 7.1861153226345769 44.62091702921316 1.7134421914815892 133.22688417090103 91.18711614003405 14.277494121808557 229.35839013988152
leaf_count=276 13 2522 149 272 22 30 12 1361 22 31 136 382 29 167 1372 43 5335 5404 541 8856
internal_value=0.000206945 0.00272433 0.00290744 0.00451711 0.0117923 0.00281564 -0.00208094 -0.00131271 -0.000514717 0.00415436 0.00658501 0.00788091 -0.0188003 -0.000855931 0.00115418 0.00687063 -0.000732168 -0.00194696 -0.00958538 -0.00138657
internal_weight=732.889 163.288 162.655 122.973 23.3088 99.6645 39.6816 39.0511 569.601 38.7913 35.077 33.8164 3.71426 530.81 186.747 46.3344 140.413 344.062 23.5167 320.546
internal_count=26975 4381 4368 2846 294 2552 1522 1510 22594 600 549 518 51 21994 6917 1415 5502 15077 817 14260
is_linear=0
shrinkage=0.03


Tree=108
num_leaves=28
num_cat=0
split_feature=6 10 17 8 4 8 0 12 10 17 24 17 12 8 8 11 1 25 8 6 7 1 13 22 17 8 6
split_gain=1.44487 2.05253 1.9632 2.34711 2.14345 1.8398 1.81959 3.59522 2.19186 1.52362 1.49449 1.46422 2.91364 2.19148 1.57064 1.46882 1.28264 3.15137 1.37211 1.58481 1.22662 1.72572 0.947772 1.60258 1.20828 0.835689 0.549789
threshold=0.22111111111111112 0.12308015989901117 -0.19776826570544501 0.96922996002524731 0.9794866400168315 0.58881443298969083 0.8867967972262889 0.33689371881420321 0.41118556701030934 3.217401925128224 4.6418918810644305 0.52524858978993627 -0.8811546383768577 0.98974332000841592 0.98484536082474239 -0.84286555543609853 0.67989180850183506 5.5319132334681091 0.89345360824742281 0.24121212121212124 0.34182026450067693 0.056792756813052306 -1.8090243999917155 0.0053675380536532457 -0.32484906374682621 0.030770039974752791 0.090454545454545468
decision_type=2 2 10 2 2 2 2 10 2 8 10 8 10 2 2 8 2 10 2 2 10 2 8 2 10 2 2
left_child=2 11 6 4 9 -6 22 10 -9 -4 -8 12 -2 -14 15 -13 18 -18 25 -20 26 -22 23 -1 -24 -3 -5
right_child=1 16 3 20 5 -7 7 8 -10 -11 -12 14 13 -15 -16 -17 17 -19 19 -21 21 -23 24 -25 -26 -27 -28
leaf_value=-0.0077175762979406499 -0.033748972671386157 0.0090854992936899859 0.0039833468943696283 0.018980519673337585 -0.0029551867057136224 -0.044545709434511541 -0.019678367314801274 0.019069266088868834 -0.0089406010035248638 0.029639085203320925 -0.061839707345670208 0.019674161197801965 0.00091882185367132363 -0.039049892742136744 0.023074047920264337 0.0028893258208228297 -0.00032157029638853988 -0.066058439842111294 0.032694185312894114 0.0020286307741489893 -0.0033585613478146711 0.026978822368081641 0.0014465227681518436 0.030796407811124495 -0.010798362389649274 -0.0027569503723423767 0.037730502234137979
leaf_weight=1.6179822254925964 2.4080404639244071 5.4699153183028093 93.119527197442949 3.0137678794562799 2.7900563841685644 1.4572092145681379 1.680012835189703 3.1957396157085887 11.793394136708228 2.1309629064053288 1.3767508175224064 4.9763971213251352 52.580971917137504 1.2643229328095902 3.9996429793536654 82.168118692934513 2.0465796757489438 0.96618495229631651 1.5708017172291864 44.088513839058578 4.1594868870452046 2.8396032899618149 117.58483242383227 2.436789340339601 7.729499662294983 274.25371320452541 2.6406958475708961
leaf_count=24 38 151 2010 31 70 30 32 36 168 30 24 55 977 18 33 1369 39 19 40 1982 56 28 3144 26 190 16374 23
internal_value=0.000383584 -0.000598616 0.00218399 0.00517521 0.00362752 -0.0172246 -9.16918e-05 -0.00901576 -0.00296879 0.00455732 -0.0386676 0.00234249 -0.00146352 -1.96698e-05 0.00469152 0.00384783 -0.0019187 -0.0214032 -0.0017383 0.00308361 0.0173451 0.00894963 0.00115314 0.0154281 0.000691247 -0.00252537 0.027737
internal_weight=735.36 475.793 259.566 112.151 99.4978 4.24727 147.415 18.0459 14.9891 95.2505 3.05676 147.397 56.2533 53.8453 91.1442 87.1445 328.396 3.01276 325.383 45.6593 12.6536 6.99909 129.369 4.05477 125.314 279.724 5.65446
internal_count=27017 21095 5922 2278 2140 100 3644 260 204 2040 56 2490 1033 995 1457 1424 18605 58 18547 2022 138 84 3384 50 3334 16525 54
is_linear=0
shrinkage=0.03


Tree=109
num_leaves=28
num_cat=0
split_feature=10 11 22 7 8 1 20 11 1 20 0 1 7 24 8 10 7 15 14 16 8 21 8 15 21 24 8
split_gain=1.2194 1.69605 1.87644 2.51964 1.87205 1.58062 2.02172 1.5663 1.54077 3.49795 2.26468 1.96162 1.76728 1.79705 1.71838 1.26158 1.41923 1.45458 1.19692 1.10064 0.99371 1.68644 1.23963 0.913504 0.755025 0.715475 0.0749722
threshold=0.77159793814432998 0.029797888392844033 0.11963290435117778 0.52020408163265319 0.15385019987376397 0.086689526720076862 0.17098691034757144 -0.3831934395690943 0.07471370870852416 0.41468067460956121 0.55294545392489203 0.12375132563331291 0.055773195876288664 4.5362405441284794 0.80206185567010324 0.85640648011782039 0.55051020408163276 0.11299795709908071 0.035504201680672275 0.42197605455081871 0.98974332000841592 0.29749165788874266 0.9794866400168315 0.16185511895215185 0.62161455346602579 -1.0000000180025095e-35 0.051283399957921319
decision_type=2 10 2 10 2 2 10 8 2 8 2 2 8 8 2 2 10 8 8 8 2 2 2 10 2 10 2
left_child=1 2 5 4 -4 7 -7 -1 12 10 -10 -11 13 -3 -14 16 18 -18 24 -20 22 -22 23 -17 -2 -19 -5
right_child=15 8 3 26 -6 6 -8 -9 9 11 -12 -13 14 -15 -16 20 17 25 19 -21 21 -23 -24 -25 -26 -27 -28
leaf_value=0.0052830759230120287 -0.055357427016078355 0.0079911441172165112 0.040812166861766787 -0.071849045917778256 -0.026906279057326527 0.033954110583677075 0.002515484444061104 -0.0025422232017934445 -0.0030041281283043671 -0.0090549168261862059 -0.022046473330275509 0.0072766104841029073 0.0010750557652572971 0.037196608409369954 0.0076247820712631231 -0.0059123053272190111 0.0072288814144847056 -0.0085111300353839219 0.0099440496507707688 -0.0048083687553490692 0.011154824135919443 -0.042117146064042293 0.02793580603962461 0.0011832529367415735 -0.0027240304491254813 -0.023637012241133036 -0.055238032699514612
leaf_weight=25.336389045696706 0.63470794539898523 6.7465175427496415 0.58632464613765412 0.36416377127170541 0.98400630615651608 1.8994502644054581 59.746158607769758 251.85890193609521 13.005067135673018 8.5370606696233136 9.8996849004179222 29.464123366866261 133.03807707037777 2.6374231069348752 49.451179265975952 22.073301781434566 2.3473374694585774 4.2615033891051999 5.5194299672730294 25.956757426261902 0.89908338524401132 1.320126454811543 1.3863675873726595 62.757673064246774 0.39979707775637507 8.2885318039916456 0.74444241635501385
leaf_count=427 17 192 10 6 44 41 1207 10899 421 254 203 460 5096 52 1377 790 36 251 148 1485 12 33 23 3181 28 367 34
internal_value=-0.000265786 0.000320364 -0.00105843 -0.0260675 -0.0016218 -0.000860707 0.00348418 -0.00182697 0.0021832 -0.00197395 -0.0112344 0.00360769 0.0035028 0.0161995 0.00284991 -0.0028301 -0.00677874 -0.0144467 -0.00326505 -0.00222149 -0.000713364 -0.0205347 -0.000203168 -0.000663035 -0.0350166 -0.0185009 -0.0606946
internal_weight=730.144 594.299 341.52 2.67894 1.57033 338.841 61.6456 277.195 252.779 60.9059 22.9048 38.0012 191.873 9.38394 182.489 135.845 47.4081 14.8974 32.5107 31.4762 88.4366 2.21921 86.2173 84.831 1.03451 12.55 1.10861
internal_count=27094 20723 12668 94 54 12574 1248 11326 8055 1338 624 714 6717 244 6473 6371 2332 654 1678 1633 4039 45 3994 3971 45 618 40
is_linear=0
shrinkage=0.03


Tree=110
num_leaves=15
num_cat=0
split_feature=0 17 22 22 7 0 22 1 7 3 2 11 18 11
split_gain=1.45079 2.13328 1.49012 1.63279 1.69417 1.51023 1.86303 1.65564 1.49356 1.47825 0.939577 0.765766 0.75469 0.157489
threshold=-0.68421495272178701 0.86067097101916978 0.11963290435117778 0.070253435957887883 0.39284598562949086 0.25820425279398346 -0.020827287967921677 0.088723431630921348 0.64142857142857157 0.6294329896907217 -0.019593621034384303 -0.84286555543609853 0.20991432068543456 0.077181538595855428
decision_type=2 8 2 2 8 2 2 2 10 2 2 8 10 10
left_child=1 -1 3 5 13 7 -7 -2 10 -6 -4 -3 -13 -5
right_child=2 11 8 4 9 6 -8 -9 -10 -11 -12 12 -14 -15
leaf_value=-0.012777804405518515 -0.0017499081720482605 0.033033723518246523 -0.031418700901414624 0.031576613513398348 -0.0077642116134856798 0.0094876220433315374 0.0010862007713562274 0.0030131909984508088 -0.052639718295462781 0.02063366177636684 0.017291456120561238 0.02330301535356975 -0.0031345007976624401 0.050515167085659819
leaf_weight=2.2832590937614423 377.68566884007305 2.7289401665329933 0.63839123537763964 0.75804896745830486 3.1947220191359529 26.524875001516193 227.494770987425 79.505452874582261 0.95071275811642397 3.41138896625489 0.80683539900928658 2.3643553201109171 1.6499278247356413 0.82556229457259178
leaf_count=34 16785 24 31 27 91 671 7132 1928 35 61 26 28 18 17
internal_value=0.000333027 0.0122857 0.000183551 0.000262215 0.013581 0.000108847 0.00196348 -0.000921606 -0.023436 0.00690042 -0.00422499 0.0207723 0.0124368 0.0414496
internal_weight=730.823 9.02648 721.796 719.4 8.18972 711.211 254.02 457.191 2.39594 6.60611 1.44523 6.74322 4.01428 1.58361
internal_count=26908 104 26804 26712 196 26516 7803 18713 92 152 57 70 46 44
is_linear=0
shrinkage=0.03


Tree=111
num_leaves=22
num_cat=0
split_feature=2 10 24 21 3 7 16 13 17 16 3 7 19 10 13 7 24 11 18 25 1
split_gain=1.29648 1.86545 2.17151 1.58494 2.11286 1.58085 1.1991 1.13896 1.02369 1.57384 1.56482 0.978325 1.87441 1.5289 0.849498 1.11463 1.17363 1.08682 1.18511 0.926911 0.78885
threshold=0.038442881280421469 0.67178624026930367 2.6623245407143572 0.42145962636340512 0.79486640016831489 0.84268041237113411 1.0000000180025095e-35 -0.83302220803205473 -1.6903679091852213 0.79578445423185185 0.035463917525773207 0.82237113402061868 28.500000000000004 0.020101010101010106 0.98050512890088526 0.87691984010098889 3.2179161674460981 -0.68725332801717964 0.29478609625668456 3.8303959820448124 -0.61288218560038465
decision_type=2 2 10 2 2 10 8 8 8 10 2 8 10 2 10 10 8 8 8 8 2
left_child=6 2 11 5 -5 -4 -1 -3 9 -9 -10 12 -2 -13 17 16 -16 18 -8 -17 -19
right_child=1 7 3 4 -6 -7 14 8 10 -11 -12 13 -14 -15 15 19 -18 20 -20 -21 -22
leaf_value=0.030816063685020181 0.005537279078042797 -0.044420945305992651 0.011597011653919411 0.0099423753218090653 -0.013834319778423393 0.032655885685990434 -0.0051611357663512514 -0.0023229290341346535 -0.038858807140237366 0.021944304388743247 -0.0021433909873503632 -0.018823240858419125 -0.0067607236688482899 0.0056494779375473115 -0.0070551991574840491 0.036615128798016018 0.0092123780802992866 0.012942320782705906 0.015638765846941353 0.0079829142003931437 -0.0013889209369031283
leaf_weight=1.0797511115670193 19.789747237693518 0.55762541806325316 11.266054220497606 15.801713964436205 4.2732810666784635 4.4855386577546588 3.8013858874328408 5.8914006603881699 1.0615767026320089 4.0647838125005364 65.891965628135949 2.4035271015018216 25.561572088859975 52.088097162544727 7.5784438564442107 1.6197043079882849 8.4329041661694681 3.4816740672104052 7.0145949209108958 2.7373107858002186 483.08356111124158
leaf_count=6 699 31 172 488 130 42 59 194 21 120 3064 34 1129 1532 309 24 261 41 85 42 18506
internal_value=4.37204e-05 0.00201361 0.00413442 0.0104704 0.00488113 0.0175939 -0.000765518 -0.00170059 -0.00139086 0.00758459 -0.00272553 0.00186087 -0.0013943 0.00457003 -0.00083138 0.00517357 0.00151266 -0.00107729 0.00832843 0.0186268 -0.00128637
internal_weight=731.966 213.137 135.67 35.8266 20.075 15.7516 518.829 77.4674 76.9097 9.95618 66.9535 99.8429 45.3513 54.4916 517.75 20.3684 16.0113 497.381 10.816 4.35702 486.565
internal_count=26989 7656 4226 832 618 214 19333 3430 3399 314 3085 3394 1828 1566 19327 636 570 18691 144 66 18547
is_linear=0
shrinkage=0.03


Tree=112
num_leaves=27
num_cat=0
split_feature=19 8 23 1 23 3 4 1 2 11 23 3 12 1 19 6 4 8 23 22 2 2 20 4 22 4
split_gain=1.95144 2.46028 2.99796 2.22631 2.14449 2.09304 1.56983 1.93305 3.33141 1.41125 1.6913 1.2599 1.94794 1.40782 1.22438 1.21628 1.19509 1.57238 1.57178 1.23393 1.18921 1.06302 1.06043 1.85813 1.26469 0.650887
threshold=15.500000000000002 0.94422680412371141 1.6137657496084874 0.4184772580975149 1.0568232617178419 0.87691984010098889 0.194876919840101 -0.13743391385542073 -0.098839552031455238 1.052275899767688 0.22943636551574173 0.44164948453608249 -0.083157201685321716 0.3675260759006565 33.500000000000007 0.49489742788711871 0.020101010101010106 0.917946560067326 0.99381657802007928 0.040724907349435353 -0.15877799980660087 0.073371551597607651 0.44838612472274286 0.030151515151515155 0.014529871567804565 0.16410687986534822
decision_type=8 2 2 2 2 2 2 2 2 10 2 2 10 2 8 2 2 2 2 2 2 2 10 2 2 2
left_child=5 9 3 4 -3 6 11 8 -8 22 21 12 -1 -13 -4 -5 -7 19 -19 -18 -9 -11 23 -2 -24 -16
right_child=1 2 14 15 -6 16 7 20 -10 10 -12 13 -14 -15 25 -17 17 18 -20 -21 -22 -23 24 -25 -26 -27
leaf_value=-0.0017423754122056394 0.0088636142255378754 0.0056678696778869218 -0.0023692481372786199 -0.033508115530084148 -0.017425840584960377 0.034791685138055285 -0.043100294401789051 0.027317217259840185 0.019992794515495477 -0.023556404216039321 -0.051587559869484774 -0.00091702975203650152 -0.0240465803626469 0.036477291980813564 0.038315928299596472 0.0017502586286458606 0.014978870098096014 -0.018447333822625075 0.013877509112326679 -0.016657424980807981 0.00095222574324480035 0.014836959110489089 -0.001157025509037809 -0.0030074248080064147 0.0038610477640539172 0.017795605547890107
leaf_weight=8.5233834031969291 12.381370562594382 50.507953332271427 1.3554281527176488 2.2929311469197269 3.8982292073778799 1.7353633418679262 0.81530595570802589 1.5739857042208303 9.8869282193481904 1.5028997864574192 1.0759127791970966 8.2191195664927346 6.0082375383935895 1.0183739010244597 3.1930761095136404 1.4295073347166178 18.32852162281052 3.2554330769926301 2.3176575545221567 1.1810879036784161 70.76774315116927 1.1423869170248506 167.12283479655161 285.65377516299486 61.959839463233948 2.4652212746441364
leaf_count=176 232 1140 26 33 94 16 22 38 225 37 23 291 178 9 30 24 416 61 30 26 2761 16 6425 12624 1979 59
internal_value=-5.46437e-05 -0.00078931 0.00471302 0.00247748 0.00401319 0.00322189 0.00134059 0.00328635 0.0151863 -0.00146453 -0.0198745 -0.00545742 -0.0109643 0.00320545 0.0232408 -0.019968 0.0107149 0.0090491 -0.00500454 0.0130636 0.00152587 -0.00697594 -0.00133457 -0.00251426 0.000200209 0.0293756
internal_weight=729.613 595.981 65.1423 58.1286 54.4062 133.631 106.813 83.044 10.7022 530.839 3.7212 23.7691 14.5316 9.23749 7.01373 3.72244 26.8181 25.0827 5.57309 19.5096 72.3417 2.64529 527.118 298.035 229.083 5.6583
internal_count=26991 22742 1406 1291 1234 4249 3700 3046 247 21336 76 654 354 300 115 57 549 533 91 442 2799 53 21260 12856 8404 89
is_linear=0
shrinkage=0.03


Tree=113
num_leaves=27
num_cat=0
split_feature=3 26 4 23 14 12 12 14 13 16 24 1 22 17 22 5 12 14 6 22 26 6 6 9 22 16
split_gain=1.32565 1.94695 1.66608 1.5655 1.47723 1.33121 1.35202 1.33454 1.23648 1.09936 1.00999 0.995588 1.89756 1.38773 1.34472 2.61402 1.80358 1.20295 1.8324 1.44557 0.969784 1.56288 0.756477 1.87095 0.9157 0.483655
threshold=0.8666631601094047 1.0347759152371123 0.11670103092783506 1.1497776303793021 0.062895569620253181 -0.65640092570716846 -0.40745278909398347 0.037268518518518527 2.024616324100843 0.96114417856882761 2.4967830091027001 -0.0941162957223321 -0.081738170133844976 -1.1889095249229771 -0.014695545142929119 0.99500000000000011 -0.55447383871701417 0.026491228070175444 0.092310119924258374 -0.0099190570652528728 1.2706151840530333 0.12308015989901117 0.22111111111111112 0.36041237113402064 0.0016666075534980918 0.9699915960896478
decision_type=2 10 2 2 10 8 8 10 10 10 8 2 2 10 2 2 8 8 2 2 10 2 2 8 2 10
left_child=11 5 20 9 -5 10 7 -7 -8 -4 25 12 13 -1 16 -16 -14 18 -13 -20 -3 -22 23 -19 -24 -2
right_child=1 2 3 4 -6 6 8 -9 -10 -11 -12 17 14 -15 15 -17 -18 22 19 -21 21 -23 24 -25 -26 -27
leaf_value=0.0049120238539048294 0.020286006753649072 0.042620615780666685 0.015449996164731285 -0.05540562865998349 -0.0035557594224716015 0.020274656018642784 0.0009200617862294906 -0.018345088976246749 0.036336524165025065 -0.0064235060628548531 0.038034421590089747 0.029067289336424405 -0.022685818805684443 -0.052727478722537698 0.0018239731896140554 -0.028306842580878122 0.012271881888456137 0.0063793824999917393 -0.027185786597667686 -0.0063837221914711884 0.037801289758065654 0.0036090480632331532 -0.0036224117941382633 -0.0013181642320612564 -0.00040369652963993525 -0.0051075761007030492
leaf_weight=0.61128183174878359 1.283223442733288 1.6992940967902566 9.2937720203772169 0.583689965307712 3.2375367218628526 0.93999718502163876 110.50412809988484 5.6195510849356651 0.89437290281057258 2.6598159577697507 1.4384948089718816 1.059124289080503 1.4356601452454922 0.97641613986343034 77.942131790332496 2.6804888509213916 17.759817034471784 39.657085456419736 4.0367195699363956 11.781078120693561 1.9285042583942411 3.198669851757586 138.55895844614133 100.27842421643436 186.78174578631297 1.4242904577404258
leaf_count=18 13 15 209 17 92 13 3007 145 7 74 11 12 31 32 2363 46 419 1020 137 381 17 66 7132 2673 8973 27
internal_value=-6.09244e-05 0.00250942 0.0105977 0.00523948 -0.0114758 0.00101229 0.000425032 -0.0128108 0.00120441 0.0105829 0.0177204 -0.000698293 0.00200367 -0.0305356 0.00252124 0.000822203 0.00965734 -0.00126657 -0.00913452 -0.0116924 0.0229795 0.0164699 -0.000981173 0.000863285 -0.00177451 0.00692769
internal_weight=728.264 144.705 22.6013 15.7748 3.82123 122.104 117.958 6.55955 111.399 11.9536 4.14601 583.559 101.406 1.5877 99.8181 80.6226 19.1955 482.153 16.8769 15.8178 6.82647 5.12717 465.276 139.936 325.341 2.70751
internal_count=26950 3713 490 392 109 3223 3172 158 3014 283 51 23237 2909 50 2859 2409 450 20328 530 518 98 83 19798 3693 16105 40
is_linear=0
shrinkage=0.03


Tree=114
num_leaves=30
num_cat=0
split_feature=21 24 2 20 7 16 2 2 21 8 6 9 2 10 4 0 22 6 19 22 20 8 9 22 11 22 2 0 4
split_gain=1.42795 2.21025 2.82249 2.1933 1.53434 1.72707 1.44709 1.57024 1.41801 1.77192 1.7284 1.14799 2.17177 2.11041 1.57214 1.48993 2.02384 1.44583 3.00554 2.44717 1.32082 1.15513 1.00153 0.973045 0.950843 0.942928 1.02555 0.888525 0.162663
threshold=0.41849009300294482 2.5310468457284041 0.10358726507560373 0.35829813892599321 0.99500000000000011 0.84651777597524636 -0.12575045311145014 -0.093912426563071055 0.28463902996115958 0.90360824742268053 0.80512308015989908 0.66163265306122454 -0.10077450816681983 0.080404040404040422 0.97469072164948456 0.59860553639773773 0.023579012081088754 0.12308015989901117 67.500000000000014 -0.024166683809663973 0.54919818324603742 0.8256364401430677 0.26902061855670106 0.0028440800713672673 0.58047057560984971 -0.064346875107776216 -0.13210884726963673 0.3135833162981006 0.80206185567010324
decision_type=2 10 2 8 10 8 2 2 2 2 2 8 2 2 2 2 2 2 10 2 10 2 8 2 10 2 2 2 2
left_child=1 3 6 8 5 -5 23 -8 10 -10 -1 17 13 14 -13 24 -17 18 20 -20 -2 -15 -4 -3 -14 27 -27 -19 -24
right_child=11 2 22 4 -6 -7 7 -9 9 -11 -12 12 15 21 -16 16 -18 25 19 -21 -22 -23 28 -25 -26 26 -28 -29 -30
leaf_value=-0.01141195029296418 0.003526287104568275 -0.045141085330970103 0.0072593949302527617 -0.0098411517709719731 -0.030034946673439082 0.00039857334449046094 0.022600269258163153 0.0042806608459977002 0.0049387516614247569 0.023146257063137783 0.029684917174351479 0.021366992175043738 -0.0016250990207216742 -0.0024501598001413043 -0.0072267460679317427 0.0078070340344533317 -0.0085154364961206666 0.0029833836384855809 0.018777747200946614 -0.019121297463353448 0.018114179898186984 0.015537640724584193 0.029489315763132795 -0.0034196884176159784 0.013126663050389419 -0.014430815577265351 -0.0032522397696918355 0.033145027955040277 0.041832317785949535
leaf_weight=6.5917362943291655 35.292955109383911 0.82246500439941828 1.5926888938993204 20.792371803894639 1.8739854004234064 51.647848334629089 4.5339790806174269 59.099137116223574 22.261600331403319 6.1364412773400536 1.0706122191622851 11.37028427235782 213.18055922258645 14.798718943260612 2.0412723561748853 35.77673404943198 8.4517777618020755 4.812928929924964 1.8736170884221781 8.4441183293238264 6.6363734006881705 4.1041290089488021 1.9568929448723795 1.2956653134897349 4.0063551338389507 7.6893092179670921 187.4418236524798 1.0754449833184478 1.8880407158285377
leaf_count=294 760 27 26 615 32 1437 72 1089 837 119 23 140 8215 602 30 804 217 207 32 231 115 129 30 24 70 309 10438 26 15
internal_value=6.5031e-05 0.00237031 0.00649182 -0.000287963 -0.00323384 -0.00254051 0.00477397 0.00558597 0.00578298 0.00887315 -0.00566974 -0.000700155 0.000576027 0.00791307 0.017015 -0.000330929 0.00468792 -0.00218023 0.00226588 -0.0122391 0.00583519 0.0014553 0.0272638 -0.01962 -0.00135298 -0.00333582 -0.00369274 0.00849207 0.0355503
internal_weight=728.56 181.563 71.1889 110.375 74.3142 72.4402 65.7512 63.6331 36.0604 28.398 7.66235 546.996 293.73 32.3144 13.4116 261.415 44.2285 253.267 52.2471 10.3177 41.9293 18.9028 5.43762 2.11813 217.187 201.02 195.131 5.88837 3.84493
internal_count=26965 4640 1283 3357 2084 2052 1212 1161 1273 956 317 22325 10207 901 170 9306 1021 12118 1138 263 875 731 71 51 8285 10980 10747 233 45
is_linear=0
shrinkage=0.03


Tree=115
num_leaves=24
num_cat=0
split_feature=10 22 12 15 23 12 5 15 22 22 17 23 14 3 16 0 17 1 17 0 23 20 15
split_gain=1.14351 2.31208 1.54337 1.58843 1.24204 1.81773 1.7107 1.55119 1.14363 1.40014 1.13473 1.10624 1.05949 1.38974 1.72845 1.60236 1.0464 2.06718 1.23153 0.907197 0.931991 0.842694 0.309893
threshold=0.36223055295220247 0.018562068077919398 -1.0833908536458983 0.03468323977546111 1.982264525906827 0.19314990853366948 0.87691984010098889 0.057144723092998957 -0.036203384679934301 -0.16024358447575024 -3.1543673731034851 1.8867862645920785 0.062895569620253181 0.97469072164948456 1.1040212482082923 0.8867967972262889 -2.7936601688345726 0.3675260759006565 -2.6761615015650109 1.7317378010544895 0.14310106828257305 0.42142775761969997 0.36626098715348215
decision_type=2 2 8 10 2 10 2 8 2 2 8 2 8 2 10 2 8 2 8 2 2 10 10
left_child=2 12 3 -1 8 7 -7 -6 9 -4 22 -10 13 14 -2 -15 17 -14 -18 20 -12 -5 -3
right_child=1 10 4 21 5 6 -8 -9 11 -11 19 -13 16 15 -16 -17 18 -19 -20 -21 -22 -23 -24
leaf_value=0.0052720469803776869 0.0093989048366308874 -0.055654926850185943 -0.024370064539230667 -0.013579272985385877 -0.036605762937756997 -0.011866410747965465 0.03175440582347025 -0.0064986898821320915 0.001450591089778825 0.010125893855075941 -0.0083148706376620744 0.021088761270373839 0.016851036864282545 0.0061194492104784488 -0.037709873938368214 -0.038552701410635881 -0.032236372887080235 -0.038138295546094929 -0.00057409053393942617 -0.028573388360873392 -0.00067372695450872416 -0.051934334551361469 -0.020090587071027892
leaf_weight=1.5215980522334578 24.134635389782495 0.4948226185515523 1.1116911889985228 0.92241201549768481 1.7130859736353219 1.3369223438203328 2.0496845711022615 15.258867241907863 306.69693372538313 22.323794805444777 34.622158762998879 2.6035253694280973 6.0547515428625047 1.6178231779485934 0.72192949615418811 1.3060347549617288 1.1101392870768905 0.68486155197024334 271.1130013614893 1.5257654762826849 24.554741050116718 1.1687980871647594 0.39776422921568155
leaf_count=17 773 14 33 22 29 50 25 544 8399 504 1725 64 209 26 40 17 54 11 13184 37 1082 22 28
internal_value=0.000249631 -0.000922808 0.0014603 -0.0180481 0.00165991 -0.00553327 0.0145343 -0.00953759 0.00210002 0.00848954 -0.00622692 0.00161589 0.00014228 0.00572937 0.00803069 -0.0138348 -0.000414109 0.0112632 -0.000703211 -0.00573316 -0.00514427 -0.0350163 -0.0398064
internal_weight=725.046 368.338 356.707 3.61281 353.095 20.3586 3.38661 16.972 332.736 23.4355 61.5953 309.3 306.743 27.7804 24.8566 2.92386 278.963 6.73961 272.223 60.7027 59.1769 2.09121 0.892587
internal_count=26909 17200 9709 61 9648 648 75 573 9000 537 2886 8463 14314 856 813 43 13458 220 13238 2844 2807 44 42
is_linear=0
shrinkage=0.03


Tree=116
num_leaves=23
num_cat=0
split_feature=5 21 5 14 9 9 1 25 11 12 12 25 22 7 21 26 15 22 12 9 9 25
split_gain=1.20982 1.88624 1.65299 2.27624 2.29889 2.40694 2.16401 1.63345 1.59818 1.54956 1.70055 1.54661 1.6418 1.71924 1.37406 1.31113 1.28073 1.04935 2.51849 1.88665 0.833542 0.722453
threshold=0.87314432989690738 0.26112148090486503 0.99500000000000011 0.040678433535576396 0.40305112985525365 0.85640648011782039 0.67989180850183506 2.0416928659023372 0.67234065366900009 1.5487433799082624 0.60580438454017682 1.7050322722130833 0.0093272355411019962 0.917946560067326 0.27020330233784423 0.79080864612511659 0.14857628004179732 -0.020132422886541396 0.49341422840211291 0.010256679991584264 0.61927835051546409 5.4465486537485974
decision_type=2 2 2 10 8 10 2 10 10 10 8 8 2 10 2 10 8 2 8 8 10 8
left_child=1 11 6 -4 7 -6 17 -5 14 10 -10 -1 13 -13 16 -16 -3 18 -2 -19 -8 -14
right_child=2 8 3 4 5 -7 20 -9 9 -11 -12 12 21 -15 15 -17 -18 19 -20 -21 -22 -23
leaf_value=-0.023324026463255886 0.0016666106237244699 -0.056575177465680422 -0.036165510426193329 0.032103854425123812 -0.026904627656445343 0.0011094223947796806 -0.010071364882927402 -0.0009399214653826425 -0.019606779113370842 -0.023686769219670993 0.019621839625401667 0.0017877451354697681 0.028818135243576629 0.025101877834405435 -0.0020506165229730038 0.0020561655722196467 -0.0092514660846094877 0.029028240519087839 0.019870914744066985 0.0019136781125141708 -0.041767345127765608 0.0042574633320993866
leaf_weight=1.554947149939834 17.97041735239327 0.75117530673742239 2.0591348651796606 2.3490301594138172 4.6993060084059817 6.6897655976936221 2.1192364450544114 3.1543318200856447 1.1383143104612821 1.0594748519361008 7.8748006881214669 25.511904872488234 4.0406635669060043 3.2042389269918194 397.55537196202204 84.908930707257241 1.6348138395696876 2.3472595671191803 11.042524242773654 143.79372057318687 1.1529890969395635 1.4700245233252642
leaf_count=35 330 11 36 23 84 85 34 40 31 23 134 721 55 34 18552 3703 70 25 160 2693 20 24
internal_value=3.22271e-05 -0.000713558 0.00203748 -0.00638643 -0.00275645 -0.0104496 0.00293222 0.0131643 -0.00119446 0.0106332 0.0146674 0.00593812 0.00726752 0.00438921 -0.00144017 -0.00132786 -0.0241503 0.0033838 0.00859529 0.00234918 -0.0212396 0.0222664
internal_weight=728.082 530.705 197.378 18.9516 16.8924 11.3891 178.426 5.50336 494.923 10.0726 9.01311 35.7818 34.2268 28.7161 484.85 482.464 2.38599 175.154 29.0129 146.141 3.27223 5.51069
internal_count=26923 23393 3530 268 232 169 3262 63 22524 188 165 869 834 755 22336 22255 81 3208 490 2718 54 79
is_linear=0
shrinkage=0.03


Tree=117
num_leaves=16
num_cat=0
split_feature=16 19 24 8 22 8 1 18 5 12 14 20 7 7 5
split_gain=1.3927 1.17055 1.7722 1.39145 1.28393 2.31436 2.02321 3.47068 2.01861 1.75986 1.09341 1.08285 1.07677 0.705965 0.194592
threshold=1.3236690173398851 17.500000000000004 10.900048038730739 0.015154639175257735 -0.020132422886541396 0.86298969072164955 -0.21894626948735393 0.7386128364389235 0.8871765200925732 -0.21206815345600113 0.46763720150816929 0.62361841138684793 0.53804123711340213 0.92391752577319608 0.9076898800757417
decision_type=10 8 10 2 2 2 2 8 2 8 10 8 10 8 2
left_child=1 2 3 12 5 8 7 -6 -3 -8 -7 -5 -1 -2 -15
right_child=13 4 -4 11 6 10 9 -9 -10 -11 -12 -13 -14 14 -16
leaf_value=0.0065371025256532999 -0.035709638686080396 -0.0039355436486921691 -0.032973692500655113 0.0011152481856400022 -0.00069411303033688242 0.0057651942829366814 0.0033538823433027628 -0.020678196851066925 0.0079758724087021036 -0.0017488796095640434 0.022191557079367274 0.010748847198912481 0.037250453731911402 0.00073376765983970129 -0.017934578104682405
leaf_weight=2.471873238682746 1.4120615059509867 37.709013802465051 1.2901552915573109 137.28087721671909 19.572565908078104 7.7670663385651988 72.200312295462936 13.027418462093918 19.388253010809422 386.21602728962898 6.8754108962602913 11.370833802036939 1.7579411827027795 1.0678039183840158 0.9492547009140252
leaf_count=34 38 1654 30 4691 358 213 1819 336 318 16780 129 277 13 25 16
internal_value=-0.000367753 -0.000276525 0.00203946 0.00233494 -0.000911009 0.00283786 -0.00145874 -0.00868004 0.00010916 -0.000945198 0.0134782 0.00185215 0.0193018 -0.0194409 -0.0080518
internal_weight=720.357 716.928 154.172 152.882 562.756 71.7397 491.016 32.6 57.0973 458.416 14.6425 148.652 4.22981 3.42912 2.01706
internal_count=26731 26652 5045 5015 21607 2314 19293 694 1972 18599 342 4968 47 79 41
is_linear=0
shrinkage=0.03


Tree=118
num_leaves=28
num_cat=0
split_feature=3 9 26 19 2 21 21 25 11 4 24 11 12 21 10 12 26 16 21 20 17 19 20 25 10 19 20
split_gain=2.17663 1.4802 2.09715 2.40716 2.36079 1.72423 1.65532 2.38943 1.63666 1.29765 1.52097 1.64917 2.34641 1.19129 3.04198 1.71284 1.14387 1.13012 0.996808 1.32774 0.923732 1.44541 1.20854 0.882515 0.837787 0.721926 0.599908
threshold=0.96922996002524731 0.50252525252525271 0.29497543167321755 59.500000000000007 -0.098839552031455238 0.62161455346602579 0.5974517531445166 1.5120160930043662 0.24311727387084051 0.98974332000841592 4.1047631181168569 -0.60048588962840543 -0.58161493361029404 0.3027247467945921 0.015154639175257735 0.82093998977895355 -0.64407295402245157 0.78364619450225559 0.28463902996115958 0.3431045535758343 0.059692853854987508 73.500000000000014 0.36355319645912693 5.0779481036630223 0.14070707070707075 30.500000000000004 0.40651862643695486
decision_type=2 8 10 10 2 2 2 10 8 2 8 10 10 2 2 10 10 10 2 10 10 10 10 10 2 10 10
left_child=9 2 3 4 -2 6 7 -3 23 13 11 -11 -13 14 -1 -16 -5 25 -12 -20 22 -22 -15 -4 -19 -7 -10
right_child=1 5 8 16 -6 17 -8 -9 26 10 18 12 -14 20 15 -17 -18 24 19 -21 21 -23 -24 -25 -26 -27 -28
leaf_value=-0.028816942381927734 0.02621078564573211 -0.031121209549921043 -0.023232170029234667 0.02205599014266986 -0.02310735880916362 -0.013810475617526579 0.031078995697208404 0.010865102508210772 0.039237011690963226 0.031142713053467899 -0.0064204921142797114 -0.033105011651017653 0.0030506001534483826 0.00011087122382610042 0.0054614783615067088 -0.03640146899573346 -0.013245436320248367 -0.0043447378050129118 -0.0068998700564918362 0.030008824997208465 0.0013571592030983573 -0.0051828291219759683 -0.0034689655630174322 0.0094200489992521379 -0.034377490152886964 0.025196997583421834 0.014847172120737863
leaf_weight=2.5479386933147898 0.98568319343030442 1.2758837677538419 1.2777750873938196 2.6436279504559939 7.6784005463123339 0.65707420278340478 3.422869522124528 27.796325416304171 1.607146858237684 1.4059957554563887 1.2437098557129527 1.9626700198277838 9.1315317787229962 126.60229701781645 51.634716405067593 0.89487362653016944 1.2015910102054466 1.9133802568539979 1.0766463996842501 4.7352868560701609 170.92599215731025 36.997746724635363 257.5068796207197 1.7865917254239319 1.4845761209726331 1.2195722749456761 2.0852898275479674
leaf_count=37 15 32 28 50 178 20 38 364 16 18 18 43 194 5888 1357 14 23 34 29 81 6187 1502 10567 36 46 32 27
internal_value=-0.000313269 0.00531163 -0.00145516 -0.00872949 -0.0174966 0.00876333 0.0113458 0.00902246 0.0120123 -0.0007945 0.00681921 0.000533508 -0.00334567 -0.00102459 0.00319556 0.00474832 0.0110247 -0.00714634 0.0179553 0.0231716 -0.00141719 0.00019344 -0.00228905 -0.00419522 -0.0174661 0.0115392 0.0254629
internal_weight=723.702 57.0358 19.2661 12.5093 8.66408 37.7697 32.4951 29.0722 6.7568 666.666 19.5558 12.5002 11.0942 647.11 55.0775 52.5296 3.84522 5.2746 7.05564 5.81193 592.033 207.924 384.109 3.06437 3.39796 1.87665 3.69244
internal_count=26874 939 373 266 193 566 434 396 107 25935 383 255 237 25552 1408 1371 73 132 128 110 24144 7689 16455 64 80 52 43
is_linear=0
shrinkage=0.03


Tree=119
num_leaves=20
num_cat=0
split_feature=8 26 12 12 23 23 13 2 4 10 22 20 9 15 13 11 0 25 21
split_gain=1.81702 1.7288 1.67335 1.60824 1.5422 1.79807 1.41886 1.39008 1.39545 1.63888 1.06819 1.4358 1.78779 1.65505 1.10977 1.20942 0.974736 0.809839 1.01033
threshold=0.85283505154639183 -3.0608898903236672 1.5487433799082624 0.64632238335598913 1.6137657496084874 1.4757999088259985 -0.60003317177700455 0.099331160826545986 0.97469072164948456 0.18778350515463921 0.034068842257620954 0.33165430007031543 0.13701030927835053 0.056498978549540356 -1.1615736589552075 -0.40327019302199568 0.93149338674423043 3.9607449817938325 0.39930636303307671
decision_type=2 8 10 10 2 2 8 2 2 2 2 10 8 8 8 10 2 10 2
left_child=3 -2 4 10 5 -3 -6 8 9 -5 14 13 -13 -12 15 -1 -16 -9 -19
right_child=1 2 -4 7 6 -7 -8 17 -10 -11 11 12 -14 -15 16 -17 -18 18 -20
leaf_value=0.0066476513291884188 -0.037749882821200981 0.0028409210536526159 -0.037015668361860127 0.018342611689126768 -0.021288665947239712 -0.024658931955730833 0.01466752631736617 0.044693809154694467 -0.029708154625607452 0.00055273249137148799 -0.040835029944173568 0.025564210688697873 0.0033467360952283932 -0.0029498822686125099 -0.0012493101756923611 -0.01634192733555024 -0.011355344271288634 0.038889075591926676 0.0033853628912105613
leaf_weight=2.6982732452452174 0.93300713505595922 121.08618277544156 0.92401066888123651 6.0158587461337509 1.0580476028844712 2.1783664640970519 14.859604395925997 1.0233872784301628 1.1140746939927328 20.688165042549372 1.1943918876349897 3.5578548475168637 38.889120313804597 7.9158994066528985 480.77426341501996 8.6993618085980398 8.7457542978227121 1.0394860692322256 2.3571386095136404
leaf_count=38 37 3541 31 98 21 74 376 14 36 776 23 75 1108 310 19781 293 215 10 81
internal_value=-0.000104828 0.00295156 0.0032226 -0.000842063 0.00348974 0.00235494 0.0122775 0.00567118 0.00318801 0.00456042 -0.00122212 0.00288963 0.00520898 -0.00791676 -0.00164533 -0.0108994 -0.00142986 0.0212994 0.0142507
internal_weight=725.752 141.039 140.106 584.713 139.182 123.265 15.9177 32.2381 27.8181 26.704 552.475 51.5573 42.447 9.11029 500.918 11.3976 489.52 4.42001 3.39662
internal_count=26938 4080 4043 22858 4012 3615 397 1015 910 874 21843 1516 1183 333 20327 331 19996 105 91
is_linear=0
shrinkage=0.03


Tree=120
num_leaves=22
num_cat=0
split_feature=11 24 7 5 22 8 19 25 14 9 20 4 25 7 22 9 16 11 7 6 1
split_gain=1.94072 1.92753 2.16913 3.22351 2.17764 1.71708 1.62667 1.52405 1.85485 1.8645 1.61326 1.96184 1.39315 1.76334 1.41488 1.2453 1.2238 1.24762 0.929719 0.586295 0.468996
threshold=-0.68725332801717964 -10.041926787286057 0.73332632021880928 0.8666631601094047 -0.0099190570652528728 0.85283505154639183 -1.0000000180025095e-35 4.2044662762102503 0.037268518518518527 0.80512308015989908 0.28172926383478752 0.95897328003366311 3.8303959820448124 0.071796759941089847 0.0029527222497090942 0.8325257731958764 0.22266184604156503 0.143038001580619 0.38264084140372806 0.94422680412371141 0.15386268769047673
decision_type=8 10 8 2 2 2 8 10 8 10 10 2 10 8 2 10 8 10 10 2 2
left_child=1 20 -3 19 -5 6 16 10 18 -10 15 -12 14 -14 -8 -7 -2 -18 -9 -4 -1
right_child=5 2 3 4 -6 7 12 8 9 -11 11 -13 13 -15 -16 -17 17 -19 -20 -21 -22
leaf_value=0.037615937395857106 -0.038156765064362483 0.02814284732762445 -0.023659289158749243 -0.018599544388559496 0.022946901880483404 0.020353415028247224 -0.0056219751446402021 0.0044244822262544461 0.0014967832791141417 -0.00979094410771684 0.0014412831240831307 0.018939498241131395 0.0092682159500002068 -0.00044166273593962922 -0.00084266963827636502 -0.00023944796595168572 0.004203618243658034 0.023202359167279901 0.03452844476246774 -0.059279142866123319 0.017756449632984266
leaf_weight=2.2087443247437468 0.47670117765664777 2.3501172428950641 0.83034090045839615 1.8453153781592835 2.9515099357813606 10.484240898862479 100.7302810754627 1.7158258594572537 57.302696194499731 17.10046406602487 44.969033965375274 6.6148222237825385 17.786177712492645 313.94693488394842 124.84124077251181 3.533724390435963 9.0493374019861204 4.7403935808688411 1.9989916938357053 0.83320726035162807 2.0762564986944199
leaf_count=23 8 36 16 29 34 289 3786 27 1810 399 1400 95 607 13535 4288 75 299 98 31 25 18
internal_value=4.47213e-05 0.0114894 0.00346268 -0.00551533 0.00696419 -0.000164806 -0.000901859 0.00276644 -6.45979e-05 -0.00109753 0.00613761 0.00368516 -0.00115792 7.89414e-05 -0.0029769 0.0151623 0.00910101 0.0107347 0.0206238 -0.0414999 0.0279932
internal_weight=728.386 13.0955 8.81049 6.46037 4.79683 715.291 571.571 143.72 78.118 74.4032 65.6018 51.5839 557.305 331.733 225.572 14.018 14.2664 13.7897 3.71482 1.66355 4.285
internal_count=26928 181 140 104 63 26747 22621 4126 2267 2209 1859 1495 22216 14142 8074 364 405 397 58 41 41
is_linear=0
shrinkage=0.03


Tree=121
num_leaves=22
num_cat=0
split_feature=13 17 16 16 3 17 11 26 3 17 24 2 20 14 17 14 17 5 14 8 1
split_gain=1.21993 1.36941 1.40737 1.44811 1.35612 1.27172 1.21374 1.0853 1.53093 1.72652 1.122 1.08055 1.25419 2.1209 1.48247 1.15629 1.24748 0.890855 2.1464 1.03801 0.791242
threshold=-1.1615736589552075 1.4250932627984998 0.37847500699473474 0.60829894861004796 0.45180412371134027 0.40309748639644599 0.26654456943565036 0.20143547213404825 0.85640648011782039 2.7994565200236918 -12.61530091577943 -0.11518240731601417 0.43829290964298978 0.31676443346711952 0.029805235668084035 0.98709623709623717 1.3953627001238655 0.9076898800757417 0.74127789046653159 0.020101010101010106 -0.032292268480488356
decision_type=8 10 8 10 2 10 10 8 2 10 8 2 8 8 10 10 10 2 10 2 2
left_child=1 2 5 6 -5 -1 -4 11 17 10 -10 15 13 -13 -14 16 -2 19 -19 -9 -3
right_child=7 20 3 4 -6 -7 -8 8 9 -11 -12 12 14 -15 -16 -17 -18 18 -20 -21 -22
leaf_value=-0.053241597780655583 -0.013190256551792238 0.029097677621857287 0.010306962400253871 -0.0079116426678152493 -0.035312037884924201 -0.0062836056731625529 -0.023888800855017728 -0.013605545062939756 -0.025631354228676399 0.035999568179245454 0.0049347041782248731 0.0020892268908588138 -0.00089666272559642604 -0.0052721360643189028 0.0052134238182624647 0.026103644655048625 0.0097829094384685317 0.0066527625395532393 -0.0050048218306685257 -0.00015972304826979169 -0.0056603404363983634
leaf_weight=1.2230157209560339 14.591395701747393 1.3365999879315498 4.9745689998380831 5.9455900951288623 2.2373968670144677 0.90178275573998679 1.1501449095085261 5.2854054970666757 1.0967038907110689 1.5982969189062703 74.672456967644393 56.30245376098901 97.878423918038607 94.090801518876106 56.292374585755169 0.84531632624566455 2.4904244313947848 50.682341573759913 19.755392187274992 231.41492514777929 1.054464017972349
leaf_count=37 611 17 133 170 74 18 21 109 27 25 1946 2131 3685 4188 1713 14 58 843 345 10766 24
internal_value=9.43558e-05 -0.00744321 -0.0105298 -0.00714645 -0.0154035 -0.0333122 0.00388542 0.000295041 0.00137149 0.00514318 0.00449228 -0.00098841 -0.000567102 -0.00251628 0.00133431 -0.00814602 -0.00984091 0.000421414 0.00338321 -0.000459962 0.0137693
internal_weight=725.82 18.8236 16.4325 14.3077 8.18299 2.1248 6.12471 706.997 384.506 77.3675 75.7692 322.491 304.564 150.393 154.171 17.9271 17.0818 307.138 70.4377 236.7 2.39106
internal_count=26955 494 453 398 244 55 154 26461 14061 1998 1973 12400 11717 6319 5398 683 669 12063 1188 10875 41
is_linear=0
shrinkage=0.03


Tree=122
num_leaves=17
num_cat=0
split_feature=9 20 6 17 9 9 25 21 19 9 9 12 7 26 24 23
split_gain=1.36776 2.06015 1.24748 1.45125 1.25272 1.37062 1.33228 1.04836 1.7412 1.58158 1.4127 1.14424 1.08638 0.86936 0.482517 0.546108
threshold=0.010256679991584264 0.55807236492819035 0.22111111111111112 3.217401925128224 0.092310119924258374 0.99500000000000011 7.8442763506867683 0.45633600392112955 2.5000000000000004 0.68204292026088797 0.44387170675830473 -0.4398367513049492 0.12308015989901117 -0.32387292357678549 2.0728263064037162 0.71200479425771002
decision_type=8 10 2 10 10 10 10 2 8 10 8 10 8 10 10 2
left_child=1 14 3 4 6 -6 -2 8 11 -10 13 -4 -12 -9 15 -1
right_child=2 -3 7 -5 5 -7 -8 10 9 -11 12 -13 -14 -15 -16 -17
leaf_value=-9.052108985120949e-05 -0.003890344254136693 -0.019249773435727879 0.029438595409213637 0.024703753413209711 0.0027467555129139605 -0.01339317108566546 0.017642954651370835 -0.0076892259633246302 0.0020572160950740599 -0.0061715998303180546 0.0066321372409422928 0.005778694387697029 -0.0014122918020386241 -0.001849092538870626 0.028427247215417704 0.024962088460339208
leaf_weight=1.6604735776782029 51.748392246197909 1.4921022318303583 2.9845992252230644 2.3876311397179952 187.53234636317939 4.8580544879660001 2.7219469062983981 54.024518034420907 93.810299418400973 27.092197251971811 16.19320693006739 4.7955104690045118 225.63991038314998 39.869926091749221 3.0844875937327743 1.4820417882874606
leaf_count=27 1288 33 42 35 4338 72 73 3208 3370 636 671 117 10375 2539 35 22
internal_value=-0.000149034 0.0124115 -0.000284892 0.0014272 0.00120207 0.00233921 -0.0028143 -0.00120377 0.00109852 0.000213278 -0.00208623 0.0148551 -0.000873635 -0.00520936 0.0199981 0.0117245
internal_weight=721.378 7.71911 713.659 249.248 246.861 192.39 54.4703 464.41 128.683 120.902 335.728 7.78011 241.833 93.8944 6.227 3.14252
internal_count=26881 117 26764 5806 5771 4410 1361 20958 4165 4006 16793 159 11046 5747 84 49
is_linear=0
shrinkage=0.03


Tree=123
num_leaves=25
num_cat=0
split_feature=7 15 7 22 3 14 21 0 26 15 9 11 20 14 11 22 21 0 9 26 22 14 14 9
split_gain=1.4552 1.29029 2.10756 1.71631 1.66067 1.59421 1.54829 1.17782 1.09401 1.10582 1.63942 2.93219 1.55357 1.13627 1.28751 1.13439 1.04165 1.4281 1.34926 0.964266 0.721748 0.582118 0.559062 0.327108
threshold=0.95438144329896912 0.44885703215807832 0.64142857142857157 0.0029527222497090942 0.81537976015148339 0.11410488245931284 0.2056769950981612 0.8867967972262889 -1.3448432175245608 0.067798774259448427 0.85283505154639183 -0.20286792795947936 0.52427648503520896 0.15339366515837108 -0.091790328544096397 -0.010697987014868121 0.60894988643619019 1.3170028913953349 0.030151515151515155 -1.7799817341919282 -0.0032047385224884149 0.8622844827586208 0.047905909351692491 0.80206185567010324
decision_type=10 8 10 2 2 10 2 2 8 10 10 8 8 10 10 2 2 2 10 10 2 10 8 10
left_child=1 2 3 4 -1 -5 -4 -8 19 10 11 -10 -12 14 -11 -15 17 18 -3 -2 22 -22 -18 -21
right_child=8 16 6 5 -6 -7 7 -9 9 13 12 -13 -14 15 -16 -17 20 -19 -20 23 21 -23 -24 -25
leaf_value=-0.0020824041395260465 -0.00044677375951596409 -0.005727890386557296 0.019826085394027457 -0.0025874688902691968 0.0064477648675712769 0.0059268233211768051 -0.0023249090212681123 -0.013284457263460019 -0.025733004582973482 0.011961471577134203 0.0072219316359808123 0.0085857501132181307 0.033181655634454917 -0.0095775138604619562 -0.016052413778729697 0.0063767006286619011 0.0098773149370683672 -0.031378913156445962 0.0013795799713432948 0.036982755995082606 -0.0063357666006663869 0.0021069494188473 -0.0018752454369739492 0.017927726752143203
leaf_weight=99.544231007341295 1.6725756283849476 29.584087187424302 2.6572625357657662 23.787470697890967 25.88087510317564 117.83567249542102 92.655670207925141 9.7545440914109331 2.7378335259854794 1.9062656080350278 4.6111446078866694 12.338082567788662 3.7720126705244192 5.07358758337796 6.5501087661832553 19.151973961852491 3.9627142259851089 1.3122418387792993 128.24198847031221 1.6459040865302088 75.265824800822884 8.1454743384383601 45.125556937884539 1.598005650565028
leaf_count=2913 29 1473 34 525 559 3152 2461 182 40 30 54 158 33 92 115 340 174 29 6092 19 5009 410 2826 24
internal_value=5.39666e-05 -0.000353728 0.000817239 0.0022334 -0.000322244 0.00449674 -0.00278218 -0.0033688 0.004486 0.00329764 0.00826725 0.00235336 0.0189025 -0.000269545 -0.00973743 0.00303539 -0.00184783 -0.000211835 4.73031e-05 0.0180559 -0.00381273 -0.0055113 -0.000926505 0.0275959
internal_weight=724.811 663.754 372.116 267.048 125.425 141.623 105.067 102.41 61.0575 56.141 23.4591 15.0759 8.38316 32.6819 8.45637 24.2256 291.638 159.138 157.826 4.91649 132.5 83.4113 49.0883 3.24391
internal_count=26773 25839 9826 7149 3472 3677 2677 2643 934 862 285 198 87 577 145 432 16013 7594 7565 72 8419 5419 3000 43
is_linear=0
shrinkage=0.03


Tree=124
num_leaves=29
num_cat=0
split_feature=21 22 20 26 4 25 20 20 2 25 6 7 11 21 11 4 2 0 22 9 15 7 9 20 4 18 22 9
split_gain=1.4874 2.64637 3.62517 2.75003 2.67856 1.71509 2.03684 1.67358 1.58595 1.37936 1.19927 1.27655 1.68876 1.36613 2.54907 1.28716 1.14713 1.55865 1.66947 1.29394 1.1128 0.971622 1.61583 0.940733 0.933443 0.802226 0.717809 0.587741
threshold=0.41849009300294482 0.0029527222497090942 0.66741181654865878 -1.743136191182602 0.030151515151515155 2.1940906785159267 0.58366256248136816 0.36355319645912693 0.15835259802608828 2.9440511628203052 0.22111111111111112 0.086237113402061874 -0.3831934395690943 0.49135080186078334 -0.26089468102296104 0.96922996002524731 -0.009957383627295301 -0.37584074224747821 0.002743512673022933 0.20101010101010106 0.011428944618599793 0.96453608247422695 0.85640648011782039 0.30959131963334791 0.31156565656565666 0.2022727272727273 -0.013327743888595719 0.85283505154639183
decision_type=2 2 8 8 2 8 8 10 2 8 2 8 8 2 8 2 2 2 2 8 8 10 10 10 2 8 2 8
left_child=1 2 3 7 -5 6 23 -1 9 -7 16 12 -12 14 -13 -14 17 18 -2 -19 -15 25 -23 -3 26 -18 -4 -26
right_child=10 5 24 4 -6 8 -8 -9 -10 -11 11 13 15 20 -16 -17 21 19 -20 -21 -22 22 -24 -25 27 -27 -28 -29
leaf_value=0.00016218401947684969 0.035713306051677621 0.010794184240202778 0.014188089519352649 0.017256306297006054 -0.0002179152253729621 0.019802248181492767 0.018557925452364794 -0.042068938625180366 -0.022989035181061539 0.0063816559063709895 0.026481901980749362 -0.023475370566081913 0.0039475809535992534 0.01966616667510062 -0.0038740505598143763 -0.033902560440229754 0.010766825177179487 0.0069174290169108808 -0.0016909689780791914 -0.004225881461810947 -0.0016252282492580377 0.02406507816607965 -0.0022986403178143679 -0.029701954299722121 -0.016588700362246182 0.0015177500832953476 -0.017659240821426721 -0.039434180311670092
leaf_weight=1.3990297191776337 2.0360616557300082 0.62174979131668751 0.87210875004529986 8.8838596204295737 70.921976772602648 7.5724436212331048 1.5112905027344821 2.130899824667722 1.5549370879307378 76.758324011228979 2.9925520336255431 7.22005560901016 15.261685199569914 2.2262126710265866 34.517786061856896 0.85385417658835727 9.2945615127682668 11.009341282304375 2.2726800795644522 63.306401966605335 290.62306959601119 4.9361353199928981 3.6316782813519239 3.0433443672955036 1.6692219292744992 91.797721116337925 2.3621892770752302 2.580051708035171
leaf_count=56 18 18 13 111 2024 157 32 74 36 1873 38 130 743 25 1766 38 206 277 30 1739 14891 56 40 80 52 2181 65 97
internal_value=6.10551e-05 0.00240855 -0.00121498 0.000581141 0.00172729 0.00602242 -0.010748 -0.0253313 0.00703319 0.00758675 -0.000726735 -0.00175636 0.00578537 -0.00218707 -0.0072648 0.00194216 0.00120744 -0.00155801 0.0159841 -0.00257508 -0.00146337 0.00319022 0.0128902 -0.0228322 -0.0212163 0.00236812 -0.0090718 -0.0304599
internal_weight=723.861 181.881 90.8193 83.3358 79.8058 91.0621 5.17638 3.52993 85.8857 84.3308 541.98 353.695 19.1081 334.587 41.7378 16.1155 188.285 78.6245 4.30874 74.3157 292.849 109.66 8.56781 3.66509 7.48357 101.092 3.2343 4.24927
internal_count=26866 4688 2492 2265 2135 2196 130 130 2066 2030 22178 17631 819 16812 1896 781 4547 2064 48 2016 14916 2483 96 98 227 2387 78 149
is_linear=0
shrinkage=0.03


Tree=125
num_leaves=25
num_cat=0
split_feature=15 10 24 25 22 10 10 2 23 24 19 13 10 22 22 19 21 0 22 21 18 11 21 18
split_gain=1.78585 1.87169 1.78805 1.30773 1.85938 1.65752 1.29183 2.05516 2.09438 1.98731 1.61959 1.34764 2.05879 1.39324 1.33995 2.40005 2.0272 1.10719 1.05868 2.63012 1.01791 0.981852 0.90828 0.575826
threshold=0.022857889237199586 0.015154639175257735 0.71579978684694967 5.0613896981913529 0.042313710242609985 0.030770039974752791 0.58881443298969083 0.019863277898593091 -1.5467644711848536 3.0438317572195883 16.500000000000004 1.125624338574674 0.80512308015989908 0.0094756824971473693 0.0053675380536532457 35.500000000000007 0.29749165788874266 1.7317378010544895 0.011741680220069101 0.31826236192991975 0.25265957446808512 0.54720009118004864 1.0000000180025095e-35 0.68356867779204122
decision_type=8 2 8 10 2 2 2 2 2 10 8 10 2 2 2 8 2 2 2 2 8 10 2 10
left_child=1 2 -1 4 5 -3 7 14 10 -10 -9 18 21 -14 15 -2 -16 23 22 -20 -4 -13 -8 -5
right_child=6 3 20 17 -6 -7 11 8 9 -11 -12 12 13 -15 16 -17 -18 -19 19 -21 -22 -23 -24 -25
leaf_value=-0.03496458818069962 0.0018576254708966109 0.024139100779262953 -0.0125933749955569 0.025801931443205851 -0.028482079725555862 -0.00053625368805297201 0.027071063803155042 0.012259008341638804 0.0024207885117669991 0.010953211983399059 -0.013171962991719331 -0.02288707109766052 -0.015777684236033512 0.02022896247774161 0.012390188959114468 -0.0057239124875191026 -9.5752336179472925e-06 -0.0015766475125074321 0.021897061582422835 -0.0068914118215866269 0.01864840624400629 -0.063516183577828664 -0.00083726951428376702 0.0086841656815644392
leaf_weight=1.6531711630523229 60.1668755505234 3.7170903868973273 1.9463987443596127 7.6048213858157379 1.4322957955300797 7.187677975744009 1.0563559494912613 2.8439197456464154 105.86223083175719 31.992001128848642 10.862385379616169 3.5313399522565287 2.0351508827880029 1.8430427270941434 13.016113321296869 100.10043173562735 134.31662379112095 2.2298191189765921 3.0137599529698482 54.614626356400549 1.8127632103860376 0.63096975069493044 162.3910381575115 2.3046250343322754
leaf_count=26 1997 37 22 78 27 107 14 60 3509 706 338 149 85 58 215 3933 4634 31 51 2856 18 12 7872 26
internal_value=-0.000176742 0.00700219 -0.00896268 0.0105324 0.00365387 0.00787479 -0.00048849 0.000429604 0.00328892 0.00440092 -0.00789529 -0.0023284 -0.0143929 0.00133384 -0.000979235 -0.00287768 0.00108588 0.0175231 -0.00188961 -0.00538588 0.0024722 -0.0290461 -0.000656899 0.0218209
internal_weight=718.166 29.8887 5.41233 24.4763 12.3371 10.9048 688.277 459.161 151.561 137.854 13.7063 229.116 8.0405 3.87819 307.6 160.267 147.333 12.1393 221.076 57.6284 3.75916 4.16231 163.447 9.90945
internal_count=26861 372 66 306 171 144 26489 15392 4613 4215 398 11097 304 143 10779 5930 4849 135 10793 2907 40 161 7886 104
is_linear=0
shrinkage=0.03


Tree=126
num_leaves=28
num_cat=0
split_feature=2 7 10 21 2 9 8 12 3 11 2 0 3 15 1 19 20 8 15 7 15 11 3 21 24 25 19
split_gain=1.28801 2.44608 1.65003 2.56993 2.81526 2.18907 2.64758 2.16463 2.13124 1.33367 2.07856 1.94553 1.65991 1.54942 1.37806 1.33757 1.27815 1.17856 2.07239 2.82481 1.17121 1.13811 1.1146 1.07747 0.635685 0.551598 0.674177
threshold=0.034522767940101527 0.030151515151515155 0.070353535353535376 0.5871061044114968 0.023792069433109426 0.94871660004207881 0.55051020408163276 0.7600708906833934 0.086237113402061874 -0.24352293568948011 0.043439453653565711 -0.10234543351033097 0.086237113402061874 0.09039836567926457 -0.011242267639079656 10.500000000000002 0.35671827594188571 0.10654639175257734 0.10404971932638334 0.92391752577319608 0.20585791441628584 1.052275899767688 0.98484536082474239 0.68610857712923667 2.826824865982815 5.4465486537485974 64.500000000000014
decision_type=2 8 2 2 2 10 2 10 2 8 2 2 2 8 2 10 8 2 10 10 8 10 2 2 8 8 10
left_child=2 20 3 4 7 16 -7 -1 -6 10 13 14 -12 -3 -11 -13 -5 18 19 -4 24 22 -19 -20 -2 26 -22
right_child=1 9 17 5 8 6 -8 -9 -10 11 12 15 -14 -15 -16 -17 -18 21 23 -21 25 -23 -24 -25 -26 -27 -28
leaf_value=0.0020349625790472758 0.012929667105098696 -0.069605650625259211 -0.011839074792912782 0.0031099818009376317 -0.0027530480847460124 0.0057207440880107669 -0.044909859710031301 -0.029909184197531226 -0.047260399243827626 0.0020620032069739122 -0.024753936792239032 0.0052596074827258154 0.0061329548436390869 -0.014029826051597962 0.015384113563796344 -0.00080555827520805963 0.021327524199844961 -0.0015933648717592376 -0.0055572991030597473 -0.056324913938294814 -0.036503130889201985 -0.049595596681246641 0.0065069017660618466 0.0098504280789097013 0.033413239149705842 0.023626609458554944 0.0090262687208108264
leaf_weight=72.037272171117365 2.2622362058609715 0.80664957687258509 8.1206317446194571 4.743105120956904 1.9329274967312806 4.2532473579049102 1.1894924417138097 1.961137307807802 1.9403072567656634 13.263247552327813 2.2121156025677919 42.572500036563724 5.3609404815360904 1.0253879716619849 14.770493670832364 141.46708469837904 12.874198153614996 337.84626651834697 21.678208052646372 1.5260841343551863 0.6059126621112223 0.43836241541430254 16.013055270537734 5.0331917433068147 3.4324700469151139 0.48161640390753757 0.56625485885888338
leaf_count=1137 31 13 279 68 28 55 20 35 39 323 44 1516 114 27 398 5733 147 15551 769 37 25 15 235 191 28 24 20
internal_value=-6.56033e-05 0.00179364 -0.000931055 0.00248835 -0.000116654 0.0112852 -0.0053444 0.00118837 -0.0250491 0.00122866 -0.0098259 0.00171891 -0.00288921 -0.0385 0.00908119 0.000597451 0.0164228 -0.00181451 -0.0069583 -0.0188766 0.0188219 -0.00128665 -0.00122681 -0.00265404 0.0252761 -0.00340285 -0.0145086
internal_weight=720.414 228.827 491.587 100.932 77.8716 23.06 5.44274 73.9984 3.87323 221.478 9.40509 212.073 7.57306 1.83204 28.0337 184.04 17.6173 390.656 36.3581 9.64672 7.34849 354.298 353.859 26.7114 5.69471 1.65378 1.17217
internal_count=26902 8296 18606 1529 1239 290 75 1172 67 8168 198 7970 158 40 721 7249 215 17077 1276 316 128 15801 15786 960 59 69 45
is_linear=0
shrinkage=0.03


Tree=127
num_leaves=28
num_cat=0
split_feature=17 17 11 0 1 22 24 22 17 18 7 16 3 14 25 24 15 0 7 14 14 24 18 15 18 18 26
split_gain=1.09354 1.86279 2.04698 1.63807 2.14099 1.44004 3.62628 1.3759 1.37338 1.64489 1.37293 1.63875 1.35083 1.25953 1.25428 1.24792 1.09755 1.21997 1.09074 1.07145 0.974442 0.944232 0.928945 0.892516 0.801696 0.666418 0.485818
threshold=-0.020562000655997923 -0.091974057475300228 0.26164926432808328 0.81233754360691934 0.30024891746999854 0.023579012081088754 1.800632970146985 -0.0013330590131723724 -0.12630883992032346 0.69504830917874405 0.096391752577319606 1.0588732702047119 0.055773195876288664 0.16760299625468167 3.2257581491897458 -10.428190028459172 0.44885703215807832 0.61529809784205503 0.92820324005891031 0.89699381078691431 0.32087118565105993 4.4204056048212621 0.78319623971797891 0.47960021905805045 0.76253132832080206 0.18065268065268067 0.38254395163508731
decision_type=10 10 8 2 2 2 10 2 10 10 8 8 2 10 8 8 10 2 10 10 10 10 8 8 10 8 10
left_child=1 8 12 10 5 22 -7 -6 16 18 11 14 -3 15 -2 -12 21 -18 -10 -14 -15 -1 -5 -13 -11 -4 -27
right_child=3 2 25 4 7 6 -8 -9 9 24 13 23 19 20 -16 -17 17 -19 -20 -21 -22 -23 -24 -25 -26 26 -28
leaf_value=-0.00038905400098093523 0.02241078860211938 -0.043995261828494482 -0.060492425304673074 0.022498581057833159 0.0075647510890986718 0.018398059054526197 -0.039750746861908243 -0.030106513617825584 -0.0055591096470256479 0.044284598922852511 -0.031519904696497493 -0.033166290420462027 -0.0088441788361985126 -0.0060491119426308764 0.0058764303593932541 0.0050997814648909541 -0.0019262769070165612 -0.011850156025439056 0.032668042365320921 0.012999104524048238 0.00010712253689503438 0.0038819443830166683 0.0061060570506398038 0.0087236870974426641 0.013089263921829918 -0.042097750696313066 -0.0098662668510177964
leaf_weight=240.65283668600023 5.9525739736855092 0.79396758880466123 0.73050552699714844 10.627539928071204 1.6661311378702524 2.7352307131513944 1.4915485223755238 1.8321059420704831 3.8361158319748929 1.5848840065300467 0.85156693821772933 1.2460025353357183 8.2027685609646124 27.189703311771154 13.47973909601569 50.80823189811781 115.82684221211821 12.336281755007802 0.81438203528523434 2.681811472401022 155.37411070521921 57.770144599955529 4.3991910251788804 0.72359865251928579 1.3931925399228928 0.85229491908103205 0.83147250022739172
leaf_count=8041 108 18 20 145 26 51 33 38 156 18 13 37 405 1044 426 1505 7075 428 10 54 5858 1208 108 33 34 29 14
internal_value=0.000234805 -0.000682248 -0.0114164 0.00171166 0.00942541 0.0133482 -0.00212153 -0.0121645 -0.000333861 0.0122829 0.0010251 0.00829841 -0.00621793 0.000360511 0.0109413 0.00449614 -0.000559484 -0.0028815 0.00113512 -0.00346229 -0.000809741 0.000437746 0.0176995 -0.0177766 0.0296909 -0.0365631 -0.0261813
internal_weight=726.685 448.308 14.0928 278.377 22.7517 19.2535 4.22678 3.49824 434.215 7.62857 255.626 21.4019 11.6785 234.224 19.4323 51.6598 426.586 128.163 4.6505 10.8846 182.564 298.423 15.0267 1.9696 2.97808 2.41427 1.68377
internal_count=26935 17510 540 9425 401 337 84 64 16970 218 9024 604 477 8420 534 1518 16752 7503 166 459 6902 9249 253 70 52 63 43
is_linear=0
shrinkage=0.03


Tree=128
num_leaves=19
num_cat=0
split_feature=22 7 22 7 18 8 17 21 10 13 7 22 8 10 11 10 25 0
split_gain=1.16041 2.22925 1.43786 2.01152 1.42175 1.33894 1.25951 1.19084 1.94452 1.63126 1.31689 1.17638 3.16079 1.28275 1.09502 0.590736 1.27777 0.168543
threshold=0.11963290435117778 0.88329896907216499 0.070253435957887883 0.041026719966337055 0.091966173361522213 0.12308015989901117 0.22565230861551122 0.26112148090486503 0.72082474226804127 1.6407361983286892 0.010050505050505053 -0.025285085793832766 0.86298969072164955 0.010050505050505053 -0.025378573897077313 0.10256679991584264 1.7050322722130833 -0.30289450712747562
decision_type=2 10 2 10 10 2 10 2 2 8 8 2 2 2 10 2 10 2
left_child=2 5 7 4 -4 -2 -6 8 10 -10 -1 12 -9 -13 17 -5 -17 -7
right_child=1 -3 3 15 6 14 -8 11 9 -11 -12 13 -14 -15 -16 16 -18 -19
leaf_value=-0.01812908282514409 0.029264308002056899 -0.063957312533310523 0.019067099711374786 0.031526403759523348 -0.044717010238365502 -0.050858015334542934 0.0032777863148003975 -2.5448117429831515e-05 -0.0029792175106659216 -0.040034354279232021 0.0080240501444494919 0.011805041321011622 0.016392184810969452 -0.0011977546020346583 0.016501946793388889 -0.025515653880969241 0.02156981353063964 -0.026254692539035094
leaf_weight=1.8161301380023349 0.73366402834653843 0.74220525193959463 1.1020474731922134 2.8006189838051796 1.1077136965468524 0.4865382602438334 0.88547173049300898 55.199019625317305 4.726203823927789 1.3818392483517525 37.760325681883842 6.9089223705232135 13.048938100691883 584.98405257146806 0.49067897256463711 0.63355743512511287 2.86137689743191 0.51673738984391082
leaf_count=31 10 20 27 31 35 22 16 1921 147 39 781 88 314 23196 16 22 88 37
internal_value=-0.000214333 -0.0189282 -0.000136627 0.011525 -0.00827673 -0.00392519 -0.0233953 -0.000291781 0.0043924 -0.0113623 0.0068239 -0.000615946 0.00311359 -0.00104598 -0.0202242 0.0212606 0.0130342 -0.0381861
internal_weight=718.186 2.96982 715.216 9.39079 3.09523 2.22762 1.99319 705.825 45.6845 6.10804 39.5765 660.141 68.248 591.893 1.49395 6.29555 3.49493 1.00328
internal_count=26841 105 26736 219 78 85 51 26517 998 186 812 25519 2235 23284 75 141 110 59
is_linear=0
shrinkage=0.03


Tree=129
num_leaves=23
num_cat=0
split_feature=8 23 12 23 1 8 19 9 22 2 7 14 24 26 24 3 5 7 13 17 22 9
split_gain=2.07614 1.77633 1.7254 1.68267 1.87584 2.20452 2.00699 1.68256 1.68072 1.61454 1.52563 1.51657 1.42563 1.59443 1.41294 1.32543 2.08433 1.59236 0.908935 0.900838 1.58604 0.17768
threshold=0.95438144329896912 2.0899965967370111 -0.45457836339139962 1.6137657496084874 0.2530997867983486 0.9794866400168315 61.500000000000007 0.98974332000841592 -0.040872528898150358 -0.14035649375702455 0.020101010101010106 0.2208547266686802 5.0710283895098316 1.4591654941483065 -3.4304871045015104 0.87691984010098889 0.9384599200504945 0.16747422680412374 1.0872251917961393 2.1081949310082218 -0.16024358447575024 0.8461498001262362
decision_type=2 2 8 2 2 2 8 10 2 2 8 8 10 10 10 2 2 8 8 10 2 8
left_child=1 8 14 4 7 -6 -7 10 19 -4 -2 -11 13 18 -3 17 -17 -10 -5 20 -1 -16
right_child=3 2 9 12 5 6 -8 -9 15 11 -12 -13 -14 -15 21 16 -18 -19 -20 -21 -22 -23
leaf_value=-0.02405975254877769 -0.032677957941620595 0.0015418052496905912 0.028166241355798836 0.0023547674301244706 -0.039072447746883017 0.0085924070306587514 -0.029928993741096734 -0.021121133641905994 0.0030083480337035431 -0.018975105474008061 0.0072230666280521747 -0.0032037422942045395 0.03962969905302386 -0.020507597297353457 -0.039363910719901821 0.0039777968753244375 -0.010123623232602425 -0.0020004221386595526 0.029540682411086823 0.030547039970638245 0.0069583461851129586 -0.059785759779406207
leaf_weight=1.5649678716436088 0.87877098564058442 0.73628830257803235 1.2260288549587155 1.8720285743474954 1.8466296466067413 4.5412027239799508 1.6630388302728523 2.07483853586018 65.882253014948219 7.1969919591210809 46.379634120035917 23.100912552326918 2.026307875290513 1.1931362114846704 0.81343059614300695 88.254452778492123 10.562820862047372 429.73417507857084 2.7079163142479952 1.3331428384408344 28.547494073398411 0.72534791193902504
leaf_count=59 22 14 27 42 38 49 29 31 2562 258 1045 956 16 25 28 2563 202 18087 42 30 892 17
internal_value=-0.000201571 -0.000706261 -0.00740526 0.00490605 0.00312906 -0.0102977 -0.0017332 0.00532022 -0.000344499 -0.00558434 0.00648111 -0.00695009 0.0179803 0.0103816 -0.0326364 -0.000702061 0.00247046 -0.00133461 0.0184286 0.0064147 0.00534631 -0.0489903
internal_weight=724.862 659.678 33.799 65.1835 57.3841 8.05087 6.20424 49.3332 625.879 31.5239 47.2584 30.2979 7.79939 5.77308 2.27507 594.434 98.8173 495.616 4.57994 31.4456 30.1125 1.53878
internal_count=27034 25695 1300 1339 1214 116 78 1098 24395 1241 1067 1214 125 109 59 23414 2765 20649 84 981 951 45
is_linear=0
shrinkage=0.03


Tree=130
num_leaves=26
num_cat=0
split_feature=0 7 25 24 24 25 25 2 21 23 7 26 2 26 17 5 10 26 17 25 1 0 17 10 20
split_gain=1.42617 1.27496 1.42047 1.22705 1.97008 2.61767 1.36747 1.39995 1.25973 1.05867 1.7016 1.0422 1.83229 1.02871 1.53316 1.78909 1.78156 1.18286 1.31302 1.11015 0.957907 0.953607 0.553517 0.498493 0.368906
threshold=-0.39244952124882371 0.96453608247422695 1.5120160930043662 1.0000000180025095e-35 -1.0569578200489089 5.7791173412650112 5.6906290265816137 0.10134084972554099 0.46154504178795003 2.7632056913362493 0.71281296023564078 1.7227490227094351 -0.009957383627295301 0.12005872840052841 1.0251533038716807 0.91376288659793825 0.041026719966337055 0.6183516728687547 1.2654687698974094 3.7856057401203018 -0.054185445989330547 -0.357528429615596 0.64094656727305532 0.23855670103092785 0.38870814952578242
decision_type=2 10 8 8 10 10 10 2 2 2 10 10 2 8 10 2 2 8 8 10 2 2 10 2 8
left_child=11 2 22 4 5 -3 7 -5 -6 21 -11 13 -13 14 16 -16 -1 19 -19 -15 -8 -4 23 -2 -24
right_child=1 3 9 6 8 -7 20 -9 -10 10 -12 12 -14 17 15 -17 -18 18 -20 -21 -22 -23 24 -25 -26
leaf_value=-0.012472262315400702 -0.038570769938479924 0.019807537037784186 -0.01046797896140754 0.0020637982603477936 -0.0037750149113712772 -0.01920207692781474 0.039179953648031944 0.023609945176525714 -0.05771398871749403 -0.0043525887230059851 -0.035251219338922994 0.0070113313798293433 -0.047129822775065729 0.00031369989634044313 0.025446954235854729 -0.0050371718608539168 0.0057533049336122794 0.012335100411873016 -0.00051554992960867955 0.02822651362025478 0.012972439270246832 -2.2870452065974464e-05 0.023573835675567055 -0.014619159149460924 -0.014484424983712836
leaf_weight=9.8413455151021534 1.2166502000764006 3.3744574142619967 7.9727052208036175 24.070179582107816 0.66560799628496148 2.8605266464874148 1.6971304146572945 3.0589439235627642 0.94004428014159203 11.03259443072602 1.8769588437862683 1.3756368374451997 0.9518370907753696 1.7818453107029206 4.1586654037237158 2.9702894277870655 9.4737707022577506 14.742507882416247 13.905538627877833 4.5749568017199636 4.8203517813235512 591.00124042760581 0.42440306209027756 2.1892962530255318 0.49843245279043913
leaf_count=165 45 58 183 357 13 61 14 40 30 426 78 26 21 28 59 40 169 207 194 58 65 24350 20 137 28
internal_value=0.000291827 -0.000123521 -0.000466248 0.00496702 -0.0057208 0.00191045 0.00745759 0.00449323 -0.0353541 -0.000345098 -0.00884503 0.00457514 -0.0151301 0.0053215 0.000855585 0.0127457 -0.0035329 0.00869523 0.00609749 0.0204024 0.0197968 -0.000161901 -0.017591 -0.023175 0.0030182
internal_weight=721.476 657.7 616.212 41.4872 7.84064 6.23498 33.6466 27.1291 1.60565 611.883 12.9096 63.7764 2.32747 61.4489 26.4441 7.12895 19.3151 35.0048 28.648 6.3568 6.51748 598.974 4.32878 3.40595 0.922836
internal_count=26872 25905 25267 638 162 119 476 397 43 25037 504 967 47 920 433 99 334 487 401 86 79 24533 230 182 48
is_linear=0
shrinkage=0.03


Tree=131
num_leaves=29
num_cat=0
split_feature=6 25 13 10 22 26 8 16 11 16 20 23 13 6 10 5 6 21 16 5 22 6 12 0 8 26 4 4
split_gain=1.00491 1.2021 1.42947 1.07654 1.25625 1.07107 2.70633 2.14828 1.02474 1.79369 1.00846 1.00775 2.26019 1.31154 0.924829 2.04265 2.12091 2.22368 1.98937 2.44978 1.3982 0.81634 0.911106 1.04815 0.715806 0.74413 0.506173 0.41455
threshold=0.22111111111111112 7.8442763506867683 0.30538380166640261 0.68204292026088797 0.010009930971013993 1.529014110781693 0.84268041237113411 0.34545213515935996 -0.36456431072711298 1.1100364433886207 0.48545544182407924 -0.89067844146944142 -0.38221158356209289 0.19793814432989695 0.086237113402061874 0.99500000000000011 0.59091836734693881 0.44329317735205592 1.0545772771503767 0.96453608247422695 0.01759964683454943 0.99500000000000011 0.7909076677899366 0.067565920049891717 0.010256679991584264 -1.6781596390620148 0.83589312013465189 0.31156565656565666
decision_type=2 8 10 2 2 10 2 8 8 10 8 2 10 2 2 2 2 2 10 2 2 2 8 2 2 10 2 2
left_child=1 5 8 4 -4 11 7 -7 -3 -10 -8 12 -1 -13 15 18 -17 -18 20 -20 -2 24 26 -24 -16 -26 -23 -5
right_child=14 2 3 27 -6 6 10 -9 9 -11 -12 13 -14 -15 21 16 17 -19 19 -21 -22 22 23 -25 25 -27 -28 -29
leaf_value=-0.004008924804679165 0.0014242888161812221 0.032528612747284136 -0.017892110698142463 -0.012501122619978359 0.028568423135863746 -0.033011558995196741 0.012596416346777604 0.003407728672199658 0.0095782935308517669 -0.014578757380172648 0.035681006777847572 -0.0024152683710570765 0.0087282770665935393 0.0086505023276906914 0.016098208804791455 0.016693376556973703 -0.02946904240021821 0.0073294921678789798 -0.001657067941766817 -0.034413642574843216 0.0094971827844141724 -0.036731417068777937 0.029368967393611712 -0.018421715217119317 -0.0038186932196089701 -0.00087131047385689657 -0.0059626583750397111 -0.045026760999045116
leaf_weight=21.907250174321234 56.799738232977688 1.5014740666374562 1.2292846888303754 0.60224620625376679 0.91265415772795666 1.6394399814307696 4.2097360473126164 13.150199828669429 27.431026830337945 3.0765846464782944 2.8604357000440359 133.75186710245907 29.318093099165708 10.388333901762961 2.018267208710312 1.8352045305073241 5.3654220094904304 2.0398047072812915 9.2838178118690831 2.6388868298381558 29.253142220899463 1.6236404199153178 0.70353420637547959 1.0002605644986031 113.6198180867359 239.80968099553138 0.68387409299612034 0.85101695731282234
leaf_count=475 937 18 31 11 18 27 59 319 686 90 25 2983 709 363 31 25 80 27 189 45 389 86 19 32 5837 13264 29 29
internal_value=-0.000314365 0.00120885 0.00631839 -0.0116179 0.00190416 0.000371376 0.00666898 -0.00062937 0.00833296 0.00714214 0.0219359 -0.000333275 0.00328103 -0.00161775 -0.0011396 0.00130574 -0.0121777 -0.0193327 0.00257742 -0.00890718 0.00416862 -0.00186897 -0.0153269 0.00131211 -0.00171709 -0.00181883 -0.0276125 -0.0315478
internal_weight=719.505 252.83 35.6043 3.5952 2.14194 217.225 21.8598 14.7896 32.0091 30.5076 7.07017 195.366 51.2253 144.14 466.675 107.216 9.24043 7.40523 97.9756 11.9227 86.0529 359.459 4.01131 1.70379 355.448 353.429 2.30751 1.45326
internal_count=26833 5843 883 89 49 4960 430 346 794 776 84 4530 1184 3346 20990 1692 132 107 1560 234 1326 19298 166 51 19132 19101 115 40
is_linear=0
shrinkage=0.03


Tree=132
num_leaves=27
num_cat=0
split_feature=13 23 19 21 23 9 9 20 16 0 16 9 20 4 26 5 5 10 13 24 10 23 1 26 9 1
split_gain=1.58341 3.006 1.47133 1.87337 1.42713 1.7126 1.5798 1.40116 2.11072 1.97859 1.17472 2.74731 2.14817 2.09518 1.14759 1.29699 1.27238 1.034 1.01789 0.973665 0.795325 1.10758 0.82146 0.672461 0.461055 0.376891
threshold=0.8201746482953981 -0.10038008078623194 36.500000000000007 0.3783540900531131 0.085967153461500259 0.90360824742268053 0.78460972017673059 0.5354837258513373 0.50220021662594394 0.36191546838019978 0.39262450538719784 0.030770039974752791 0.42281639082547923 0.11670103092783506 -1.7084327998271263 0.8666631601094047 0.80512308015989908 0.010256679991584264 1.2329579588805386 -10.041926787286057 0.98250000000000004 -1.4333742970633119 0.041533265762699619 -0.094239881425711838 0.95897328003366311 0.07471370870852416
decision_type=10 2 8 2 2 10 10 8 8 2 8 10 10 2 8 2 2 2 10 10 2 2 2 10 8 2
left_child=2 14 3 7 18 6 -6 8 -1 -9 11 12 -4 -13 -2 16 -16 -5 25 -19 22 -22 -12 -7 -17 -3
right_child=1 4 10 17 5 23 -8 9 -10 -11 20 13 -14 -15 15 24 -18 19 -20 -21 21 -23 -24 -25 -26 -27
leaf_value=0.023652184834206214 -0.020139489747602164 -0.02191325700770199 0.016227135259272218 0.01981552097809466 -0.00066101175619334999 0.006463460913872625 -0.028785887645967293 0.0058279397585097783 0.0059632441425467968 -0.021566389834473839 -0.0016500664398466011 -0.03041131364953735 -0.010108038070286872 -0.0078487871068403242 0.012240674705041196 0.019967655583077462 -0.021692294085274084 0.0036896351718628696 -0.044813945717570629 -0.0010308107543472857 0.019187800952570368 -0.017964966599074206 0.0014186701457912974 0.030237680974767315 0.036859808492135056 0.011707339147349177
leaf_weight=7.5012723458930841 0.89159412309527397 0.61044790921733072 7.1208992544561607 2.412239644676446 10.647709885612132 2.6024758988060057 2.1625498766079536 7.5630169622600061 31.843634518329054 3.4577531181275845 249.21102813677862 4.3948503145948079 4.5809865426272154 23.568736644927412 14.268786455504602 4.0580088691785923 1.0690365927293886 51.243889235891402 1.1572921732440589 169.10233919741586 0.85528710950165976 4.6398412650451055 114.61288836644962 1.8193202754482616 2.2663637138903141 0.59024118445813656
leaf_count=103 39 31 154 28 362 55 81 154 825 62 11087 110 118 780 485 64 50 1711 33 6667 38 262 3654 29 19 9
internal_value=0.000105928 0.00574923 -0.000242741 0.00146225 -0.00284766 0.000147623 -0.00540888 0.00668746 0.00933572 -0.002767 -0.00138135 -0.00628739 0.00591759 -0.0113948 0.0132164 0.0145893 0.00987557 0.000280836 -0.0247371 6.69798e-05 -0.000854438 -0.0121823 -0.000683344 0.0162452 0.026021 -0.00538586
internal_weight=724.252 42.1438 682.109 273.124 19.59 17.2321 12.8103 50.3657 39.3449 11.0208 408.985 39.6655 11.7019 27.9636 22.5538 21.6622 15.3378 222.758 2.35798 220.346 369.319 5.49513 363.824 4.4218 6.32437 1.20069
internal_count=27010 1257 25753 9550 600 527 443 1144 928 216 16203 1162 272 890 657 618 535 8406 73 8378 15041 300 14741 84 83 40
is_linear=0
shrinkage=0.03


Tree=133
num_leaves=25
num_cat=0
split_feature=10 13 9 7 1 19 24 1 20 23 21 9 14 23 7 14 21 1 5 18 7 22 10 6
split_gain=1.38284 1.65636 2.59887 1.73043 2.06903 1.53303 1.48212 1.40008 2.52057 2.31408 1.87509 1.08668 1.77198 1.69418 0.974204 1.23189 0.77652 1.00486 0.991189 0.938456 1.32198 0.880036 0.539373 0.503334
threshold=0.58881443298969083 0.75724994858948758 0.8666631601094047 0.91376288659793825 -0.35548338293007292 8.5000000000000018 5.5315911869147483 0.020923450575310826 0.5374868133735905 -2.269193470492747 0.18589821771494938 0.72306964022722509 0.037268518518518527 -1.3772279353885506 0.015154639175257735 0.19707639778062316 0.63104482262570694 -0.47706170338185999 0.8871765200925732 0.079473684210526321 0.21106060606060609 0.070253435957887883 0.72082474226804127 0.16080808080808084
decision_type=2 10 8 8 2 8 10 2 8 2 2 10 8 2 8 10 2 2 2 8 10 2 2 2
left_child=1 7 5 4 -4 -3 -7 11 9 -9 -10 12 -1 -13 15 -2 17 -16 -19 20 -18 -21 -17 -5
right_child=14 2 3 23 -6 6 -8 8 10 -11 -12 13 -14 -15 16 22 19 18 -20 21 -22 -23 -24 -25
leaf_value=0.012295034627443809 -0.052143287266073347 0.028573405835987876 -0.070555389475938174 0.041353614850263454 0.0099722996215206409 -0.0012755547087699858 -0.042731245392768534 -0.035320074221194722 -0.022390917258875008 0.00073542158512652264 0.0097395405128267703 -0.014631436506921882 -0.00029810782918579819 -0.0020876081059024859 -0.032917693554432456 0.020009045285365221 0.02662907430018201 0.0006605255241549842 -0.0067742114554456652 -0.0052351837734063607 -0.0042887785839268791 0.015474613783631951 -0.021069440929257298 0.023137820548685163
leaf_weight=10.6239425111562 0.78680554591119189 1.452476042322816 0.30404881015419949 1.8750590141862638 5.1684865532442901 12.125943579245355 0.82924884930253107 1.6245953086763609 1.6977952048182476 115.48749615764245 43.964959002565593 10.912940513342617 188.16855576913804 86.49945673532784 0.85518874600529571 0.49917315132915951 2.1127284131944171 124.74705466022715 18.536793552339077 83.978110481519252 3.0292502720840275 1.8882005484774698 0.67896675504744053 5.020920870359987
leaf_count=292 20 39 4 18 137 404 19 54 29 3333 992 341 7480 2500 12 16 88 5334 403 5076 184 73 29 78
internal_value=-0.000162417 0.000754321 0.00800723 0.0180946 0.00549826 -0.000652427 -0.00392909 0.000331197 0.00256633 0.000235255 0.00854489 -0.000897088 0.0003749 -0.00349287 -0.00204048 -0.0230765 -0.00186469 -0.00049483 -0.000301315 -0.00403429 0.0084147 -0.00477978 -0.00366465 0.0280908
internal_weight=722.868 485.756 26.7762 12.3685 5.47254 14.4077 12.9552 458.98 162.775 117.112 45.6628 296.205 198.792 97.4124 237.112 1.96495 235.147 144.139 143.284 91.0083 5.14198 85.8663 1.17814 6.89598
internal_count=26955 15720 699 237 141 462 423 15021 4408 3387 1021 10613 7772 2841 11235 65 11170 5749 5737 5421 272 5149 45 96
is_linear=0
shrinkage=0.03


Tree=134
num_leaves=23
num_cat=0
split_feature=19 17 15 22 24 7 9 17 4 13 12 23 21 0 2 8 15 19 22 22 20 8
split_gain=1.21381 1.6706 1.60266 1.73849 1.14148 1.70601 1.6886 1.11866 1.20162 1.06331 1.45934 1.0654 1.12983 0.882928 0.862178 1.39809 2.50004 0.87457 0.849388 1.68342 1.29166 0.685299
threshold=17.500000000000004 -0.37038801367188184 0.023122159850307408 0.0062378523897493468 4.4204056048212621 0.045618556701030939 1.0000000180025095e-35 -0.35867342495713561 0.020101010101010106 -0.51639625185385085 -0.8811546383768577 2.7632056913362493 0.45633600392112955 1.0318088668102758 -0.16857903530307644 0.54819587628865996 0.42107064622124873 38.500000000000007 0.061963564802523234 0.050334554147709716 0.47642228882967036 0.20101010101010106
decision_type=8 10 8 2 10 8 10 10 2 8 8 2 2 2 2 2 10 8 2 2 10 2
left_child=1 2 3 -1 5 -4 -6 -3 -9 10 -2 12 -12 -10 15 16 -11 -17 19 -16 -20 -5
right_child=9 7 4 21 6 -7 -8 8 13 14 11 -13 -14 -15 18 17 -18 -19 20 -21 -22 -23
leaf_value=0.029002332807132034 -0.026492295031201107 0.03462105511468009 -0.035363616392544879 -0.017727423716355328 -0.02371968441469027 -0.0032105617074011943 0.0097969487063231508 0.026343368119673301 0.0036622804889925253 -0.051393729586172415 0.011135503261457014 -0.032362143436954739 0.0013760100650484499 0.022348905152028968 -0.00096133747926583084 0.024374389011270235 0.014660207395906948 -0.014963363852536441 -0.0026131740031949597 -0.01713305951955825 0.017451399424083316 0.010273780055877948
leaf_weight=3.216657292097806 1.4053152501583097 1.1513605229556549 1.526392938569187 1.4255480580031874 1.5355423251166929 55.01101809181273 11.370712975971399 2.2732888171449295 76.332710743416101 1.5952971568331116 17.290734413545579 0.69335511233657499 27.905795847531408 2.3455815920606247 493.14820841141045 0.97667492646723986 0.76202721055597056 1.0614470047876241 5.9815350444987399 5.8621253473684183 5.5824723904952407 1.7551080062985418
leaf_count=32 27 19 57 19 42 2192 287 28 2344 44 322 25 950 39 19856 19 28 45 175 218 128 21
internal_value=-3.08209e-05 0.00229291 -0.000917294 0.0134511 -0.00224094 -0.00407863 0.00580925 0.00525828 0.00484066 -0.000683573 0.00362132 0.00454351 0.00510968 0.00421937 -0.00107894 -0.0143088 -0.0300412 0.00388742 -0.000965044 -0.00115131 0.00707291 -0.00227617
internal_weight=720.209 157.944 75.841 6.39731 69.4437 56.5374 12.9063 82.1029 80.9516 562.265 47.2952 45.8899 45.1965 78.6783 514.97 4.39545 2.35732 2.03812 510.574 499.01 11.564 3.18066
internal_count=26917 5080 2650 72 2578 2249 329 2430 2411 21837 1324 1297 1272 2383 20513 136 72 64 20377 20074 303 40
is_linear=0
shrinkage=0.03


Tree=135
num_leaves=25
num_cat=0
split_feature=19 21 15 9 10 13 21 9 16 22 13 10 5 16 6 24 18 1 9 9 21 1 7 22
split_gain=1.2701 1.64854 1.02 1.50197 2.04582 1.50534 1.52315 1.45006 1.32218 1.17606 1.02902 1.00294 0.872341 0.945201 0.857848 0.838351 0.918927 0.838258 0.895119 0.817048 0.718037 0.882239 0.471748 0.427996
threshold=-2.4999999999999996 0.64933264865107887 0.38951994590939831 0.12685567010309282 0.95897328003366311 0.037156830251825264 0.10664642108752094 0.1128234799074269 0.41433669502303166 0.070253435957887883 -0.62179584173703151 0.13333683989059544 0.88329896907216499 1.2600713872699061 0.37056701030927841 -1.0569578200489089 0.25265957446808512 0.091011200733117012 0.87691984010098889 0.64142857142857157 0.7330094957365495 0.13530932045100538 0.85640648011782039 0.010163140253101732
decision_type=8 2 8 10 2 10 2 10 8 2 10 2 2 10 2 8 8 2 8 8 2 2 8 2
left_child=1 15 3 4 7 8 -7 -2 -5 12 -6 -3 14 -14 -4 23 -17 18 -13 -18 22 -22 -11 -1
right_child=2 11 9 5 10 6 -8 -9 -10 20 -12 17 13 -15 -16 16 19 -19 -20 -21 21 -23 -24 -25
leaf_value=0.017858965562497588 0.0039697212094322734 -0.047580793900204026 -0.00029354634953275956 -0.0079488744634045941 0.0039293150884709364 0.027329850833532371 0.0028317359534889034 0.022507104422484606 -0.00055781757050961649 0.039836030398537885 -0.035935713354356184 -0.022122402010543052 0.0023194936314097298 0.033051954757695276 -0.0034962163138922372 -0.020265932679386891 0.022937011011565672 0.020688483126183911 0.024717119747968495 0.0037934291192369329 -0.0074679566693778895 0.036126258587695761 0.012016026984300583 0.043762530241841423
leaf_weight=1.1510974224656823 102.7409223173745 0.50803153589367811 147.08199709141627 24.949030774179846 0.8849489297717813 2.3666362343356004 65.518854890950024 3.9435587991029015 171.66409972961992 1.1246893331408494 1.7064848979935039 1.7733332277275629 32.605211334768683 0.92626991868019004 154.1693235039711 0.79839988332241496 4.062417189590632 0.9938945909962057 0.46308536268770684 3.964849923737348 1.8335027000866833 0.54110464919358481 1.0709386225789783 1.1451879357919095
leaf_count=31 2250 10 6089 583 25 28 1861 77 4075 22 51 100 839 11 10679 21 93 22 15 77 104 13 25 15
internal_value=0.00015633 0.00883689 -2.45574e-05 0.00105653 0.0040152 -0.000165831 0.00368579 0.00465495 -0.0014957 -0.0012153 -0.0223222 -0.008398 -0.00142164 0.00316844 -0.00193255 0.0146299 0.0104286 -0.00223572 -0.0124235 0.0134816 0.0139002 0.00246591 0.0262666 0.0307774
internal_weight=727.988 14.8603 713.128 373.775 109.276 264.499 67.8855 106.684 196.613 339.353 2.59143 3.73834 334.783 33.5315 301.251 11.122 8.82567 3.23031 2.23642 8.02727 4.57024 2.37461 2.19563 2.29629
internal_count=27116 384 26732 8950 2403 6547 1889 2327 4658 17782 76 147 17618 850 16768 237 191 137 115 170 164 117 47 46
is_linear=0
shrinkage=0.03


Tree=136
num_leaves=27
num_cat=0
split_feature=10 6 21 8 10 20 21 13 26 6 23 3 1 8 3 6 9 8 15 11 13 0 12 0 3 1
split_gain=1.17739 1.69257 1.50317 1.60484 1.47339 1.45926 1.23564 1.46916 2.31583 1.25057 1.7301 1.35961 1.2052 1.06681 1.05233 1.55016 1.76727 1.45463 1.27692 1.27791 0.679374 1.16973 1.44045 1.3118 0.983606 1.75391
threshold=0.36223055295220247 0.041026719966337055 0.25191784580840548 0.10256679991584264 0.22840206185567014 0.57863035024920095 0.62624994833281133 -1.6058009666594428 0.069906043291337636 0.12685567010309282 -0.69819484098930584 0.99500000000000011 -0.015663258187083116 0.85283505154639183 0.74358300021039359 0.10256679991584264 0.12060606060606062 0.53030612244897968 0.98870020429009198 0.28833998405018596 0.75724994858948758 0.93149338674423043 0.54176600724856883 0.58081913430089216 0.83589312013465189 0.4184772580975149
decision_type=2 2 2 2 2 10 2 8 10 2 2 2 2 2 2 2 10 2 10 8 10 2 8 2 2 2
left_child=1 2 12 5 -5 -4 7 8 13 10 -9 -11 -1 -2 15 17 -17 -3 19 -16 21 23 -23 -8 25 -22
right_child=6 14 3 4 -6 -7 20 9 -10 11 -12 -13 -14 -15 18 16 -18 -19 -20 -21 24 22 -24 -25 -26 -27
leaf_value=0.0028201173437547573 -0.024798596282006445 -0.0032095764698768688 -0.0068105292826965329 0.009699365635025433 0.030113626328525465 0.027567472325894835 -0.004558310313161792 0.010731526219423502 -0.058025848473625428 -0.0015057481330690708 0.0006374218282797524 0.022376946623559539 -0.037660692942568401 0.028629204873224789 0.0021877289548600759 0.0044603352164309124 -0.0013642893593956492 -0.023439056470088985 -0.034020175579882475 0.011910537816102545 -2.5280166936839818e-05 -0.056905190658172004 -0.011464539020688702 0.0062583825149615437 -0.024778705598933786 0.029076588435568079
leaf_weight=1.9586234688758852 0.6650026021525266 9.758755521848796 5.4127542143687633 7.6394234513863903 5.4533571396023035 1.3983428552746771 111.35613104887307 21.561257736757398 1.0014759553596375 151.70466454233974 52.473077924922109 2.176076545380055 0.99980240687728184 0.68058670498430729 67.804597650188953 65.053912519011647 167.83764345711097 4.7592593859881154 0.80563965253531833 14.826743597164748 10.112339334562419 0.76055905502289445 3.5980005399324 11.096199400722979 1.0593568342737842 2.284984932281076
leaf_count=35 36 198 128 116 78 17 7258 402 31 7397 971 27 27 10 1850 1723 5155 89 34 272 494 21 178 393 31 22
internal_value=-4.01244e-05 0.0011979 0.0090924 0.0120581 0.0182022 0.000247399 -0.00122194 0.000130198 -0.0234838 0.000373374 0.00357716 -0.00116802 -0.0108604 0.00222469 0.000652368 -0.000330185 0.000262711 -0.00984115 0.00356586 0.00393232 -0.00344161 -0.00412173 -0.0193938 -0.00357814 0.00296763 0.00533857
internal_weight=724.239 353.709 22.8623 19.9039 13.0928 6.8111 370.53 230.262 2.34707 227.915 74.0343 153.881 2.95843 1.34559 330.847 247.41 232.892 14.518 83.437 82.6313 140.268 126.811 4.35856 122.452 13.4567 12.3973
internal_count=26993 9722 401 339 194 145 17271 8874 77 8797 1373 7424 62 46 9321 7165 6878 287 2156 2122 8397 7850 199 7651 547 516
is_linear=0
shrinkage=0.03


Tree=137
num_leaves=29
num_cat=0
split_feature=10 22 22 22 3 9 24 3 8 26 8 17 24 22 0 4 8 15 23 4 20 14 12 12 13 9 20 25
split_gain=1.45691 2.20672 1.50563 1.65943 2.9834 1.45347 1.4072 1.37625 1.29938 1.19341 1.34198 1.68614 1.15972 1.1486 2.33224 1.7987 1.88115 1.86512 1.66763 1.47996 0.963778 1.20435 1.08301 1.01786 0.961211 0.790363 0.738291 0.733064
threshold=0.36223055295220247 0.021096598203186028 0.029252253419902407 0.050334554147709716 0.15385019987376397 0.98974332000841592 -3.3477687521576764 0.025309278350515465 0.15385019987376397 -1.9189103352868397 0.92391752577319608 -0.19776826570544501 1.8366236177732225 -0.020132422886541396 0.28696703095325554 0.015154639175257735 0.36041237113402064 0.022857889237199586 0.060648022692823135 0.8871765200925732 0.31426688210128528 0.98816526610644273 0.22469977773253982 0.62589290061031233 0.60769954293215556 0.54040816326530627 0.43829290964298978 5.7327899766304942
decision_type=2 2 2 2 2 10 10 2 2 8 2 10 8 2 2 2 2 8 2 2 8 10 8 10 10 10 10 8
left_child=2 9 13 5 7 6 -4 -5 -6 24 12 -12 -11 14 18 16 -15 -17 -1 -16 23 22 -22 27 26 -23 -2 -3
right_child=1 20 3 4 8 -7 -8 -9 -10 10 11 -13 -14 15 19 17 -18 -19 -20 -21 21 25 -24 -25 -26 -27 -28 -29
leaf_value=0.0089274304422254265 -0.0058852116441776041 0.0067829780444268557 9.2083605275846919e-05 -0.0040094107594885429 -0.0059216283542056006 0.031125352771092987 0.013112539527019688 -0.038309963237808393 0.012629796265442339 -0.0029519694065771643 0.00056927738954604807 0.013216230241614462 0.0010810534971924823 0.00018794115231885063 0.023078384222178786 0.011575739866138071 -0.029637670735174829 -0.00027583331730342004 -0.0030316714133602697 -0.011967023116127688 -0.0023058331793400577 -0.010701236642807668 -0.012168434343159852 0.027655037404849245 0.016626821894375563 -0.052034966112462368 -0.022685366483074582 -0.012806717946677275
leaf_weight=17.684613721910864 5.4846993396058661 3.8347745756618661 11.889653634745629 1.8943011309020246 5.5171697759069493 2.7176958331838241 20.098778397776186 2.3698517144657671 8.846585860475896 113.1046560392715 26.04980905726552 14.922916765790431 148.31911351764575 3.8717026887461534 8.0677854716777784 12.595382379367946 3.7433126177638769 233.52232408337295 25.809742544777691 1.252926849760114 18.069839251693342 0.74983783531933912 22.495365427341309 1.2253438457846639 1.0903013851493586 0.93615726847201586 4.124606410972774 3.1163223460316658
leaf_count=380 314 204 283 32 97 29 452 74 195 6590 839 366 6397 61 128 147 58 7075 731 22 921 20 1088 32 32 28 228 197
internal_value=0.000180472 -0.00115908 0.00153358 0.00618566 -0.00103737 0.0100625 0.00827302 -0.0230723 0.00550413 -0.000221034 0.000127362 0.0051755 -0.000663829 0.000724198 0.0047492 -0.000113615 -0.0144734 0.000330686 0.00183085 0.0183674 -0.00698324 -0.00880771 -0.00777512 0.00244462 -0.0100675 -0.033652 -0.0130963 -0.00199949
internal_weight=723.406 363.524 359.882 53.334 18.6279 34.7061 31.9884 4.26415 14.3638 313.096 302.396 40.9727 261.424 306.548 52.8151 253.733 7.61502 246.118 43.4944 9.32071 50.4276 42.2512 40.5652 8.17644 10.6996 1.686 9.60931 6.9511
internal_count=27020 17256 9764 1162 398 764 735 106 292 14766 14192 1205 12987 8602 1261 7341 119 7222 1111 150 2490 2057 2009 433 574 48 542 401
is_linear=0
shrinkage=0.03


Tree=138
num_leaves=23
num_cat=0
split_feature=22 12 10 10 19 24 11 0 21 7 6 25 2 22 10 7 13 7 6 15 16 4
split_gain=1.58518 1.77055 1.642 2.37753 1.62882 2.36364 1.55277 1.54771 1.39423 1.39059 1.23599 1.2095 1.05869 1.26415 1.15693 1.04806 1.83071 1.37351 0.786426 0.432321 0.335002 0.21175
threshold=-0.034215578387739691 0.62589290061031233 0.045618556701030939 0.051283399957921319 17.500000000000004 10.900048038730739 0.46800521500452069 -0.45103003058231783 0.52467696295906163 0.98484536082474239 0.43366656253254199 5.7327899766304942 0.018345676064712633 -0.032481019579097638 0.2487113402061856 0.030770039974752791 0.4958132957243343 0.8461498001262362 0.14716494845360825 0.046244319700614815 0.77811950211724135 0.1743635598569325
decision_type=2 10 2 2 8 10 10 2 2 10 2 8 2 2 2 8 10 8 2 10 10 2
left_child=1 2 7 -4 5 6 9 10 -5 -2 -1 -8 13 20 -15 16 -14 -17 -3 -9 -6 -20
right_child=4 18 3 8 12 -7 11 19 -10 -11 -12 -13 15 14 -16 17 -18 -19 21 -21 -22 -23
leaf_value=0.027657379677890965 0.0025693458891888139 0.0021111222467354329 -0.062949802714965197 0.011582789219215501 -0.014541584522629877 -0.039764903233602565 0.006033926268481646 0.020943725211475913 -0.0012147735616762358 -0.017835081325792482 -0.0082890422608206202 0.02569878651364978 0.018458526524579136 0.00011538941473741245 -0.0035266079020468081 -0.0020391679705981576 -0.020758589349485483 0.0029469582292000339 0.042058047083864403 0.04204870436975354 -0.045881824034550316 0.02523188324123065
leaf_weight=1.2961508147418501 132.80609748279676 0.94949106872081701 0.50957547500729461 10.536528575699775 0.5475097782909859 1.1711380435153831 7.5742374593391988 1.7732734102755778 28.079937006346881 3.0756516372784963 2.5636193677783012 4.4798375321552166 6.2744695972651234 146.39595743315294 169.25974596943706 102.18476567324251 1.2918764501810072 96.845731400884688 1.3819350060075524 1.721619928255677 0.69867506064474583 1.312365061137825
leaf_count=13 4566 20 10 249 29 28 106 24 1179 55 45 61 122 3739 8867 4719 24 3001 17 17 27 35
internal_value=0.000304182 0.00545088 0.00387221 0.00142754 -7.93646e-05 0.00268686 0.00302293 0.0168776 0.00227705 0.0021075 0.00378214 0.0133423 -0.000867261 -0.00195656 -0.00183751 0.000803635 0.0117626 0.000387018 0.0255886 0.0313403 -0.0321125 0.0338622
internal_weight=722.73 50.1245 46.4807 39.126 672.606 149.107 147.936 7.35466 38.6165 135.882 3.85977 12.0541 523.499 316.902 315.656 206.597 7.56635 199.03 3.64379 3.49489 1.24618 2.6943
internal_count=26953 1609 1537 1438 25344 4816 4788 99 1428 4621 58 167 20528 12662 12606 7866 146 7720 72 41 56 52
is_linear=0
shrinkage=0.03


Tree=139
num_leaves=22
num_cat=0
split_feature=2 14 20 20 11 11 24 12 22 4 19 19 21 26 5 12 26 22 26 5 22
split_gain=1.18974 1.88918 1.53833 1.73185 2.50995 1.51984 1.48145 1.52346 1.37262 1.2572 1.24922 1.16574 1.14758 1.07569 1.67157 0.995091 0.927082 0.833161 0.657893 0.643722 0.410546
threshold=0.018345676064712633 0.067682088868529569 0.76410418271739011 0.61958624449458022 -0.26089468102296104 0.35793436567041509 6.8305631793283625 0.24542319129263404 -0.16024358447575024 0.041026719966337055 66.500000000000014 -4.4999999999999991 0.78660019680883642 0.93138523679208041 0.99500000000000011 -0.21761574610026299 -0.62244772451192365 -0.013327743888595719 -0.46344399727260482 0.74113402061855682 0.0093272355411019962
decision_type=2 10 10 8 8 10 8 10 2 2 10 8 2 10 2 8 10 2 8 2 2
left_child=8 5 3 9 -5 6 10 -8 12 -3 -2 16 -1 15 -15 -13 20 -18 -7 -20 -10
right_child=1 2 -4 4 -6 18 7 -9 11 -11 -12 13 -14 14 -16 -17 17 -19 19 -21 -22
leaf_value=-0.046980900267659317 0.0032962871226568579 0.0087219258890088008 -0.03945304516707452 -0.03741161988960278 0.0094351637716507501 0.0012477904764330624 0.019608108971319059 -0.025445917445939846 0.034675126821291861 -0.0011088119069145763 -0.013847182829511508 0.0011802975953794639 0.0093301016189988196 0.0031226325066274255 -0.037026934786285368 -0.0026672487321822594 0.024247845100118234 -0.023756674700724244 0.02650799077751442 0.010846231807027342 0.01210739962254505
leaf_weight=1.0545704923570145 22.814028704538945 12.438691405113785 0.87584263179451127 1.072191124781966 25.73999102879316 2.1687792968004942 7.0134449074976137 0.74746105726808298 1.5440916903316977 199.24326881906018 4.5961647517979136 76.673547249287367 0.47127320338040579 58.865124582313001 0.94829929061233897 286.75527800247073 0.52114489395171404 0.86628027912229277 5.3151016365736705 4.2508617304265499 1.3684451952576635
leaf_count=37 816 254 31 23 761 35 197 24 27 8012 145 1905 27 2233 21 12183 8 32 58 55 22
internal_value=-0.000186074 0.00131175 0.000232945 0.000378687 0.00756181 0.00681712 0.00369787 0.0152689 -0.00118543 -0.000531146 0.000421655 -0.00108406 -0.0295886 -0.00124196 0.00248609 -0.00185552 0.0144575 -0.00572521 0.0161661 0.0195483 0.0240718
internal_weight=715.344 286.276 239.37 238.494 26.8122 46.9058 35.1711 7.76091 429.068 211.682 27.4102 427.542 1.52584 423.242 59.8134 363.429 4.29996 1.38743 11.7347 9.56596 2.91254
internal_count=26906 10411 9081 9050 784 1330 1182 221 16495 8266 961 16431 64 16342 2254 14088 89 40 148 113 49
is_linear=0
shrinkage=0.03


Tree=140
num_leaves=30
num_cat=0
split_feature=12 2 0 0 12 21 22 13 21 9 8 6 9 2 20 16 12 12 22 2 13 22 12 5 1 25 0 0 25
split_gain=1.14893 2.12472 1.73565 2.15173 1.77112 1.72028 2.94858 1.60937 1.54595 2.09939 1.4641 1.29555 1.26025 1.11464 1.88859 1.92191 1.17414 1.77052 1.16315 1.06955 1.07216 1.19968 0.797809 2.16091 1.00523 0.666771 0.370743 0.352663 0.347472
threshold=0.34865793931925698 -0.050980392920620198 -0.39244952124882371 -0.45103003058231783 0.32735093640081409 0.3027247467945921 0.0055305084122529722 -1.0138378228951876 0.40612390708431945 0.611122448979592 0.96453608247422695 0.10256679991584264 0.045618556701030939 -0.069107033238402435 0.48880482522453977 0.36091244281728646 0.37699292954122426 0.42792307983972083 -0.0015284098469205652 -0.038567886177419748 -1.2685860079498585 -0.0017056622522382758 1.5487433799082624 0.60912371134020626 -0.11288330898327532 2.9740134477346714 0.51679466182669564 0.053720396614821538 5.6906290265816137
decision_type=10 2 2 2 10 2 2 8 2 10 2 2 8 2 10 10 8 8 2 2 10 2 10 2 2 10 2 2 10
left_child=2 13 3 7 5 6 -4 -1 28 -10 -7 -6 -9 16 18 -16 27 -18 -15 20 26 -22 24 -24 -21 -13 -3 -2 -5
right_child=1 19 4 8 11 10 -8 12 9 -11 -12 25 -14 14 15 -17 17 -19 -20 22 21 -23 23 -25 -26 -27 -28 -29 -30
leaf_value=0.029303554368262177 0.043041482748780308 0.013852810324282993 -0.0010909882735635121 0.041492360945759144 -0.041516356558318625 -0.002126581254944619 0.013773933434498061 -0.019657610649010386 -0.0084411255401330709 0.015592645434532811 0.005198204164787756 -0.031128099319789462 0.00049692438632562691 -0.0073996513822008024 -0.041280784178244621 0.017464192267909722 -0.031357940367456302 0.00027673033107357355 -0.038596655996352633 0.0098926442798895307 0.028865334169918665 -0.0069280820321138657 0.010530321658203248 -0.027791980195706788 0.0023310073784881045 -0.0041681221580528371 0.03626245352896254 0.013134745102416757 0.022406144289290143
leaf_weight=1.6351913250982759 0.52364730928093273 0.98521402012556825 35.401961815077811 1.4591355342417984 1.4794219443574537 444.40170435560867 18.17542040348053 3.0294278832152477 4.696466486901044 10.777884850278495 25.996425189077854 1.0356075144372878 35.665244281291962 1.6891259890981016 0.65225685574114356 2.164649335667491 1.8608044427819552 11.033393196295945 2.9613481354899696 20.336043689865619 1.2649105498567226 2.5251395334489635 2.7448821528814724 2.5587179390713573 71.290628303773701 4.0717466408386827 2.0405932841822505 1.1009811386466024 2.0853653401136398
leaf_count=18 8 28 1036 15 30 19944 366 50 94 158 591 59 548 49 12 61 60 333 106 475 34 89 82 69 2332 222 28 43 31
internal_value=-0.000236798 0.00236689 -0.000791742 0.0040737 -0.00133599 -0.00114165 0.00395174 0.000150968 0.0123919 0.00829839 -0.00172178 -0.0167955 -0.00108099 -0.0061046 -0.0155234 0.00386175 -0.0012603 -0.00428857 -0.0272654 0.00416219 0.0156492 0.00501779 0.00335446 -0.00795824 0.00400927 -0.00963474 0.0289658 0.0227742 0.0302632
internal_weight=715.643 125.732 589.911 59.3487 530.562 523.976 53.5774 40.3299 19.0189 15.4744 470.398 6.58678 38.6947 21.9862 7.46738 2.81691 14.5188 12.8942 4.65047 103.746 6.81586 3.79005 96.9303 5.3036 91.6267 5.10735 3.02581 1.62463 3.5445
internal_count=26971 3809 23162 914 22248 21937 1402 616 298 252 20535 311 598 672 228 73 444 393 155 3137 179 123 2958 151 2807 281 56 51 46
is_linear=0
shrinkage=0.03


Tree=141
num_leaves=21
num_cat=0
split_feature=10 2 1 23 20 14 1 1 14 13 5 7 9 24 6 11 18 7 9 21
split_gain=1.05997 1.38167 1.62795 2.82391 2.24381 1.72261 1.17708 1.1596 1.19744 1.14242 1.09841 1.40871 1.22788 1.0906 1.48804 1.1914 0.699093 0.675118 0.680196 0.726714
threshold=0.77159793814432998 0.019863277898593091 0.12375132563331291 -1.2523679924436613 0.41330901234125983 0.22391107078039932 0.06234466215431942 0.010621193137611217 0.09699820788530468 1.0872251917961393 0.23855670103092785 0.92391752577319608 0.13701030927835053 5.2192990560420407 0.47448713943559312 -0.45813639532322975 0.028174603174603175 0.010256679991584264 0.020101010101010106 0.63104482262570694
decision_type=2 2 2 2 10 8 2 2 10 10 2 10 8 8 2 8 8 8 8 2
left_child=1 2 13 5 -5 -4 7 8 -3 -9 11 -8 -12 14 -1 -15 -2 -18 -19 -20
right_child=16 6 3 4 -6 -7 10 9 -10 -11 12 -13 -14 15 -16 -17 17 18 19 -21
leaf_value=0.001986363436251211 -0.031686494478948231 0.0084512466227729729 -0.0034097621741823727 -0.0066395709999683694 0.0069298782354826815 0.027362886959319453 -0.020177908382252769 0.0096254601961016494 0.0010338183130828038 -0.027322258049051893 0.01264412200865541 0.018174494230274573 -0.001952761126509978 0.011706587804926481 -0.0027746532224815555 -0.0049309643740371636 -0.038926023242690962 -0.024413144542389787 -0.00024494630009423793 -0.0049078110704823229
leaf_weight=123.77137653762475 0.73188751563429733 24.133351143449545 2.171288852579889 18.89532596571371 26.139730900991708 6.655800282023848 5.0003907126374534 31.988774293102324 104.00245857285336 0.77132749976590176 6.0317927366122595 1.0414635846391318 37.011549855116755 4.0579060791060328 113.04431503498927 85.320650075096637 0.45101302769035001 1.2245003432035435 82.335301547311246 47.399026815779507
leaf_count=4349 33 676 39 406 403 99 184 1234 3815 31 99 13 900 60 5320 3039 20 36 3251 2950
internal_value=-1.89825e-05 0.000524925 -0.000554144 0.00427771 0.00123655 0.0197934 0.00247799 0.00371861 0.00243083 0.00875554 -0.00158861 -0.0135669 9.27439e-05 -0.00135199 -0.000286315 -0.0041756 -0.00244763 -0.00228479 -0.0021586 -0.00194855
internal_weight=722.179 590.038 380.056 53.8621 45.0351 8.82709 209.981 160.896 128.136 32.7601 49.0852 6.04185 43.0433 326.194 236.816 89.3786 132.142 131.41 130.959 129.734
internal_count=26957 20667 13715 947 809 138 6952 5756 4491 1265 1196 197 999 12768 9669 3099 6290 6257 6237 6201
is_linear=0
shrinkage=0.03


Tree=142
num_leaves=24
num_cat=0
split_feature=11 24 4 4 9 21 13 13 9 13 9 9 20 19 19 11 26 13 16 21 19 21 0
split_gain=1.56558 1.49226 1.52906 1.5523 1.30423 1.30245 2.1089 1.18314 1.18686 2.09659 1.60932 1.17479 1.60703 1.34201 1.08652 1.59394 1.23408 0.868238 1.83727 1.4408 0.552382 0.479746 0.543583
threshold=-0.68725332801717964 0.65159518228918512 0.917946560067326 0.1128234799074269 0.50252525252525271 0.44949084498272857 -0.53611876750648746 -0.5772408323914705 0.93407216494845369 -1.0894988702223984 0.92391752577319608 0.045618556701030939 0.43256728770638264 2.5000000000000004 77.500000000000014 0.19267605188200324 -1.5830740399987333 0.75724994858948758 1.0000000180025095e-35 0.54831332910148178 18.500000000000004 0.66377208543816402 -0.68421495272178701
decision_type=8 8 2 2 10 2 8 8 10 10 8 10 8 8 10 8 8 10 8 2 10 2 2
left_child=1 2 3 4 -1 6 14 8 10 -10 -7 12 -8 -13 16 -16 -2 18 -9 -19 -3 22 -22
right_child=5 20 -4 -5 -6 7 11 17 9 -11 -12 13 -14 -15 15 -17 -18 19 -20 -21 21 -23 -24
leaf_value=-0.017491377416049961 -0.023677802403908051 0.0050908703131163019 0.026656692368674247 -0.033065325225610585 0.020077707242848911 -0.007147181994362717 0.0021419181076506627 -0.059452640017750059 -0.00010514741974730883 -0.035958189545254524 0.01450540475871114 0.014710059297497174 -0.0082303885110381319 0.0013736970236475428 0.032820429260646759 -0.015691624167900649 0.0093859759259534246 -0.0079526842872950036 -0.0011580424061960689 0.0068215675970536545 0.030171909935200653 0.038990979963082532 0.0052634926271023317
leaf_weight=1.5013386690989121 1.0876407139003275 1.5711029730737207 1.4851929787546394 1.5373301636427639 1.8643869832158086 21.687784647569067 26.298379657324404 0.48714454099535842 2.7829820727929473 3.1064880480989805 3.6024881955236188 7.1649430990219116 27.503181727603078 130.06312515959144 3.46584912482649 0.73964207246899594 15.41721996851266 7.5535389683209351 424.01897509861737 27.821818341035396 1.735303111374378 1.6005427949130533 1.4452511174604299
leaf_count=25 27 25 20 36 22 824 759 8 56 56 85 138 708 3791 60 14 296 234 18878 938 15 15 32
internal_value=-0.000195091 0.0102272 -1.09349e-05 -0.00808887 0.00331938 -0.000384028 0.00158274 -0.00123207 -0.0068874 -0.0190164 -0.00406287 0.000596929 -0.00316037 0.00207001 0.0106757 0.0242884 0.00720713 -0.000848646 -0.00122494 0.00366689 0.0205235 0.0255948 0.0188535
internal_weight=715.542 12.7404 6.38825 4.90306 3.36573 702.801 211.74 491.061 31.1797 5.88947 25.2903 191.03 53.8016 137.228 20.7104 4.20549 16.5049 459.881 424.506 35.3754 6.3522 4.7811 3.18055
internal_count=27062 190 103 83 47 26872 5793 21079 1021 112 909 5396 1467 3929 397 74 323 20058 18886 1172 87 62 47
is_linear=0
shrinkage=0.03


Tree=143
num_leaves=17
num_cat=0
split_feature=16 4 21 13 18 11 19 24 2 6 8 15 22 0 0 2
split_gain=1.2661 1.25474 1.22095 1.59443 2.05887 1.39048 1.38593 1.31422 1.22744 1.03901 1.73504 1.31008 0.96968 1.71746 1.39024 0.917963
threshold=1.3236690173398851 0.025309278350515465 0.44626557900919578 -0.74205270622138642 0.84698996655518399 0.32349992082024143 80.500000000000014 -13.595673932990286 0.072151908701888909 0.22111111111111112 0.015154639175257735 0.046244319700614815 0.0093272355411019962 1.0318088668102758 0.93149338674423043 -0.08825523660585731
decision_type=10 2 2 8 8 8 8 8 2 2 2 8 2 2 2 2
left_child=2 -2 3 4 5 -1 -6 -5 -9 12 -11 -12 14 -14 -4 -3
right_child=1 15 9 7 6 -7 -8 8 -10 10 11 -13 13 -15 -16 -17
leaf_value=0.020215881330604757 0.0039737928367133179 -0.0075769900614582547 0.0036808408188400356 -0.036764741412585955 -0.035626815846279046 -0.0055082768547054907 0.014504185494913136 0.00019107164045050913 0.0065028831052612347 0.026869563189588823 -0.011472542555356796 -0.0016181947692520456 -0.0033781243033840741 0.015730645966248364 -0.0091017003265078215 -0.049746160045346051
leaf_weight=10.749150522053238 1.3178372196853154 0.7466059885919093 102.17715278314427 0.81962201558053493 1.2899667592719204 2.2948983502574256 0.80672820378094945 157.11754069058225 33.671518928837031 1.885141442529856 12.621778808999805 319.32296913256869 57.337431949097663 4.5705782743170849 8.2781183999031764 1.2300096061080692
leaf_count=170 18 29 2566 15 39 40 20 4410 843 28 249 16698 1560 65 125 31
internal_value=-0.000145584 -0.0187007 -5.98422e-05 0.00188274 0.0112548 0.0156901 -0.0163383 0.00114217 0.00130502 -0.00085327 -0.00182991 -0.00199289 0.00103826 -0.00196735 0.00272285 -0.033818
internal_weight=716.237 3.29445 712.943 206.749 15.1407 13.044 2.09669 191.609 190.789 506.193 333.83 331.945 172.363 61.908 110.455 1.97662
internal_count=26906 78 26828 5537 269 210 59 5268 5253 21291 16975 16947 4316 1625 2691 60
is_linear=0
shrinkage=0.03


Tree=144
num_leaves=26
num_cat=0
split_feature=0 22 10 4 12 23 10 22 22 9 16 1 6 21 19 21 24 6 22 9 22 21 1 1 23
split_gain=1.0107 1.71753 2.48293 1.52417 1.72444 1.38749 1.23914 1.80468 1.8011 1.79679 2.51899 1.73255 1.61729 1.82346 1.55116 1.51051 1.1659 1.13319 2.37918 1.73199 1.08938 1.35405 0.984323 0.567565 0.189408
threshold=0.35096995885160215 -0.020827287967921677 0.1128234799074269 0.13333683989059544 0.48182651756830125 -2.6500399386594693 0.38072164948453613 0.0048457235291961978 0.021096598203186028 0.12060606060606062 1.192072594476709 0.19853701454708919 0.21106060606060609 0.3890893157328606 36.500000000000007 0.31826236192991975 -1.5894904525290923 0.13701030927835053 0.045881732836281747 0.10256679991584264 -0.055812115025002905 0.48672405239674849 0.3312755217203357 0.1437793853199418 -0.11264010316003109
decision_type=2 2 2 2 10 2 2 2 2 10 10 2 2 2 8 2 8 2 2 10 2 2 2 2 2
left_child=6 2 24 4 -4 -3 7 12 20 10 -9 -11 13 -1 -14 -10 -5 19 -19 -7 21 -8 -22 -17 -2
right_child=1 5 3 16 -6 17 8 9 15 11 -12 -13 14 -15 -16 23 -18 18 -20 -21 22 -23 -24 -25 -26
leaf_value=-0.0071014735095348887 0.038812468860138317 -0.03593493200443857 -0.030357385230023279 -0.014383112871490043 0.01425528793121697 -0.0035202400002573345 0.037626986902364372 0.0098071807305583746 0.031340575481427699 -0.00014339070599436924 -0.029711656707624618 0.012856401356782406 0.0011283017207011758 0.0073789304523132872 -0.0061519237764956006 -0.0086181114955531431 0.012670816962466391 -0.00010272672176419197 -0.029139384537815279 0.0069069720106656723 -0.0018047751347647144 0.0039470409564319768 0.020051736814045474 -0.022461316412270595 0.025253514206586534
leaf_weight=10.633442103862761 1.9410490617156031 0.90956722013652225 2.0132985142990978 1.6177455214783547 1.2727372758090494 19.695121784228832 1.3504018299281586 39.673383762594312 0.8189398124814059 101.93363494798541 1.5067795496433962 10.145234424620865 41.921329304110259 29.651343042962253 70.864361567888409 27.91915917489678 12.598233923316 96.679018344264477 2.6081855483353129 52.696585287805647 176.12067310046405 5.2549339099787176 1.8741990132257331 2.9468877520412198 1.7752686478197599
leaf_count=251 20 33 50 50 20 358 28 1002 11 2993 46 155 1351 582 2668 1724 301 3581 90 833 10363 269 30 104 22
internal_value=0.000159794 0.00201014 0.0100647 0.00533575 -0.0130781 0.00101991 -0.000526391 0.000701075 -0.00226488 0.0030023 0.00836119 0.00103333 -0.00160299 0.00355673 -0.00344594 -0.00887283 0.00959214 0.0012157 -0.000865494 0.00407011 -0.00113068 0.0108326 -0.00157464 -0.00993977 0.0323354
internal_weight=716.422 193.807 21.2183 17.502 3.28604 172.588 522.615 306.33 216.285 153.259 41.1802 112.079 153.07 40.2848 112.786 31.685 14.216 171.679 99.2872 72.3917 184.6 6.60534 177.995 30.866 3.71632
internal_count=26935 5358 463 421 70 4895 21577 9048 12529 4196 1048 3148 4852 833 4019 1839 351 4862 3671 1191 10690 297 10393 1828 42
is_linear=0
shrinkage=0.03


Tree=145
num_leaves=18
num_cat=0
split_feature=7 25 21 16 11 22 12 7 11 19 24 7 22 3 7 4 17
split_gain=1.24402 1.99591 1.28514 1.21997 1.20351 1.11862 1.72747 1.01941 1.5817 0.947413 1.71112 1.42529 1.07892 1.34291 0.891031 0.579695 0.478804
threshold=0.010050505050505053 2.75511995752198 0.23102957911156333 0.76285728971286315 -0.10587008854928469 0.015650241986873079 -0.79137761048717381 0.39284598562949086 -0.16639037104113183 15.500000000000002 10.900048038730739 0.98484536082474239 0.061963564802523234 0.50252525252525271 0.95897328003366311 0.54819587628865996 0.059692853854987508
decision_type=8 8 2 8 10 2 10 10 8 8 10 10 2 2 10 2 10
left_child=1 -1 4 -3 7 6 -6 8 -2 10 11 -4 14 -14 -11 -5 -17
right_child=2 3 9 15 5 -7 -8 -9 -10 12 -12 -13 13 -15 -16 16 -18
leaf_value=-0.052755861398775881 -0.0045542964276529306 -0.035610281521417382 0.0031571640005280104 -0.016161715981129587 -0.0344885350075992 0.029450627783057216 0.0030885121628695862 0.030812202663873672 0.029031017087646865 -0.0011181014517334402 -0.036105330064404258 -0.015926289125328955 -0.0032789121980664328 0.016361576272333346 0.0033465495129057286 0.028274121154069128 -0.0022920651202192953
leaf_weight=1.007301429286598 3.2647395934909582 0.8750735400244597 123.63242654921487 0.79812582489103112 1.1624247059226096 1.3285655789077271 20.853723110165447 2.7917420724406838 2.057300887070598 501.84769513178617 1.0356140481308092 3.6256347512826315 5.436386429704724 7.3953842390328646 43.737176204565912 1.0162026565521953 0.84455112926661957
leaf_count=25 49 22 4100 21 68 12 496 30 33 21054 26 57 171 172 693 24 21
internal_value=0.000148795 -0.0155035 0.00024777 -0.00488525 0.00617704 0.00271769 0.00110449 0.0161302 0.00842852 -2.38522e-05 0.00230092 0.00261347 -0.000557958 0.00804057 -0.00076019 0.00522678 0.0144009
internal_weight=722.71 4.54125 718.169 3.53395 31.4585 23.3447 22.0161 8.11378 5.32204 686.71 128.294 127.258 558.417 12.8318 545.585 2.65888 1.86075
internal_count=27074 113 26961 88 688 576 564 112 82 26273 4183 4157 22090 343 21747 66 45
is_linear=0
shrinkage=0.03


Tree=146
num_leaves=19
num_cat=0
split_feature=22 1 10 16 9 26 16 2 18 2 2 14 0 1 2 3 20 15
split_gain=0.860041 1.34895 1.28903 1.35125 1.0262 0.753617 1.24193 1.07515 1.54112 0.805103 1.27788 1.35116 1.10153 1.94119 1.01807 1.01232 0.644583 0.591622
threshold=0.070253435957887883 -0.35548338293007292 0.10256679991584264 0.98660316634423273 0.87314432989690738 2.8088478733316458 0.27330122211054492 0.097781736247839007 0.83827375762859646 0.018345676064712633 0.023792069433109426 0.92022727272727278 -0.2434875513753266 -0.1584557899408239 0.024537606730504088 0.53030612244897968 0.44122066502392115 0.30993431855500825
decision_type=2 2 2 8 10 10 8 2 8 2 2 10 2 2 2 2 10 8
left_child=5 -2 16 4 -4 9 -7 8 -8 12 11 -11 13 -1 -12 -14 -3 -5
right_child=1 2 3 17 -6 6 7 -9 -10 10 14 -13 15 -15 -16 -17 -18 -19
leaf_value=-0.0086770054789583832 -0.027608282323612829 0.0088853379780570105 0.014450307387582986 -0.0547641000816586 -0.017493852831704237 0.037760713387679327 0.0098016393929211063 0.034443962788763008 -0.016600429825460967 0.010121724196849948 -0.018695741742883562 -0.017258770878679233 -0.0039640748778046716 0.0038958386051875984 0.00024235551207289427 -0.000640763082519144 0.031736114279979556 -0.010203990931953446
leaf_weight=13.332024119328706 0.91007520351558824 1.8584098666906337 4.4560323264449835 0.45035407692193952 1.13578625023365 1.0877759819850297 5.7786675007082495 0.94114333577454168 3.0347050982527444 19.012094572652135 2.5806822194717816 1.773355540819465 157.03834687452763 64.626411412842572 254.30394368711859 173.78026757529005 2.7625550366938114 0.66284969169646513
leaf_count=246 17 29 146 15 35 20 178 25 164 643 105 49 7119 1276 9319 7415 30 43
internal_value=-0.000353263 0.00753139 0.010355 0.00195299 0.00796195 -0.000491623 0.00735591 0.00396531 0.000710625 -0.000615573 0.000631013 0.0077857 -0.00146234 0.0017457 5.2102e-05 -0.00221833 0.0225462 -0.0282311
internal_weight=709.525 12.2361 11.326 6.70502 5.59182 697.289 10.8423 9.75452 8.81337 686.447 277.67 20.7855 408.777 77.9584 256.885 330.819 4.62096 1.1132
internal_count=26874 315 298 239 181 26559 387 367 342 26172 10116 692 16056 1522 9424 14534 59 58
is_linear=0
shrinkage=0.03


Tree=147
num_leaves=29
num_cat=0
split_feature=6 17 19 22 9 11 3 26 10 26 23 25 22 3 21 15 26 11 12 2 22 19 2 11 10 17 10 9
split_gain=1.29489 1.26998 2.19092 1.61542 2.04925 1.59709 1.49716 1.46293 1.30913 1.29671 1.07986 1.02259 0.918034 0.900268 1.56073 1.42639 1.55764 1.45791 1.22131 1.08718 0.978477 1.49229 0.884962 1.20529 1.04043 0.876641 0.686462 0.428777
threshold=0.23116161616161621 -0.19776826570544501 1.5000000000000002 0.010163140253101732 0.041026719966337055 0.67234065366900009 0.21824742268041239 0.157452261355088 0.030151515151515155 -2.1357315866811546 -0.91931078390023024 5.4656094835733535 0.0056480698858327886 0.67178624026930367 0.40612390708431945 0.97714211076280055 0.74040788274369185 0.84934748251490799 0.30359261044593239 -0.15877799980660087 -0.081738170133844976 11.500000000000002 0.13563027408913039 0.2352176579510257 0.092310119924258374 0.59414677628280654 0.13333683989059544 0.64142857142857157
decision_type=2 10 8 2 8 10 2 10 2 8 2 8 2 2 2 8 10 10 10 2 2 8 2 10 2 10 2 8
left_child=1 2 7 8 -5 9 -6 12 27 -4 -10 -7 -1 20 15 17 -17 -15 19 -16 21 -2 23 -22 -24 -20 -23 -3
right_child=13 3 5 4 6 11 -8 -9 10 -11 -12 -13 -14 14 18 16 -18 -19 25 -21 22 26 24 -25 -26 -27 -28 -29
leaf_value=0.013421325168715807 0.03099086304492582 0.033219439870805924 -0.019757832940371714 -0.04336528739577046 0.015031393066914882 -0.0045577719420346581 -0.0031699156515439799 -0.050766710202673905 0.011803652930824029 0.00029041384948281926 0.0035943520966971098 0.024315314682127543 -0.029648758951870302 0.010406084475765891 0.015204164556261708 -0.025119716114948173 0.022832207572938586 -0.031486284731699524 0.0044135560969789022 -0.0026555248042785104 -0.0011080022009146322 -0.051140293875769204 -0.034541969616738277 -0.0065171410021964008 0.0089896554345639101 0.025767382094489737 -0.017436584902084096 0.011328649018538339
leaf_weight=0.89151171594858192 0.46541994065046222 2.0671651177108283 2.9660955462604761 1.0240620840340877 4.8587969308719066 1.5264182751998294 24.967669274192303 1.2171559995040295 19.189083453267813 137.72451298916712 58.038745000958443 3.9890109933912754 0.89008787460625172 27.083175151608891 3.1855178205296388 2.2641462530009444 0.83434039913117874 0.76888446882367034 13.66812362661585 82.864316946826875 263.65573420422152 0.76854264829307872 0.51920619234442611 43.141110905911773 10.232953677885233 1.9810490021482099 1.8605560162104664 1.3191955275833604
leaf_count=20 12 28 101 23 100 32 569 31 370 3525 1215 42 25 833 65 70 16 10 584 4434 12625 19 12 1448 421 78 122 22
internal_value=9.30326e-05 0.00177782 -3.20718e-05 0.0042005 -0.00163756 0.00048856 -0.000204882 -0.0254158 0.0064347 -0.000132251 0.00563415 0.0163246 -0.00809651 -0.000875815 0.00120281 0.00710151 -0.0122075 0.0092496 -0.000592372 -0.00199437 -0.00173574 -0.0185236 -0.00157214 -0.00186862 0.00688758 0.00711676 -0.0272889 0.0246916
internal_weight=713.963 260.67 149.205 111.465 30.8505 146.206 29.8265 2.99876 80.6142 140.691 77.2278 5.51543 1.7816 453.293 132.65 30.9505 3.09849 27.8521 101.699 86.0498 320.644 3.09452 317.549 306.797 10.7522 15.6492 2.6291 3.38636
internal_count=26852 6103 3776 2327 692 3700 669 76 1635 3626 1585 74 45 20749 6090 929 86 843 5161 4499 14659 153 14506 14073 433 662 141 50
is_linear=0
shrinkage=0.03


Tree=148
num_leaves=25
num_cat=0
split_feature=3 1 16 26 8 24 19 21 18 25 5 7 3 15 17 11 7 1 23 22 1 9 24 25
split_gain=0.901399 3.08616 1.78869 1.70232 1.76391 1.53715 1.42114 2.14212 1.37671 1.28553 0.811617 1.40681 1.59215 1.4483 1.32135 1.19305 1.02951 1.82161 2.2937 1.61729 1.35197 1.60355 0.926085 0.576356
threshold=0.87691984010098889 0.50726588869074996 0.33758591029490964 0.8779723086996355 0.16410687986534822 1.1083383096185606 36.500000000000007 0.5519251470606138 0.90550595238095244 5.5757681729608359 0.051283399957921319 0.54040816326530627 0.81221649484536096 0.17341619887730556 0.41795037923001777 0.15991385072009837 0.10654639175257734 0.16603546116023779 0.58967208300087715 -0.009231506870472082 0.3675260759006565 0.045618556701030939 9.025782924649759 4.3124313452033078
decision_type=2 2 8 10 2 8 10 2 8 10 2 10 2 8 10 8 8 2 2 2 2 8 10 10
left_child=10 3 -3 4 5 -2 8 -8 -5 -6 11 13 15 14 -1 -13 17 19 -19 -12 22 -22 -18 -15
right_child=1 2 -4 6 9 -7 7 -9 -10 -11 16 12 -14 23 -16 -17 20 18 -20 -21 21 -23 -24 -25
leaf_value=-0.044387761417270973 0.00067221113591263253 -0.010036677932333279 -0.055404067251087853 0.021218447505309761 0.0014313005666412816 0.016288244737752724 0.01167774156203788 -0.016421161993898339 -0.0010292003130596104 -0.0067080028770557494 -0.0077378191536360197 0.019134456851305826 -0.040102267513820282 -0.013860712979079391 -0.0057852993714444601 -0.012066083661524377 -0.0010190334249526511 -0.030919434754084905 0.010267991244481267 0.0080218350375357694 0.036633089577103879 0.0045251619172287216 -0.0097854451621744668 -0.00099022969574248513
leaf_weight=1.968125363811857 11.344113926403223 2.1911098342388864 1.2163468226790426 10.785070302896202 60.016319846734405 11.348110169172289 6.7347569530829769 3.830636905040592 3.2600144427269706 24.631892712321132 6.9534322423860422 4.1077430569566777 0.61460933089256276 5.4564874051138741 1.3423546487465499 1.5078992806375024 482.6798703474924 2.8894019722938529 2.1022706795483828 37.286470999009907 1.5480675455182815 14.627448068000374 11.094798132777212 7.3489310489967465
leaf_count=43 292 36 19 177 1542 239 134 121 95 806 260 113 24 337 30 76 20297 67 37 1265 16 254 257 464
internal_value=-0.000247284 0.00195766 -0.0262313 0.0026856 0.001054 0.0084816 0.00980194 0.00149008 0.0160545 -0.000937166 -0.000760514 -0.00636695 0.00573938 -0.0110471 -0.028735 0.0107566 -0.000536469 0.0036064 -0.0135731 0.0055448 -0.000936429 0.00759803 -0.00121601 -0.00647444
internal_weight=716.886 135.358 3.40746 131.951 107.34 22.6922 24.6105 10.5654 14.0451 84.6482 581.528 22.3462 6.23025 16.1159 3.31048 5.61564 559.182 49.2316 4.99167 44.2399 509.95 16.1755 493.775 12.8054
internal_count=27001 3461 55 3406 2879 531 527 255 272 2348 23540 1087 213 874 73 189 22453 1629 104 1525 20824 270 20554 801
is_linear=0
shrinkage=0.03


Tree=149
num_leaves=31
num_cat=0
split_feature=15 22 9 22 16 17 20 16 24 19 10 19 19 10 7 26 15 6 7 16 26 13 9 21 4 17 22 9 3 22
split_gain=1.08138 1.18964 1.86008 1.96643 1.80879 1.75741 1.76131 1.74186 1.3533 2.22231 1.90397 2.06412 1.58977 1.54759 1.17335 1.03251 0.935887 0.857346 1.68672 1.97012 1.10033 0.756183 1.26684 0.739407 0.715421 0.955933 0.696143 0.636441 1.16809 0.508264
threshold=0.57387317577166475 0.0048457235291961978 0.69036082474226812 0.0043343997858190462 0.8385100906111379 0.086559716676530118 0.531439073045057 0.55910636049482798 3.8514565767782387 87.500000000000014 0.35202540872643967 29.500000000000004 79.500000000000014 0.29948453608247427 0.90360824742268053 -0.53246133193449763 0.65496715927750426 0.06030303030303031 0.34182026450067693 1.1480020353343645 2.4263636599627856 -0.21023760128974023 0.025309278350515465 0.54653546014860133 0.8974332000841575 -0.51701702175176112 0.016250461516876941 0.98484536082474239 0.99500000000000011 -0.004082649249790845
decision_type=8 2 8 2 8 10 8 10 10 10 2 8 10 2 8 10 8 2 10 10 10 8 10 2 2 10 2 10 2 2
left_child=1 2 5 4 -4 6 -1 -7 10 12 13 -12 -10 -3 -5 16 24 18 20 -20 -17 22 -19 -23 29 -26 -11 28 -18 -2
right_child=15 8 3 14 -6 7 -8 -9 9 26 11 -13 -14 -15 -16 17 27 21 19 -21 -22 23 -24 -25 25 -27 -28 -29 -30 -31
leaf_value=-0.0036880835104389866 -0.00010712762690822767 0.0030499886861955496 0.0017258894093396542 -0.013787174865642033 -0.006011084466865063 0.015587771768649497 0.0060326951867260403 0.003143309786005806 0.0067400730360133599 0.039125721692235972 0.0044321147689088576 -0.0062596635057613637 -0.020057645346763929 0.016232157198909032 -0.058185347095844907 0.012426648618458732 -0.00243444672223687 -0.018076024119928702 0.0025021707203373537 -0.045299631087041541 0.04533242897343881 0.0022807235984712987 0.010116468120013929 -0.0030814666873534087 -0.0027171878207895238 -0.044695903379904187 0.015150668812515273 -0.024144094166876393 0.016289487727024404 -0.01152220983879609
leaf_weight=52.104967036284506 5.4435349698178479 111.04731240775436 50.380966719705611 1.4124354245141142 59.091939884703606 14.137270021717994 24.741141786798835 35.649213797878474 37.372761785984039 2.3167524957098058 26.015206889715046 43.297308857087046 2.1046256716363123 8.6389429932460171 0.86307976022362698 7.2197503140196222 93.613950586412102 1.6418897937983263 6.9244829239323726 0.87390634976327408 1.0472371857613323 36.321342576760799 11.356168673373757 63.794162904843688 0.85860690614208568 1.1317371930927027 2.0584485325962305 1.1647255453281093 3.0978805348277083 9.8860492203384638
leaf_count=1842 297 2376 1464 46 1516 332 680 1095 712 36 941 1950 51 293 20 145 5439 91 157 28 14 1799 593 4183 33 43 33 30 36 601
internal_value=0.000446761 0.00128658 -0.000203176 -0.00302417 -0.00245042 0.00228625 -0.000558411 0.00667701 0.00281171 0.00755971 0.00171005 -0.0022467 0.00531143 0.00400148 -0.0306269 -0.00117267 -0.00323765 0.000668797 0.00715388 -0.00285461 0.0165951 -0.00025227 0.00655525 -0.00113609 -0.0096657 -0.0265869 0.0278459 -0.00210016 -0.00183468 -0.00746871
internal_weight=715.608 471.232 238.381 111.748 109.473 126.633 76.8461 49.7865 232.851 43.8526 188.999 69.3125 39.4774 119.686 2.27552 244.375 115.196 129.179 16.0654 7.79839 8.26699 113.114 12.9981 100.116 17.3199 1.99034 4.3752 97.8766 96.7118 15.3296
internal_count=26876 13387 6995 3046 2980 3949 2522 1427 6392 832 5560 2891 763 2669 66 13489 6479 7010 344 185 159 6666 684 5982 974 76 69 5505 5475 898
is_linear=0
shrinkage=0.03


Tree=150
num_leaves=28
num_cat=0
split_feature=3 20 15 22 1 1 20 19 11 16 21 20 19 21 11 2 11 13 1 26 24 0 11 10 14 12 24
split_gain=1.64939 1.34611 1.96414 1.74231 2.01831 1.38057 3.10025 1.34565 1.22202 1.27747 1.25051 1.14063 0.976613 0.910143 1.38609 2.46361 1.56769 1.37493 1.35657 0.886569 1.34358 2.31219 1.10262 1.06448 1.69121 1.25742 0.682928
threshold=0.87691984010098889 0.35403733237104257 0.10169816138917263 -0.022409142956610714 0.4184772580975149 0.30024891746999854 0.52258374438982991 10.500000000000002 0.67234065366900009 0.23639466645952237 0.29110918683437376 0.45806319594980921 45.500000000000007 0.26112148090486503 -0.089086918253098432 0.13563027408913039 -0.1760041135816017 1.6407361983286892 0.12039980757835916 -0.38773101908604946 8.3909308317406488 -0.090489001746020467 -0.36456431072711298 0.020513359983168528 0.88341890667472078 -0.8811546383768577 1.7289599559847135
decision_type=2 10 8 2 2 2 10 8 10 8 2 8 10 2 10 2 8 8 2 8 10 2 8 2 10 8 8
left_child=13 8 5 11 -5 7 -7 -3 9 12 -11 -4 -2 14 16 17 18 -16 -1 23 22 -22 -21 24 -15 -25 -18
right_child=1 2 3 4 -6 6 -8 -9 -10 10 -12 -13 -14 19 15 -17 26 -19 -20 20 21 -23 -24 25 -26 -27 -28
leaf_value=-0.0070203941984195405 0.0023307130906198297 0.036674149597525595 0.020215794138311448 -0.0022899072942744038 -0.038900470467660361 -0.030265435810614884 0.017783687640235621 0.010045495179339172 0.032140156039012678 -0.0056798190034736025 0.0099321355838681725 -0.001786528437017042 -0.032979267018969284 -0.020537169796887505 0.0059805776062310176 -0.056056680452342453 0.0073719842411922743 -0.012708676516476492 0.016876875292714685 0.006001220030240239 0.023283420163373824 -0.022827422098368112 -0.00024846890310853967 -0.033396871715914177 0.016276975367512991 -0.001901235961703473 0.033933394936536132
leaf_weight=4.425524549558757 1.6376205114647739 1.9332317821681506 5.1652786112390432 60.388767214026302 1.3863582294434298 2.3032251559197894 2.5428708270192146 14.656670766882602 1.7328317519277323 5.3332900358363977 34.408773300703615 3.5974495778791615 1.2378390505909918 6.081903636455535 14.374438659753652 0.69678857550024886 1.2024638098664571 4.7014760272577432 4.1358812861144543 27.393498364370316 1.2157987048849461 5.0191935217007986 350.34865586692467 1.1493878243491051 1.3774396888911722 153.25079481257126 3.1623142408207059
leaf_count=72 32 20 110 1819 29 36 27 180 18 111 952 99 26 101 436 20 38 111 43 466 23 152 15128 26 16 6850 44
internal_value=0.000182519 0.00315111 0.00108102 -0.00133576 -0.00311152 0.00903371 -0.00505283 0.0131485 0.00744408 0.00643994 0.00783705 0.011183 -0.0128697 -0.00051699 0.00434457 -0.000649468 0.0119838 0.0013744 0.004524 -0.000808227 -2.324e-05 -0.013836 0.000204753 -0.00267044 -0.0137391 -0.0021357 0.0266159
internal_weight=714.86 136.324 91.9739 70.5379 61.7751 21.436 4.8461 16.5899 44.3504 42.6175 39.7421 8.76273 2.87546 578.536 32.6989 19.7727 12.9262 19.0759 8.56141 545.837 383.977 6.23499 377.742 161.86 7.45934 154.4 4.36478
internal_count=26985 3459 2320 2057 1848 263 63 200 1139 1121 1063 209 58 23526 764 567 197 547 115 22762 15769 175 15594 6993 117 6876 82
is_linear=0
shrinkage=0.03


Tree=151
num_leaves=24
num_cat=0
split_feature=22 8 21 21 21 13 4 19 5 3 7 21 12 5 17 4 22 13 22 22 22 4 7
split_gain=1.17299 1.51409 1.53527 1.8301 1.44094 1.40145 1.31727 1.13941 1.9084 1.77098 1.78003 1.25181 1.09478 0.862038 1.24667 1.99222 1.49753 0.807183 1.7131 0.867455 0.720109 0.53815 0.483926
threshold=-0.034215578387739691 0.81221649484536096 0.3783540900531131 0.40307721500944049 0.26112148090486503 0.42667607833818449 0.051283399957921319 -2.4999999999999996 0.8461498001262362 0.60102040816326541 0.95897328003366311 0.45895799138988425 -0.11368840152963498 0.99500000000000011 0.18226904802339181 0.20809278350515467 0.027897649776377143 0.75724994858948758 -0.013327743888595719 0.061963564802523234 0.0086869024188408386 0.31979381443298976 0.31979381443298976
decision_type=2 2 2 2 2 10 2 8 2 2 8 2 8 2 8 2 2 10 2 2 2 2 10
left_child=1 2 21 -4 -3 -5 -6 8 11 10 -10 22 -8 17 15 -15 -16 19 -19 -9 -13 -1 -2
right_child=7 4 3 5 6 -7 12 13 9 -11 -12 20 -14 14 16 -17 -18 18 -20 -21 -22 -23 -24
leaf_value=0.032119091052528428 0.020168077790515781 -0.066474355348641628 -0.048019418538722672 -0.0019074989124250588 0.038284861558279065 0.017856803083490351 -0.01299827865375053 -0.0011287477246412683 -0.05047867263773255 0.019275135293737412 -0.0029424793335237173 -0.0035257284106153214 0.015174475067572961 0.020989467588877264 -0.0073056880757275374 -0.018874542097461817 -0.034162311905047794 -0.015843779594376804 0.0053837166207016882 0.006386016740027145 0.019036991642282612 0.0097555612323050479 0.042584251504480024
leaf_weight=1.6302735591307271 1.9466891326010212 0.19745730608701606 0.72240838501602311 29.638436437118798 1.8624510406516481 3.6236835168674579 1.4820057479664681 574.64747625589371 1.1410594424232834 1.4641750045120714 1.8721662424504755 2.7578930100426078 7.6461164541542512 2.7691485863178951 7.4541262034326774 1.9041108898818491 2.4937163493596017 3.7706141322851172 36.963301770854741 14.165584591217337 2.3646423369646072 2.385430664755404 1.5624262262135742
leaf_count=20 36 3 17 1097 23 109 48 22891 25 21 30 133 221 37 110 41 42 141 1146 386 81 38 18
internal_value=-0.000320069 0.00414848 0.00129253 -0.000780282 0.0138487 0.000245688 0.0152918 -0.000654479 0.00810143 -0.00779153 -0.0209437 0.0163454 0.0106005 -0.000832665 -0.00803393 0.00474695 -0.0140381 -0.000665417 0.00341875 -0.000947959 0.00688958 0.0188346 0.0301488
internal_weight=706.465 49.1883 38.0002 33.9845 11.188 33.2621 10.9906 657.277 13.1091 4.4774 3.01323 8.63165 9.12812 644.168 14.6211 4.67326 9.94784 629.547 40.7339 588.813 5.12254 4.0157 3.50912
internal_count=26714 1576 1281 1223 295 1206 292 25138 344 76 55 268 269 24794 230 78 152 24564 1287 23277 214 58 54
is_linear=0
shrinkage=0.03


Tree=152
num_leaves=17
num_cat=0
split_feature=22 7 22 5 13 17 15 22 3 5 7 15 20 17 6 1
split_gain=0.852667 2.47232 1.70623 1.76135 1.66522 1.12794 1.11852 0.974261 1.60815 2.40874 1.47839 0.74699 1.5683 0.904157 0.725307 0.0529994
threshold=0.11963290435117778 0.7309793814432991 0.070253435957887883 0.96453608247422695 -0.38221158356209289 0.48497913375886981 0.18024908623257077 0.045881732836281747 0.15385019987376397 0.99500000000000011 0.56061224489795924 0.033899387129724214 0.6456734157561711 -0.0097432658865200406 0.29146464646464648 0.0058789880832175795
decision_type=2 10 2 2 8 10 8 2 2 2 8 8 8 10 2 2
left_child=2 6 7 4 -4 -6 -2 11 9 -9 -10 12 -1 -13 -8 -16
right_child=1 -3 3 -5 5 -7 14 8 10 -11 -12 13 -14 -15 15 -17
leaf_value=0.0019110548989377226 0.030113024332256894 -0.054997442364975432 -0.020739220587028644 -0.023396998905056268 0.01426096366964868 0.039097022671920931 0.0089833966136556864 -0.028778280262732315 0.017504346733696208 0.027228695409415197 -0.0061209351309618517 -0.00072918360267525963 0.018415176621930505 0.0015729094474513327 -0.029053616676704849 -0.046231869734884898
leaf_weight=35.429394829086959 0.82465634215623129 0.97146836947649706 0.91422212496399879 1.0652785394340742 5.2065677559003216 2.4063920453190804 0.59868261124938704 4.5744322282262173 3.0335434568114552 0.81410684809088696 11.13055818201974 392.05460836039856 6.0696150325238696 252.39708043402061 0.36255339998751879 0.29169178893789649
leaf_count=474 15 34 26 21 132 42 20 149 118 11 339 16631 83 8844 26 16
internal_value=0.000338796 -0.0154921 0.000406297 0.0129736 0.0175173 0.0221114 0.00298046 0.000235423 -0.00636776 -0.0203167 -0.00106108 0.000423643 0.00432494 0.000172422 -0.0148777 -0.0367125
internal_weight=718.145 3.04905 715.096 9.59246 8.52718 7.61296 2.07758 705.503 19.5526 5.38854 14.1641 685.951 41.499 644.452 1.25293 0.654245
internal_count=26981 111 26870 221 200 174 77 26649 617 160 457 26032 557 25475 62 42
is_linear=0
shrinkage=0.03


Tree=153
num_leaves=27
num_cat=0
split_feature=19 7 5 14 9 14 11 1 3 19 1 3 10 14 14 19 7 7 17 18 17 11 11 2 17 9
split_gain=0.834546 1.79429 2.17543 1.46556 1.61199 2.05158 1.35271 1.20761 1.28622 1.11368 1.00741 1.7086 1.73781 1.62971 1.85174 1.27712 1.24587 1.1799 2.34671 1.06787 0.993636 0.979402 0.964052 0.953544 0.944104 0.628591
threshold=17.500000000000004 0.9794866400168315 0.64142857142857157 0.9648090815273479 0.71067010309278367 0.97385509227614497 0.15151224834415092 0.4184772580975149 0.010256679991584264 6.0000000000000009 0.088723431630921348 0.010050505050505053 0.025309278350515465 0.32515060240963861 0.26471402852790477 40.500000000000007 0.98974332000841592 0.96922996002524731 -0.8332827542554927 0.48863049095607242 -0.46775114017348168 0.67234065366900009 0.4481855032171041 0.015373152050546691 1.3683003078428944 0.89345360824742281
decision_type=8 10 2 10 10 10 10 2 2 8 2 2 2 8 8 10 10 10 10 10 8 10 10 2 10 10
left_child=1 3 -3 7 20 -6 25 8 -1 -9 11 12 -2 14 15 -12 21 24 -19 -16 -5 -15 -18 -14 -13 -4
right_child=10 2 6 4 5 -7 -8 9 -10 -11 13 17 23 16 19 -17 22 18 -20 -21 -22 -23 -24 -25 -26 -27
leaf_value=0.025407141229016911 -0.0014550612291598126 0.020063286644766316 -0.063045401964760661 -0.0021971106022552903 0.020807017564133768 -0.02287487679747564 -0.0083704271263636641 -0.04229144407468248 0.001837316048488853 -0.0022337065152137022 -0.0095249102288608844 -0.0016629238248712416 -0.019017315527550458 0.0041793869276863993 -0.037222244822791406 0.0028878807941812245 0.00186860925114516 0.014159504770114495 -0.0047593191877717978 -0.0050192908146707901 0.023831638976942914 0.016166906488541726 -0.032268410502693724 -0.056913327298076466 0.003052972566277192 -0.028305099312487928
leaf_weight=2.1166255678981534 2.603143689222633 1.1467384323477734 0.90376612171530746 1.6012586345896123 1.7230222439393394 2.2073366828262806 1.7509543746709821 1.0503548821434368 134.17980584828183 1.5411474164575341 10.64700110349804 367.17317538708448 1.2698359657078984 73.112525609321892 2.0946360612288113 24.921544597484171 1.5467236712574952 13.180889057461174 10.683795180171726 1.6621853765100238 7.5139701338484866 6.695775866508483 1.435600973665714 1.128780768252909 42.643456864636391 0.97385903727263212
leaf_count=22 33 20 20 29 24 44 24 21 4714 25 301 16710 23 1947 80 593 23 196 196 48 110 101 19 20 1601 20
internal_value=0.000216038 0.00215152 -0.0159555 0.00272063 0.0123345 -0.00372526 -0.0273384 0.00181761 0.00220335 -0.0184694 -0.000324811 -0.00099567 -0.0184294 0.00208515 -0.00294343 -0.000827734 0.00447371 -0.000794603 0.00568988 -0.0229742 0.0192592 0.00518512 -0.0145639 -0.036851 -0.00117221 -0.0450268
internal_weight=717.508 156.709 4.77532 151.934 13.0456 3.93036 3.62858 138.888 136.296 2.5915 560.799 438.683 5.00176 122.116 39.3254 35.5685 82.7906 433.681 23.8647 3.75682 9.11523 79.8083 2.98232 2.39862 409.817 1.87763
internal_count=26964 5073 84 4989 207 68 64 4782 4736 46 21891 18779 76 3112 1022 894 2090 18703 392 128 139 2048 42 43 18311 40
is_linear=0
shrinkage=0.03


Tree=154
num_leaves=30
num_cat=0
split_feature=6 7 24 19 10 13 19 2 6 15 20 3 7 23 0 13 26 2 2 22 7 15 22 0 22 2 24 2 19
split_gain=1.27274 1.99159 2.55112 2.02343 1.57826 2.11419 1.31077 1.47268 1.88026 1.58927 1.65452 1.47948 1.28139 1.21951 1.73861 1.12438 1.41317 1.08506 1.08172 1.07016 1.70901 1.62574 2.27835 1.48029 1.44888 1.13085 1.0308 0.933643 0.757939
threshold=0.22111111111111112 0.95438144329896912 1.0000000180025095e-35 65.500000000000014 0.578659793814433 0.29439421451689701 7.5000000000000009 0.0074160568632439189 0.30963917525773205 0.14689734422880493 0.46498647081394723 0.96453608247422695 0.94871660004207881 2.7632056913362493 0.43873478704332863 -0.74205270622138642 1.3712071190859028 -0.077889088847829774 0.036951386147547678 0.0048457235291961978 0.15731958762886603 0.14857628004179732 0.00091786588625896858 -0.093956971112073226 -0.00085851017923547167 -0.093912426563071055 5.8849488278853963 0.0037527651567355797 30.500000000000004
decision_type=2 10 8 10 2 8 10 2 2 8 8 2 8 2 2 8 10 2 2 2 8 8 2 2 2 2 10 2 8
left_child=1 13 3 27 17 -6 7 9 18 10 -2 -11 -10 15 28 16 -1 -4 -9 21 25 22 -8 -22 -23 -21 -17 -3 -15
right_child=6 2 4 -5 5 -7 19 8 12 11 -12 -13 -14 14 -16 26 -18 -19 -20 20 23 24 -24 -25 -26 -27 -28 -29 -30
leaf_value=0.011688719640094349 -0.0080211302524765445 -0.013198627751987217 0.0049032408918162915 -0.034900563962015123 0.019069417249501223 -0.02465541456872021 -0.011531603502784767 0.0081858690783532979 0.0036261843200139135 -0.0041302741527819101 0.015978993792176321 -0.048344692460997797 0.014583296147867096 0.009494510039951564 -0.04872120897971631 0.0010399879774568661 -0.012277164132203807 0.025498122715122345 -0.022158781716697915 0.020801904846298444 0.0021653426931993835 -6.673223791420858e-06 0.0055975694943738406 -0.0039036608289286586 -0.0065155949857806572 0.0039744062901102689 -0.0056040295123679423 0.021653361326009958 -0.016251628730895931
leaf_weight=15.069151392206551 3.9126466335728738 1.2488435870036485 3.0080064889043614 1.7660241127014158 2.1797818653285495 1.8314462061971424 38.850170076824725 1.585919284261762 24.654326900374144 34.151851271744817 7.6194973653182396 0.69498083088546891 15.737191240768878 1.8035482140257948 1.0281641865149138 184.73106855899096 2.5958108641207209 9.8146634856238961 3.17187409568578 4.4469216237776008 59.220807791687548 98.54657046822831 8.5214819749817234 92.929128382820636 44.758902935311198 18.74500752100721 23.714148791506886 1.5508572552353141 2.3965212665498252
leaf_count=235 63 29 40 33 23 31 788 52 1047 1818 118 17 461 39 24 4569 41 107 145 102 1737 5795 161 5286 2703 764 598 19 73
internal_value=-0.000329941 0.00137872 0.0101347 -0.00975464 0.0155292 -0.000894463 -0.00127377 0.00193723 0.00579408 -0.00181736 0.00783619 -0.00501208 0.00789525 0.000568761 -0.0137555 0.000899974 0.00816701 0.0206669 -0.012044 -0.00207672 -0.000385109 -0.00363229 -0.00845031 -0.00154144 -0.00203962 0.00720098 0.000284119 0.00610717 -0.005196
internal_weight=710.285 252.738 21.3996 4.56572 16.8339 4.01123 457.547 91.5283 45.1493 46.379 11.5321 34.8468 40.3915 231.338 5.22823 226.11 17.665 12.8227 4.75779 366.019 175.342 190.677 47.3717 152.15 143.305 23.1919 208.445 2.7997 4.20007
internal_count=26918 5861 282 81 201 54 21057 3721 1705 2016 181 1835 1508 5579 136 5443 276 147 197 17336 7889 9447 949 7023 8498 866 5167 48 112
is_linear=0
shrinkage=0.03


Tree=155
num_leaves=20
num_cat=0
split_feature=15 25 11 15 25 11 21 5 22 2 24 19 25 3 6 4 21 23 19
split_gain=1.19702 1.83411 1.6227 1.21688 1.54622 1.19596 1.12716 0.947876 1.39468 0.788611 1.63006 0.758616 0.747253 1.30721 1.7435 1.73756 1.11945 1.25659 0.91787
threshold=0.022857889237199586 2.3291010005283135 -0.33218468557406661 0.023122159850307408 1.2015154241510706 -0.45813639532322975 0.30774399930023483 0.99500000000000011 0.0098251435012990645 -0.012983491348095086 0.65159518228918512 9.5000000000000018 2.3291010005283135 0.040202020202020211 0.20809278350515467 0.7817525773195878 0.44626557900919578 -2.6500399386594693 31.500000000000004
decision_type=8 8 8 8 10 10 2 2 2 2 10 8 8 2 2 2 2 2 10
left_child=1 -1 9 4 -2 -6 -7 11 -9 10 -3 -4 13 15 -15 -5 17 -14 -18
right_child=3 2 7 12 5 6 -8 8 -10 -11 -12 -13 16 14 -16 -17 18 -19 -20
leaf_value=0.027571319031205584 -0.03626249399337126 -0.032188514067111151 -0.0064248601485250014 -0.034704545001684094 0.020903864863493958 -0.035765512370493573 0.0003341609375841303 0.011671090440434491 -0.02473304918718159 0.0082893499444475337 0.0029290773075691915 0.013367716303297363 -0.042181750619320897 -0.014250739703720249 0.0011641440650273396 0.0076804669123465277 0.00049608976379673095 0.0019260335049136987 -0.0022008833806100876
leaf_weight=3.0694023324176696 1.9060054169967759 2.6029067570343614 2.0077771060168725 2.6642802627757187 1.2507700799033044 1.2656632512807848 2.0221138135530055 1.9502632040530437 1.8414367362856863 1.581840395927429 2.1908612977713346 13.208365516737109 0.58322052005678315 8.7926925076171738 26.524852881208062 1.2928991792723534 201.86790452711284 177.07888012984768 259.6545529155992
leaf_count=39 31 41 28 62 16 19 38 28 33 19 25 159 23 226 1111 20 8274 4975 11796
internal_value=-0.000361849 0.00566751 0.00301887 -0.000612326 -0.013587 -0.00406418 -0.0135628 0.00741185 -0.00600856 -0.0100781 -0.016139 0.0107561 -0.000489082 -0.0045056 -0.00267356 -0.0208564 -0.000242287 0.00178124 -0.00102124
internal_weight=713.357 28.4529 25.3835 684.904 6.44455 4.53855 3.28778 19.0078 3.7917 6.37561 4.79377 15.2161 678.459 39.2747 35.3175 3.95718 639.185 177.662 461.522
internal_count=26963 372 333 26591 104 73 57 248 61 85 66 187 26487 1419 1337 82 25068 4998 20070
is_linear=0
shrinkage=0.03


Tree=156
num_leaves=25
num_cat=0
split_feature=22 4 20 15 25 7 10 8 10 2 25 8 24 25 17 20 16 1 7 17 12 18 16 25
split_gain=1.52627 1.23686 1.15539 1.03351 1.03987 1.02809 1.17522 2.4511 1.73903 1.43893 1.80682 1.21043 1.02029 0.986472 0.972744 0.883456 1.37319 1.21152 0.941359 2.33659 1.0009 0.721433 0.674755 0.4767
threshold=-0.034215578387739691 0.041026719966337055 0.41468067460956121 0.2931262392597489 6.6216309937814248 0.96453608247422695 0.56850515463917539 0.6802061855670104 0.7817525773195878 0.043439453653565711 5.9947578283149348 0.025309278350515465 12.387663217994985 5.4465486537485974 1.56784818963538 0.61958624449458022 1.2412026682852682 -0.13299028347391773 0.16747422680412374 0.52524858978993627 0.34865793931925698 0.53033088235294124 0.93379235689064799 7.6176563184216759
decision_type=2 2 8 8 10 10 2 2 2 2 8 2 8 10 10 10 10 2 8 10 10 10 10 10
left_child=1 2 -1 4 13 15 9 12 -9 11 -11 -7 -8 -3 21 18 17 -17 19 -2 -20 -5 -16 -6
right_child=5 3 -4 14 23 6 7 8 -10 10 -12 -13 -14 -15 22 16 -18 -19 20 -21 -22 -23 -24 -25
leaf_value=0.031726370510919082 -0.00090569501711183895 0.0086813463438814836 0.0037707791778234584 0.00024023412976628483 0.037649296904501257 0.019443064799767183 -0.049489296871918123 -0.017987311356392133 0.020419427310399061 0.021478016781171776 -0.0095617856715832263 0.00030730630069944568 -0.001094488273496338 -0.0095305578234233836 0.003314646654069088 -0.012621234014380063 -0.041867747161524825 0.0058540548652732021 -0.0018337019855365953 0.010945919548383483 0.001643827568276184 -0.012704359635740523 0.03373024178381219 0.011376843414474558
leaf_weight=2.9003317668102673 53.336977813392878 17.58118218835444 2.4583615502342582 14.919287625700241 1.4356569806113832 3.3847540970891741 1.3901503547094751 1.7975537730380891 2.5896462607197464 8.7575872307643259 2.0907196262851366 24.57600409630686 0.54608953557908524 3.1575543796643606 1.5658620353788131 3.4785885401070109 0.58667470142245193 39.101219973526895 409.35861335275695 20.814246600493789 91.058293560519814 5.2344172811135641 1.1302768252789972 1.0961344111710785
leaf_count=36 2170 359 39 777 20 42 45 33 37 103 33 400 10 57 67 87 17 1307 17437 589 2953 218 21 26
internal_value=0.000283281 0.00525928 0.0189014 0.00367421 0.00812432 -0.000103161 0.00426782 -0.00772512 0.00468315 0.00622192 0.0154959 0.00262376 -0.0358402 0.00590851 -0.000857818 -0.000422511 0.00371663 0.0043447 -0.000733479 0.00242105 -0.00120091 -0.0031218 0.0160655 0.0262747
internal_weight=714.346 51.4791 5.35869 46.1204 23.2705 662.867 45.1325 6.32344 4.3872 38.8091 10.8483 27.9608 1.93624 20.7387 22.8498 617.735 43.1665 42.5798 574.568 74.1512 500.417 20.1537 2.69614 2.53179
internal_count=26883 1620 75 1545 462 25263 703 125 70 578 136 442 55 416 1083 24560 1411 1394 23149 2759 20390 995 88 46
is_linear=0
shrinkage=0.03


Tree=157
num_leaves=25
num_cat=0
split_feature=6 17 19 23 23 9 18 15 19 12 12 14 2 7 8 18 7 17 12 0 3 22 17 12
split_gain=1.32552 1.43978 1.28589 1.70644 1.21275 1.1738 1.3379 1.26378 1.14779 1.09935 1.05728 0.959425 1.64492 1.47262 0.888846 1.45852 1.92809 1.41577 0.940188 1.06412 1.04699 0.555637 0.552985 0.348863
threshold=0.22111111111111112 2.9874278572051045 -2.4999999999999996 -0.59375126053046112 -1.3388662539383305 0.97469072164948456 0.97014260249554385 0.022599591419816142 52.500000000000007 0.19314990853366948 -0.01071331359955177 0.13293172690763055 -0.034584902359703386 0.025309278350515465 0.85283505154639183 0.28989813242784385 0.96453608247422695 2.5706441666385551 1.1444701919682891 1.7317378010544895 0.94871660004207881 0.010163140253101732 0.048939992274054177 0.14723902938738834
decision_type=2 10 8 2 2 8 8 8 8 8 10 10 2 8 2 8 10 10 10 2 2 2 8 10
left_child=1 5 3 4 -2 11 7 -7 -3 22 -8 12 -1 -13 18 16 -16 -17 20 -20 -4 -11 -5 -6
right_child=2 8 14 9 23 6 10 -9 -10 21 -12 13 -14 -15 15 17 -18 -19 19 -21 -22 -23 -24 -25
leaf_value=-0.0020839168567052041 0.0093639627926066435 0.039909872338361511 -0.0014695718794655458 0.015108093063866084 -0.048431854663759967 -0.029116707753347751 -0.0040668389318385626 7.4844659887760595e-05 0.0030566429651517294 0.017355784792368961 -0.0320149198288847 0.023477361018532594 0.01028299272146478 0.0011715374537700648 0.0046706535645812345 -0.00024130003659179113 0.029514155748002716 -0.040336261620960961 0.012350857501840416 -0.027050271559589365 -0.0086373424522520979 0.039201390625998603 -0.0094883115384415875 -0.015613175830383491
leaf_weight=13.975131871178744 1.1537732956930997 1.6011155527085055 343.36433953931555 1.8002089178189615 0.65745395421981789 1.380960639566182 2.5320788281969726 39.883524387609214 1.4488710332661869 2.3966802111826837 2.347809186205267 2.7093563918024293 31.493392721749842 158.28465040307492 20.96116938395426 54.656974172219634 3.2470762901939443 0.80426347721367974 6.8971196333877733 0.67749875783920277 19.375780883710831 1.8619280541315673 1.5149248708039524 0.52372950315475464
leaf_count=339 30 21 16789 67 29 20 142 881 28 64 80 35 631 3756 613 2452 33 24 222 24 587 32 52 19
internal_value=0.000182543 0.00191433 -0.000780165 0.00991 -0.012512 0.00166694 -0.00265875 -0.000902082 0.022403 0.0168226 -0.0175132 0.00263374 0.00648192 0.00154692 -0.00101556 0.00185902 0.00800294 -0.000822732 -0.001634 0.00882669 -0.00185244 0.026907 0.00386821 -0.0338803
internal_weight=715.55 255.657 459.893 9.9087 2.33496 252.607 46.1444 41.2645 3.04999 7.57374 4.87989 206.463 45.4685 160.994 449.984 79.6695 24.2082 55.4612 370.315 7.57462 362.74 4.25861 3.31513 1.18118
internal_count=26970 5933 21037 293 78 5884 1123 901 49 215 222 4761 970 3791 20744 3122 646 2476 17622 246 17376 96 119 48
is_linear=0
shrinkage=0.03


Tree=158
num_leaves=20
num_cat=0
split_feature=19 23 2 3 26 24 19 21 3 5 18 3 26 9 26 26 11 6 5
split_gain=1.17424 1.39619 1.18718 1.12898 1.23726 1.49826 1.17984 1.01008 1.3947 1.10546 0.980616 1.29293 0.788294 1.22142 0.810279 0.714153 0.393696 0.193941 0.0607565
threshold=-2.4999999999999996 3.7603740099328129 -0.042093358285126052 0.87691984010098889 0.96796091003923812 5.8849488278853963 1.5000000000000002 0.44626557900919578 0.071796759941089847 0.194876919840101 0.43019480519480524 0.1128234799074269 2.5384098951786611 0.87314432989690738 2.1770443138968387 1.3190935611427446 0.048814661901261054 0.69036082474226812 0.81221649484536096
decision_type=8 2 2 2 10 10 8 2 2 2 10 2 10 8 10 10 8 2 2
left_child=7 3 -3 12 6 -6 -5 10 -9 16 -1 -12 14 -14 -2 -11 -10 18 -4
right_child=1 2 17 4 5 -7 -8 8 9 15 11 -13 13 -15 -16 -17 -18 -19 -20
leaf_value=0.033416885803570627 -0.0010173660049241794 0.014143611547693124 -0.036825643068719001 -0.029593718273513793 0.010590434916136843 -0.019977683745968224 0.0011007000448526865 -0.032336152525155107 -0.0028659070704735896 0.013464894588297723 0.028062320332677412 -0.0098202871307405768 -1.3209086583923874e-05 0.020249417747361387 -0.011387436530024433 -0.014907256174102834 -0.038350408554066392 -0.022058461973394384 -0.050839214844681305
leaf_weight=2.2564204847440115 544.0597997168079 0.53986884653568301 0.5287508750334371 1.1386701464653013 21.008035471197221 1.5495241405442346 110.54428173601627 0.95303626824170251 0.52832206571474472 6.6295300740748644 1.5080307982861998 1.7538713086396454 8.2569079333916271 3.9622325561940679 6.8668991569429627 0.90778537280857552 0.60209935158491135 0.52227010112255801 0.58818730339407921
leaf_count=32 22366 21 30 31 441 33 2879 23 34 182 15 32 379 90 271 33 30 29 16
internal_value=-0.000286166 -0.00046505 -0.0244412 -0.000390133 0.00208214 0.00849065 0.000787753 0.00797992 0.00211115 0.00589871 0.0182117 0.00769346 -0.000979463 0.00655724 -0.00114662 0.0100478 -0.0217661 -0.0371491 -0.0442053
internal_weight=714.705 699.565 2.17908 697.386 134.241 22.5576 111.683 15.1391 9.62077 8.66774 5.51832 3.2619 563.146 12.2191 550.927 7.53732 1.13042 1.63921 1.11694
internal_count=26967 26586 96 26490 3384 474 2910 381 302 279 79 47 23106 469 22637 215 64 75 46
is_linear=0
shrinkage=0.03


Tree=159
num_leaves=20
num_cat=0
split_feature=22 22 10 26 13 10 18 17 3 3 5 22 19 17 13 26 0 12 8
split_gain=1.07546 2.4264 1.83976 1.37813 1.4175 1.41636 1.33749 1.1634 1.07913 1.33474 1.66845 1.29609 1.62279 1.59597 1.02158 0.909935 0.84951 0.741893 0.705406
threshold=0.061963564802523234 0.050334554147709716 0.1128234799074269 1.4591654941483065 -0.40839584664671608 0.1743635598569325 0.50531914893617025 -0.080659744061648872 0.12685567010309282 0.81537976015148339 0.98974332000841592 -0.0057978869099695731 61.500000000000007 1.56784818963538 -1.1615736589552075 -1.1824093689912036 0.40517614059883639 0.43668300508657004 0.16410687986534822
decision_type=2 2 2 10 8 2 10 8 2 2 2 2 10 10 8 10 2 10 2
left_child=1 8 7 4 -2 18 17 -3 11 14 -11 12 -1 -13 -10 -7 -8 -4 -6
right_child=3 2 6 -5 5 15 16 -9 9 10 -12 13 -14 -15 -16 -17 -18 -19 -20
leaf_value=0.0012784016226329257 -0.022844637710393089 -0.012313449819486968 -0.01284319768383644 -0.026520221743702846 0.01200667963480396 -0.014008244843028074 -0.0078462638015793611 -0.049288263197389125 -0.012185768435577133 0.0020302136536038584 -0.017686990483754893 0.0030523877875078377 -0.012971060691575824 0.016689567759864021 -0.0014256308670418164 0.010042027909743059 0.025605341527026666 -0.053509566766065518 0.029874342572217147
leaf_weight=29.579896037932485 1.1163592450320718 1.3011933676898477 3.1839701286517088 1.0078563103452314 4.1195424804464 2.1969086853787307 1.2997581078670921 1.8616357361897811 8.1063644406385702 161.79548823134974 3.9569295961409798 79.389088004361838 9.5040521132759732 8.5559396394528431 389.40920468047261 3.9822893021628256 1.4404502371326087 0.46238371171057213 3.8443488776683807
leaf_count=754 35 20 165 30 65 101 52 38 263 4799 74 1948 279 179 17964 138 20 20 55
internal_value=-0.000169274 -0.000346523 -0.0153652 0.00745627 0.00970035 0.0122692 -0.00609864 -0.0340768 -0.000138758 -0.000702051 0.00155951 0.00235898 -0.00218664 0.00437911 -0.00164506 0.00149136 0.0097383 -0.018 0.0206318
internal_weight=716.114 699.846 9.54939 16.2673 15.2594 14.1431 6.38656 3.16283 690.297 563.268 165.752 127.029 39.0839 87.945 397.516 6.1792 2.74021 3.64635 7.96389
internal_count=26999 26575 315 424 394 359 257 58 26260 23100 4873 3160 1033 2127 18227 239 72 185 120
is_linear=0
shrinkage=0.03


Tree=160
num_leaves=25
num_cat=0
split_feature=22 17 23 21 6 11 17 2 21 22 2 25 15 15 19 24 15 24 9 19 18 7 22 17
split_gain=1.08457 1.25479 1.20373 2.28748 1.22857 1.62269 1.5239 1.20629 1.15049 0.832413 1.54943 1.83977 1.8197 1.6569 1.9178 1.2756 1.23015 1.64471 1.57798 1.43987 1.25092 1.13807 1.01847 0.479917
threshold=-0.026435290874880377 3.6409679959055885 1.1030452768360453 0.4770090518794296 0.15731958762886603 -0.13989151864994295 -0.14590059962939425 0.015373152050546691 0.56650329000316135 -0.0057978869099695731 -0.067029571176899644 7.7660958678601153 0.33520599250936334 0.033899387129724214 14.500000000000002 9.8996460303136136 0.43749192819320687 3.2545058596521641 0.99500000000000011 91.500000000000014 0.17817460317460321 0.81537976015148339 -0.00018467199089777287 -0.12630883992032346
decision_type=2 10 2 2 2 10 8 2 2 2 2 10 8 8 10 10 10 8 8 10 8 10 2 10
left_child=1 2 4 7 5 -1 -6 -4 -5 10 11 12 -2 14 -12 -15 17 18 -11 -19 21 -18 -22 -13
right_child=9 -3 3 8 6 -7 -8 -9 -10 16 13 23 -14 15 -16 -17 20 19 -20 -21 22 -23 -24 -25
leaf_value=0.028889606351068062 -0.020976987717743149 0.041502805105328659 -0.0036651176215839131 -0.021761322080009343 -0.0089287098241633469 0.0059829365228578303 0.0064337362690409404 0.029020119097809081 -0.0034817550067164364 -0.0024318656388705845 0.035464665058985101 0.03239793573766718 -0.004144949235861054 -0.0026757361530983822 0.0025849919512926783 0.02062131472476213 -0.0056277340491893537 0.0025074135887822786 0.0047116599288426139 0.014494734915274123 0.0045733509594511647 -0.023578496194246852 -0.0021325098713461357 0.0015626858098029481
leaf_weight=4.2173969512805334 10.53398357564584 0.76797063555568357 1.6399861648678804 4.0820393213070956 7.7423875383101404 8.1848089313134533 23.300352359656248 2.6718628536909819 12.864845847245304 139.17965435050428 2.2542030159384003 1.0674399379640815 12.81017357483506 105.07637741183862 5.4727223021909595 2.1586811393499366 22.312928416300569 143.07821851735935 34.786167201120406 9.6249206191860122 24.226286439225078 3.7067419174127272 128.51047406950966 0.79081805795431037
leaf_count=73 287 11 51 135 358 146 749 53 559 4572 24 30 657 4442 79 36 1293 3650 1014 209 1239 171 7087 29
internal_value=-0.00029809 0.00338107 0.0029286 -0.00292095 0.00579094 0.0137724 0.00260218 0.0165885 -0.0078848 -0.000671207 -0.00271681 -0.00945346 -0.0117404 -0.00123998 0.0121771 -0.00220676 -0.00010392 0.000990915 -0.00100345 0.00326298 -0.00210468 -0.00818499 -0.00106886 0.0192754
internal_weight=711.061 65.4717 64.7037 21.2587 43.4449 12.4022 31.0427 4.31185 16.9469 645.59 140.164 25.2024 23.3442 114.962 7.72693 107.235 505.425 326.669 173.966 152.703 178.756 26.0197 152.737 1.85826
internal_count=26954 2135 2124 798 1326 219 1107 104 694 24819 5584 1003 944 4581 103 4478 19235 9445 5586 3859 9790 1464 8326 59
is_linear=0
shrinkage=0.03


Tree=161
num_leaves=29
num_cat=0
split_feature=0 10 20 20 19 22 2 13 20 23 10 19 2 26 5 1 5 5 26 1 1 22 5 19 6 26 6 6
split_gain=1.14982 1.40304 2.1151 2.49744 1.60478 2.12113 1.83207 1.2886 1.70052 2.11142 1.51268 1.39973 1.73742 1.44413 2.00187 1.3942 1.32328 1.10388 1.08917 1.04985 0.955016 1.13997 1.08274 2.86701 1.01819 0.903017 0.847749 0.751577
threshold=0.30525402732102563 0.070353535353535376 0.28590423681629012 0.23997338047370259 36.500000000000007 0.0085601943825350402 -0.056238768656675424 0.27386265706985613 0.66741181654865878 -1.3388662539383305 0.44164948453608249 14.500000000000002 0.034522767940101527 -0.91210302558937506 0.97469072164948456 -0.28872648995638966 0.91376288659793825 0.60912371134020626 2.8088478733316458 -0.011807629716884248 0.3675260759006565 0.010163140253101732 0.98484536082474239 29.500000000000004 0.99500000000000011 0.93138523679208041 0.31979381443298976 0.54040816326530627
decision_type=2 2 8 10 10 2 2 8 8 2 2 10 2 8 2 2 2 2 10 2 2 2 2 10 2 10 2 2
left_child=1 2 3 19 6 -6 -4 8 10 -10 25 12 16 14 -13 -12 -9 -14 -15 -1 22 -22 24 -24 -3 -2 -5 -11
right_child=7 20 4 26 5 -7 -8 11 9 27 15 13 17 18 -16 -17 -18 -19 -20 -21 21 -23 23 -25 -26 -27 -28 -29
leaf_value=0.025336824074724471 0.017711894617276552 -0.0012854114005222039 0.015165046148774789 -0.056281225603327351 -0.0062028199541171143 0.0067592870790676779 0.0030235841944348221 -0.0050325943052911774 0.036730155107054921 -0.022082109415292015 -0.027655119572189951 0.008123301693132556 0.00097365927707157942 -0.0036361504308303843 -0.041323955935481646 0.0049784756357820013 0.01146452971386378 0.015518137662045592 0.018979533295597904 -0.0081222722025632403 -0.0051739140240907762 0.026728265722655364 -0.043814256641920804 5.8211925809395437e-05 -0.020666548118395196 -0.0029936806974442294 -0.022540232255726895 0.0011587100590425244
leaf_weight=1.3484166329726579 13.662015073001383 377.13853052537888 17.855597514659166 0.89590109977871213 24.94367179274559 20.867425856180489 29.940636346116662 17.38993611140177 0.80119135603308667 4.1886616945266715 1.2084512170404185 17.847705998923633 6.8674949505366412 84.910193193238229 0.7686095517128696 47.148605647031218 5.8474860219284883 14.85590257309377 1.9608072107657779 2.2561917016282669 1.7763771293684829 2.3307787822559476 1.9807828906923521 4.1476059034466743 2.4554625982418647 2.2010879702866069 2.6600470375269651 1.7864097054116426
leaf_count=24 279 18432 256 23 460 292 449 639 21 144 30 529 261 2478 16 1599 90 284 38 48 26 37 40 74 120 50 64 96
internal_value=0.000166099 -0.000643841 0.00251167 -0.0132031 0.00371378 -0.000298447 0.00755936 0.00196047 0.00529185 -0.00900152 0.00680003 0.0003884 0.00482075 -0.00150076 0.00608178 0.00416296 -0.000881243 0.0109201 -0.00312568 0.00439415 -0.00145952 0.0129303 -0.00161274 -0.014122 -0.00141078 0.0148389 -0.0310411 -0.0151336
internal_weight=712.042 490.597 100.768 7.16056 93.6073 45.8111 47.7962 221.445 70.9964 6.77626 64.2202 150.448 44.9608 105.487 18.6163 48.3571 23.2374 21.7234 86.871 3.60461 389.83 4.10716 385.722 6.12839 379.594 15.8631 3.55595 5.97507
internal_count=26899 20345 1616 159 1457 752 705 6554 2219 261 1958 4335 1274 3061 545 1629 729 545 2516 72 18729 63 18666 114 18552 329 87 240
is_linear=0
shrinkage=0.03


Tree=162
num_leaves=25
num_cat=0
split_feature=17 17 3 0 1 20 22 9 20 19 6 0 22 3 17 19 10 11 20 4 20 7 4 0
split_gain=1.52961 2.27556 1.36526 1.22871 1.4618 2.12656 1.67244 1.78311 1.26667 1.07773 1.39611 1.13831 1.11668 1.06615 1.49043 1.83904 1.07706 0.97315 0.897431 1.74104 1.02046 0.89414 0.774646 0.742033
threshold=-0.020562000655997923 -0.049495753207967966 0.071796759941089847 0.81233754360691934 0.30024891746999854 0.42844836160367089 0.023579012081088754 0.041026719966337055 0.56674705215440957 11.500000000000002 0.98484536082474239 -0.68421495272178701 -0.034215578387739691 0.87691984010098889 -0.13611459722938221 59.500000000000007 0.015154639175257735 0.84934748251490799 0.58867372248542682 0.9794866400168315 0.55557944382152968 0.50757731958762897 0.81221649484536096 0.45370352743440207
decision_type=10 10 2 2 2 10 2 10 10 8 2 2 2 2 10 8 2 8 10 2 10 10 2 2
left_child=1 13 -3 9 6 -6 8 -8 -5 10 11 -2 21 18 16 -16 -15 -14 20 -20 -1 -11 23 -4
right_child=3 2 22 4 5 -7 7 -9 -10 12 -12 -13 17 14 15 -17 -18 -19 19 -21 -22 -23 -24 -25
leaf_value=-0.0019631945228920688 0.033225132086489306 -0.060354833487659236 -0.0031149043583074236 0.019362861092492301 -0.046765418608160386 0.006974819673767685 -0.041678240410470371 0.0068997101904129171 -0.0091827500001978087 0.0016699895269794071 -0.026175958378111562 0.0051181751125489554 -0.00051092543911800234 -0.024843286515709273 0.025668642875409237 -0.018088273556310156 0.0013347570151498174 -0.033081581052306387 0.00044955816450207637 0.023460953738341287 -0.0086062155136720116 0.016119825970287993 -0.041454622685830674 -0.03334751822495103
leaf_weight=280.27898987662047 1.3372327452525485 0.66958173457533021 3.3601054237224162 12.756593067664658 0.99215595237910692 1.9957729363813994 0.9699210282415146 2.2755015259608626 1.5713593130931247 9.3608080125413817 1.2504638722166408 42.892421739641577 190.19472245406359 1.4411433758214105 4.3909862926229826 1.0763495871797202 76.544481427408755 0.82919900398701329 43.045677749905735 3.177570365369319 22.480976139195263 6.5515336953103533 0.82342555234208692 0.93369069229811419
leaf_count=12844 14 19 145 213 29 33 30 45 30 314 35 1328 7156 29 82 26 1991 21 1528 53 843 167 39 30
internal_value=-0.000285608 -0.00138368 -0.0200715 0.00147718 0.00852923 -0.0108699 0.0118276 -0.00761821 0.0162322 0.000902731 0.00508417 0.00596796 -1.62586e-05 -0.0011336 0.00191254 0.0170543 0.000850997 -0.000652309 -0.00186203 0.00203145 -0.00245646 0.00761937 -0.0148005 -0.00968902
internal_weight=711.201 438.223 5.7868 272.978 20.5613 2.98793 17.5734 3.24542 14.328 252.416 45.4801 44.2297 206.936 432.436 83.453 5.46734 77.9856 191.024 348.983 46.2232 302.76 15.9123 5.11722 4.2938
internal_count=27044 17629 233 9415 380 62 318 75 243 9035 1377 1342 7658 17396 2128 108 2020 7177 15268 1581 13687 481 214 175
is_linear=0
shrinkage=0.03


Tree=163
num_leaves=25
num_cat=0
split_feature=11 4 26 22 22 9 19 23 1 2 22 9 22 12 1 10 1 11 22 11 21 5 10 16
split_gain=1.55918 1.16964 1.59396 1.68444 1.48779 1.10801 1.07618 1.7983 1.19387 0.887177 0.805482 1.40618 1.0009 1.75662 1.54044 1.2517 0.99863 1.2397 0.831768 1.42447 0.909745 0.826387 0.758842 0.293239
threshold=0.51817452244665685 0.85640648011782039 -0.46344399727260482 0.0057836556745429818 -0.036203384679934301 0.85640648011782039 32.500000000000007 -0.61579122133833231 0.2744824080515143 0.044396326968227311 0.070253435957887883 0.2487113402061856 0.050334554147709716 -0.58161493361029404 0.23694360161139658 0.020513359983168528 0.13530932045100538 -0.066526539275828953 0.039285509639113363 -0.36456431072711298 0.44626557900919578 0.64142857142857157 0.95438144329896912 0.41433669502303166
decision_type=10 2 8 2 2 8 8 2 2 2 2 8 2 10 2 2 2 8 2 10 2 2 2 10
left_child=10 2 3 5 -4 -2 23 -8 -9 -5 12 21 18 15 -15 -14 17 -13 20 -20 -1 -12 -6 -3
right_child=1 6 4 9 22 -7 7 8 -10 -11 11 16 13 14 -16 -17 -18 -19 19 -21 -22 -23 -24 -25
leaf_value=0.0013682093411694757 -0.013223557910039591 0.033319353828016332 0.032351040313548476 -0.010216372519347712 0.0060560980784866384 -0.051446668039135411 0.027691451976291127 0.0097378323473712187 -0.035196423801465711 0.015650845994792221 0.0030790427696260874 -0.0076995032535154334 -0.072384842330868254 -0.006957821588452936 0.030282214693298188 -0.019907863500911015 0.027869430560961344 0.017114920646739435 0.020236534165546015 0.0012591436236448011 -0.0011338775831215271 -0.049172982857060538 -0.017447024967281677 0.017969853569398227
leaf_weight=186.48435255652294 2.0562280900776391 2.2804417684674245 1.9015129720792199 2.4177597407251596 23.251780379563574 1.0216891877353189 1.6375044118613007 1.0034422986209395 1.1330761238932607 2.3562723975628614 0.51775144692510078 3.3114436129108071 0.47601696476340238 6.8292705570347589 1.1711296504363415 2.908917706925422 2.4917274164035916 4.0015304405242205 4.7369341980665949 14.324728138744829 437.87342039775103 0.57486525177955627 1.305785797536372 2.2015374414622784
leaf_count=5336 42 22 18 51 417 23 19 19 23 46 25 107 8 263 19 103 39 115 111 479 19471 23 33 25
internal_value=0.00013645 0.00570284 0.00326346 -0.0086063 0.00678591 -0.0259114 0.0158406 0.00403707 -0.0140925 0.00255066 -0.000219482 0.00786971 -0.000354103 -0.00917138 -0.00150648 -0.0272876 0.0114672 0.00587851 -0.000198081 0.00597514 -0.00038655 -0.0244126 0.00480638 0.0257797
internal_weight=708.269 42.567 34.311 7.85195 26.4591 3.07792 8.256 3.77402 2.13652 4.77403 665.702 10.8973 654.805 11.3853 8.0004 3.38493 9.8047 7.31297 643.419 19.0617 624.358 1.09262 24.5576 4.48198
internal_count=26837 738 630 162 468 65 108 61 42 97 26099 309 25790 393 282 111 261 222 25397 590 24807 48 450 47
is_linear=0
shrinkage=0.03


Tree=164
num_leaves=25
num_cat=0
split_feature=15 18 5 3 11 11 12 0 7 0 10 11 6 23 2 20 9 15 22 13 9 22 25 14
split_gain=1.31759 0.91279 1.73603 1.48535 1.27945 1.00387 1.58447 1.12748 1.02698 1.00575 0.984147 0.941044 0.61749 1.18108 1.17729 0.728946 0.59777 1.14424 0.89028 0.559369 0.522106 0.474375 0.430959 0.399228
threshold=0.57387317577166475 0.05634920634920635 0.9794866400168315 0.79190721649484541 0.11699251358463593 -0.68725332801717964 -0.8811546383768577 -0.50265049347809243 0.9076898800757417 -0.68421495272178701 0.070353535353535376 0.49344254677271598 0.020101010101010106 -0.5373227474211647 -0.012983491348095086 0.19459005876609242 0.40305112985525365 0.65088260016811439 0.015361550554990668 -0.29602571513681658 0.59091836734693881 0.0014235144343431232 7.1849754065782561 0.44224170796797563
decision_type=10 8 2 2 10 8 8 2 10 2 2 8 2 2 2 8 10 10 2 10 10 2 8 8
left_child=1 2 3 11 -5 7 8 9 -7 -3 -8 -1 13 20 -15 19 18 -18 -17 23 -2 -16 -21 -14
right_child=12 5 -4 4 -6 6 10 -9 -10 -11 -12 -13 15 14 21 16 17 -19 -20 22 -22 -23 -24 -25
leaf_value=0.0015344060070056537 -0.012045447547027228 0.01278391410709348 -0.036222900713849197 0.030657175349224068 -0.0052719303544679005 -0.0096522765316093013 0.0032918292374304373 0.026149485444920996 -0.043086271897296927 -0.0086070298804362937 -0.0002610335991906 0.016474492455220233 0.033683829619051343 -0.047420859364296686 -0.024394909542332855 -0.0025637827158063267 -0.0072124272494260792 0.0013372240841206366 -0.010537678143174628 -0.0053391527132511836 0.014372281925382761 0.0087707601410247846 0.026977580277980442 0.00022448560212879606
leaf_weight=23.395697423722595 1.2639118069782855 4.7267675241455427 0.87391972076147695 3.6757347327657035 1.1778560904785988 4.3762104269117117 85.609735248610377 2.718574338592588 1.0194693375378845 3.4019690211862317 389.04818077990785 4.5289541971869793 1.1662985510192811 1.2508256789296868 0.80077897664159425 72.91283059399575 17.750847904011607 68.284388546831906 15.234718853607772 1.7962863226421171 1.440877169370651 0.7532306145876646 0.4681816822849213 0.44279085844755184
leaf_count=639 33 61 19 63 29 82 1309 33 20 54 14198 65 54 34 22 4403 881 3678 911 124 23 19 29 27
internal_value=-3.79327e-05 0.000727592 0.00550731 0.0066199 0.021938 0.000399933 0.000196004 0.00942492 -0.0159694 0.00383156 0.000379764 0.00395746 -0.00222547 -0.0121169 -0.0257569 -0.0019194 -0.00220565 -0.000426746 -0.00394193 0.0109524 0.00202763 -0.00831946 0.00134237 0.0244765
internal_weight=708.119 524.553 33.6522 32.7782 4.85359 490.901 480.054 10.8473 5.39568 8.12874 474.658 27.9247 183.566 5.50962 2.80484 178.056 174.183 86.0352 88.1475 3.87356 2.70479 1.55401 2.26447 1.60909
internal_count=26810 16572 815 796 92 15757 15609 148 102 115 15507 704 10238 131 75 10107 9873 4559 5314 234 56 41 153 81
is_linear=0
shrinkage=0.03


Tree=165
num_leaves=27
num_cat=0
split_feature=6 17 9 10 0 22 1 24 3 0 14 3 23 25 20 10 4 2 23 8 13 2 9 20 9 8
split_gain=1.1506 2.11126 1.41453 1.64754 1.44251 1.43224 1.57644 1.33775 1.46065 1.77401 1.21185 1.12748 1.10128 1.02251 1.23394 1.38923 0.886589 0.836561 1.28534 1.65984 1.19522 1.1151 1.26436 1.18897 0.555625 0.549879
threshold=0.37056701030927841 -0.15681856379970036 0.092310119924258374 0.030770039974752791 0.70077188193829065 -0.0072139406553464597 0.055325973802274941 -0.28304717423150044 0.1128234799074269 -0.25119724164966328 0.08951465201465203 0.9794866400168315 -1.2852997813306131 1.6131761841722139 0.56019429972255075 0.061540079949505583 0.020101010101010106 0.019193928390904641 0.48267215604608288 0.020513359983168528 2.904581245205605 -0.030011224620564585 0.87314432989690738 0.63075218771816388 0.91376288659793825 0.8256364401430677
decision_type=2 8 10 2 2 2 2 8 2 2 8 2 2 8 10 2 2 2 2 2 10 2 10 10 10 2
left_child=1 7 5 24 -5 10 -7 11 9 -9 -3 16 -10 14 15 -2 -1 21 20 -20 -19 22 -15 -23 -4 -17
right_child=13 2 3 4 -6 6 -8 8 12 -11 -12 -13 -14 17 -16 25 -18 18 19 -21 -22 23 -24 -25 -26 -27
leaf_value=-0.042929731791038844 0.03065937558341399 0.028890733111838814 0.014204554451475102 0.0025883927122381046 0.0111338165107516 -0.00056449725617784485 -0.01403661233970954 0.010796941741548379 0.0090958974702625133 -0.026081761645934724 0.0033932327354247614 -0.052865400833161304 -0.00095805033394608758 -0.002357965132000219 -0.030555519677678434 0.0091827892539073173 -0.0068197155048048842 -0.001877207479289251 -0.038126617981347866 0.0050672353075992202 0.036739711845891629 -0.006115243656508027 0.0047641974594022042 0.0069603531422720065 0.034944939300250812 -0.015093130925300983
leaf_weight=0.63194209150970593 2.6004851125180712 2.0591487428173396 4.799594920128583 144.9225228833966 20.264367389492691 30.422367945779115 10.520386121701447 1.6577404048293827 11.336996305268256 4.0225429818965486 9.0544206742197275 0.51628764253109594 72.581607449799776 104.15326955681667 0.63089791312813748 3.3322555487975478 19.334555092733353 100.5462115961127 0.81438169162720342 47.634176966268569 0.72654232289641996 83.91319803474471 28.591372468974441 6.7632372938096514 1.5340518858283756 1.1226995340548453
leaf_count=14 27 36 68 4623 270 959 291 26 306 106 250 15 2009 5117 20 153 873 4588 16 1992 9 4220 723 270 18 56
internal_value=-6.28358e-05 0.00122334 0.00289784 0.00421244 0.00363671 -0.00143364 -0.00402621 -0.00217758 -0.00059636 -0.015319 0.00811747 -0.00909442 0.000400189 -0.0011897 0.00964129 0.0132357 -0.0079626 -0.00141281 0.000322404 0.00434118 -0.00160017 -0.00257563 -0.000823949 -0.00513998 0.019228 0.00306498
internal_weight=714.487 333.659 223.577 171.521 165.187 52.0563 40.9428 110.082 89.5989 5.68028 11.1136 20.4828 83.9186 380.829 7.68634 7.05544 19.9665 373.142 149.721 48.4486 101.273 223.421 132.745 90.6764 6.33365 4.45496
internal_count=27055 9864 6515 4979 4893 1536 1250 3349 2447 132 286 902 2315 17191 256 236 887 16935 6605 2008 4597 10330 5840 4490 86 209
is_linear=0
shrinkage=0.03


Tree=166
num_leaves=22
num_cat=0
split_feature=11 24 7 8 11 25 4 0 24 11 25 6 20 15 8 0 13 24 16 26 2
split_gain=1.03747 0.992705 1.68595 1.40443 0.955954 1.55059 1.96904 1.67891 1.29846 1.00324 3.42704 1.5179 1.0013 0.946262 0.938917 1.73862 0.917807 0.808102 0.78142 0.737474 0.502817
threshold=-0.68725332801717964 -7.4226521474266258 0.59091836734693881 0.071796759941089847 0.51817452244665685 5.7098914083330978 0.74358300021039359 1.7317378010544895 4.5858414946022021 0.4481855032171041 5.6485635514368431 0.48226804123711348 0.60922005292264136 0.62210953346855991 0.9794866400168315 -0.027040412746930805 1.3792627118354486 1.5251736729064633 0.9738916791070914 -0.60062777090990105 -0.0093006522283820402
decision_type=8 10 8 2 10 8 2 2 10 10 10 2 8 10 2 2 10 8 8 10 2
left_child=1 18 -3 19 9 6 7 -6 -8 14 11 -11 13 -7 16 -16 -2 -12 -1 -4 -5
right_child=4 2 3 20 5 12 8 -9 -10 10 17 -13 -14 -15 15 -17 -18 -19 -20 -21 -22
leaf_value=0.033421862294012568 -0.00075489655838878629 0.025778307760648378 -0.0065494288730085972 -0.0050413615804290384 -0.0019120726646113867 0.014678968685889169 0.0055694618976985721 -0.025818544572205598 0.037947962230031988 0.0063710223290531299 -0.024460238475574929 -0.018277541613268271 -0.013326967233615089 -0.0074581443769712319 -0.015145910348083429 0.0073418094327261513 0.0077499923827007971 -0.060512033292138522 0.0088621448064974979 -0.039186273007084695 0.02391320287444211
leaf_weight=2.0368555579334497 600.64071946591139 1.8232675809413175 1.1946405824273822 1.0772977448068561 12.282995864283295 16.116756040137268 5.3411722481250754 3.3690323708578935 1.4086899831891058 6.9631856037303788 1.1151597453281272 3.3209429746493697 1.4859993485733856 1.9478877489455033 3.4914106009528068 27.201522371266037 11.641074910294263 1.1231526136398318 2.7269054837524891 1.3025069711729886 1.0818380471318958
leaf_count=23 24799 28 21 28 251 239 89 68 11 102 40 111 28 53 64 523 391 21 34 26 16
internal_value=-7.35934e-05 0.00896685 0.00132344 -0.00825238 -0.000219331 0.00417092 -0.00121709 -0.00705784 0.0123268 -0.000500312 -0.00891019 -0.00158847 0.0103447 0.012292 -0.000336523 0.00478377 -0.000593196 -0.0425505 0.0193632 -0.0235727 0.00946636
internal_weight=708.693 11.2433 6.47955 4.65628 697.45 41.9525 22.4019 15.652 6.74986 655.497 12.5224 10.2841 19.5506 18.0646 642.975 30.6929 612.282 2.23831 4.76376 2.49715 2.15914
internal_count=26966 176 119 91 26790 739 419 319 100 26051 274 213 320 292 25777 587 25190 61 57 47 44
is_linear=0
shrinkage=0.03


Tree=167
num_leaves=27
num_cat=0
split_feature=15 2 1 17 4 12 17 11 17 15 2 17 8 13 13 9 17 23 19 12 23 19 18 11 11 11
split_gain=1.09798 1.21306 1.58826 2.03335 1.54268 1.13642 1.34025 1.13154 1.08382 1.08093 0.981902 2.98177 1.32135 1.13529 1.09402 0.978747 0.831225 1.89162 0.805734 0.794217 0.722202 2.26861 1.35272 0.700142 0.405568 0.372915
threshold=0.14689734422880493 0.030732801053780959 -0.2471291784053741 0.93344386486511832 0.015154639175257735 -0.31656972448260889 -0.17657755996080793 0.062064375707413084 2.0451042853736374 0.14857628004179732 0.11571416280078113 0.11771866334281557 0.14359351988217969 0.8201746482953981 0.98050512890088526 0.99500000000000011 2.3011108454812521 1.0568232617178419 -1.0000000180025095e-35 1.5487433799082624 -0.078943359275636421 113.50000000000001 0.084219858156028379 0.31600528376412212 -0.051055772732977893 0.36922909099715367
decision_type=8 2 2 10 2 8 10 8 10 8 2 8 2 8 8 10 10 2 8 10 2 8 8 8 10 8
left_child=10 2 3 4 -2 6 7 -3 -8 -4 19 12 -12 -14 -13 -11 18 -18 -7 20 22 -22 -1 -16 -21 -5
right_child=1 5 9 25 -6 16 8 -9 -10 15 11 14 13 -15 23 -17 17 -19 -20 24 21 -23 -24 -25 -26 -27
leaf_value=0.014843763531331365 0.036896186603915561 -0.029329194166711856 -0.027285488354905536 -0.056526561780096213 -0.011340723100293585 0.013616728666438734 0.023634271608664419 0.022626873608040207 -0.010374012161936005 -0.0015328097969078008 0.003128157933854249 0.025570094892548283 -0.05966802116533837 -0.022522397257207512 -0.019657392146263525 0.012371509135935705 -0.00018917974568501738 -0.047442044380285694 0.0006861059465498641 -0.0030135055326177612 -0.00076229939721043536 0.017761554561521779 0.0031521565507753582 0.011023026985282233 -0.031628029842356117 -0.026379031953704269
leaf_weight=9.9365176176652295 0.64425079897045989 1.1103756986558433 1.451100886799394 0.96189493220299371 8.0851634135469777 4.4546749535948038 5.466516890563069 0.57139496505260479 0.99724796134978522 321.07606628863141 1.1749818194657544 2.0761640667915344 1.0546551495790484 2.4861040459945798 1.2652720632031558 4.6219016956165424 2.794231365434825 1.0485938880592582 164.2683647479862 0.87745838612318039 81.168240238912404 6.4210220463573924 85.908004630357027 1.4215443134307864 0.90617610048502573 0.59937720093876123
leaf_count=154 6 38 39 34 211 134 130 16 36 15619 19 29 24 49 25 71 120 48 7227 14 1406 104 1444 19 26 15
internal_value=-3.16591e-05 -0.000753382 -0.00181564 -0.0134204 -0.00778073 0.00123015 0.0121802 -0.0116767 0.0183874 -0.0014506 0.00188909 -0.00752857 -0.0244387 -0.0335866 0.00921387 -0.0013355 0.000713279 -0.0130831 0.0010275 0.00237105 0.00256476 0.000595653 0.00436426 -0.00342496 -0.0175511 -0.0449528
internal_weight=712.847 518.151 337.44 10.2907 8.72941 180.711 8.14554 1.68177 6.46376 327.149 194.696 9.47872 4.71574 3.54076 4.76298 325.698 172.566 3.84283 168.723 185.217 183.434 87.5893 95.8445 2.68682 1.78363 1.56127
internal_count=27057 23744 15995 266 217 7749 220 54 166 15729 3313 165 92 73 73 15690 7529 168 7361 3148 3108 1510 1598 44 40 49
is_linear=0
shrinkage=0.03


Tree=168
num_leaves=19
num_cat=0
split_feature=26 17 17 14 3 19 26 0 1 20 25 3 9 22 9 8 3 16
split_gain=1.1654 0.998287 1.55076 1.29633 1.23044 1.20656 1.41328 1.36683 1.2356 1.18509 1.0658 0.98536 2.07323 1.07378 0.945727 0.263932 0.352202 0.166676
threshold=-3.5227533237621045 -0.020562000655997923 -0.049495753207967966 0.99438202247191021 0.071796759941089847 11.500000000000002 -2.8340183265580996 1.0000000180025095e-35 -0.61288218560038465 0.61958624449458022 4.3284356139311324 0.045618556701030939 0.73332632021880928 -0.055812115025002905 0.96453608247422695 0.84268041237113411 0.63132653061224497 0.8217135546308022
decision_type=8 10 10 10 2 8 10 2 2 10 10 2 8 2 8 2 2 10
left_child=15 2 3 9 -4 6 7 -3 -8 -2 -5 12 -7 -13 -6 16 17 -1
right_child=1 5 4 10 14 11 8 -9 -10 -11 -12 13 -14 -15 -16 -17 -18 -19
leaf_value=-0.01899332748088409 -0.0010209299648204361 0.024559888021708665 -0.052852470188342299 -0.00566717244548718 -0.0040153527303106364 0.019737582085287718 0.035090818379598841 0.0046214808070327643 0.0022404675941444041 0.0050415142324191104 0.013002536708116918 0.010728876342147583 -0.00019353340171195232 -0.00015152589967247249 -0.035270914606199619 -0.045307094074625326 0.0034246876080385211 -0.048281935948154803
leaf_weight=0.44271982368081786 384.95420713489875 6.3522121543064696 0.70750486478209396 3.6418589875102034 4.0856642122380435 7.5019551720470217 1.0603321306407441 6.0336081832647324 36.603500986471772 31.386129866354167 11.262497521936892 8.5132695375941676 12.562768085859714 198.5993710802868 1.1074324180372057 0.42966791754588496 0.43907675240188837 0.2890406996011734
leaf_count=26 16038 135 20 95 175 124 14 200 1059 1004 153 221 252 7379 43 15 22 15
internal_value=0.000374082 0.000431372 -0.000461711 -0.0002527 -0.0157372 0.00183963 0.0060562 0.0148471 0.00316529 -0.000563908 0.00844062 0.000910672 0.00725847 0.000295708 -0.0106806 -0.0251967 -0.0178167 -0.0305621
internal_weight=715.973 714.372 437.145 431.245 5.9006 277.227 50.0497 12.3858 37.6638 416.34 14.9044 227.177 20.0647 207.113 5.1931 1.60051 1.17084 0.731761
internal_count=26990 26912 17528 17290 238 9384 1408 335 1073 17042 248 7976 376 7600 218 78 63 41
is_linear=0
shrinkage=0.03


Tree=169
num_leaves=20
num_cat=0
split_feature=6 17 9 9 7 2 10 26 23 19 23 5 3 22 23 23 22 18 20
split_gain=0.963728 1.81217 1.44639 1.06934 1.59798 1.19048 1.03877 1.94491 1.83533 1.32837 1.17327 2.50331 1.55154 0.854867 0.85275 0.850078 0.818572 0.641001 0.513838
threshold=0.22840206185567014 3.217401925128224 0.010050505050505053 0.030770039974752791 0.99500000000000011 -0.0086026076170310582 0.070353535353535376 1.9152218273388917 -2.3628106051995066 74.500000000000014 0.44377628088830712 0.98974332000841592 0.051283399957921319 0.061963564802523234 0.81627874552219915 0.32219532667926321 0.084659656608782205 0.05634920634920635 0.41330901234125983
decision_type=2 10 8 10 8 2 2 10 2 10 2 2 2 2 2 2 2 10 10
left_child=1 2 -1 4 -4 -5 7 8 -2 -10 13 12 -12 15 -13 -8 -15 -9 -3
right_child=6 18 3 5 -6 -7 10 17 9 -11 11 14 -14 16 -16 -17 -18 -19 -20
leaf_value=0.023674322566498984 0.031588818839256981 0.012904251746747324 -0.0023209134526790704 -0.00098746224081826283 -0.026881770617189122 0.0035526217611686998 -0.0028508272554690645 -0.0098888167214475145 0.0034057366402794852 -0.0069821881071508805 0.016230466918024936 -0.005830765937923788 0.00042318217061220424 0.020360916003532889 -0.043414111694141042 -0.010611787417384187 -0.0061718393857808874 -0.043565143559173007 0.038242626995584825
leaf_weight=2.4762273486703625 1.901048614643513 1.5425355313345783 36.514765050727874 95.571580144111067 2.5506536383181801 113.96249433327466 231.5070328223519 0.98825958091765587 70.787287998944521 13.134900824166833 5.8929654662497333 0.84656015504151527 108.15106305945665 2.6946475198492399 1.5169689920730887 13.439308909233658 1.7109529506415126 1.0482625328004358 1.3512878678739069
leaf_count=28 22 27 992 2333 57 2527 12618 21 1095 231 159 17 5831 86 34 716 73 28 13
internal_value=-0.000348096 0.00113157 0.000859508 0.000632256 -0.00392454 0.00148182 -0.00117652 0.00175261 0.00244018 0.00177989 -0.00188013 0.000606655 0.00123999 -0.00304107 -0.0299526 -0.00327664 0.0100567 -0.0272231 0.0247362
internal_weight=707.589 253.97 251.076 248.599 39.0654 209.534 453.619 87.8598 85.8232 83.9222 365.759 116.408 114.044 249.352 2.36353 244.946 4.4056 2.03652 2.89382
internal_count=26908 5977 5937 5909 1049 4860 20931 1397 1348 1326 19534 6041 5990 13493 51 13334 159 49 40
is_linear=0
shrinkage=0.03


Tree=170
num_leaves=25
num_cat=0
split_feature=8 22 4 22 11 21 15 20 4 1 19 25 2 21 11 17 6 9 22 21 20 15 26 4
split_gain=1.20492 1.66764 1.91807 1.72253 1.53053 1.45206 1.19259 1.19041 2.20593 1.086 0.959438 1.48745 1.08852 0.933599 0.895226 0.838608 1.42197 1.59301 0.769104 1.93019 1.40821 0.522129 0.598314 0.452402
threshold=0.85283505154639183 -0.020827287967921677 0.92391752577319608 -0.018341872695490022 0.12048163004222802 0.5974517531445166 0.74137475214805038 0.34198572415674761 0.90360824742268053 -0.057257006581151425 113.50000000000001 5.9176823414067714 0.10134084972554099 0.58898729316633336 -0.29432626729255412 3.217401925128224 0.22111111111111112 0.85283505154639183 0.0029527222497090942 0.26112148090486503 0.64066242066251455 0.079098569969356505 1.5658790387446873 0.71067010309278367
decision_type=2 2 2 2 10 2 10 8 2 2 10 10 2 2 8 10 2 8 2 2 8 8 10 2
left_child=10 2 6 5 -4 -3 14 9 -9 -5 15 12 13 -12 -2 18 -17 -18 20 -20 -1 -13 -23 -8
right_child=1 3 4 7 -6 -7 23 8 -10 -11 11 21 -14 -15 -16 16 17 -19 19 -21 -22 22 -24 -25
leaf_value=-0.0012163269875635409 -0.00586506001398067 -0.054468905735504627 -0.041350945381812054 0.016041788116419514 0.0090114767845563375 0.0021833823289708655 0.0027830889866856919 -0.0020179583062449762 0.010609824509420607 0.0033008789022628197 0.014492782667993379 0.040155539156598627 -0.041460388163155421 -0.014360511123844719 0.020549057295278915 0.031837180260160608 -0.015152309785045025 0.037092399986384632 0.011525391445761091 -0.00022616486458807295 -0.0086773015579860741 0.0052032913386057984 0.045470758618146402 -0.029447785247362815
leaf_weight=234.91928718378767 1.2749030971899626 0.90919372811913379 1.0395797137171023 8.5932631138712186 1.1371455173939464 0.73746184539049864 1.1309491009451438 74.471197616774589 14.949662724044172 20.115040180739015 2.8837534687481803 1.3422499224543574 0.52058718819171179 1.5527133932337163 12.257164860144259 1.9190997891128052 2.0534440348856156 0.70580490026623 13.165406984277068 282.48692244617268 25.211156332399696 1.3208224275149403 0.44364038947969664 0.59981669113039959
leaf_count=9659 25 31 29 243 19 31 68 2290 310 785 117 14 22 91 271 24 89 16 327 11291 993 66 10 31
internal_value=0.000113603 0.0026368 0.0113042 0.00137481 -0.0150411 -0.0290969 0.0150614 0.00179957 9.31944e-05 0.00711462 -0.000495379 0.00977907 -0.000421196 0.00439446 0.0180605 -0.000643205 0.0120052 -0.00178832 -0.000749674 0.000297132 -0.00193942 0.0260546 0.0153278 -0.00838689
internal_weight=705.74 137.215 17.4396 119.776 2.17673 1.64666 15.2628 118.129 89.4209 28.7083 568.525 8.06377 4.95705 4.43647 13.5321 560.461 4.67835 2.75925 555.783 295.652 260.13 3.10671 1.76446 1.73077
internal_count=26852 4133 443 3690 48 62 395 3628 2600 1028 22719 320 230 208 296 22399 129 105 22270 11618 10652 90 76 99
is_linear=0
shrinkage=0.03


Tree=171
num_leaves=28
num_cat=0
split_feature=6 9 22 7 1 8 9 25 25 20 1 10 8 18 21 18 7 21 7 12 23 21 1 15 21 9 2
split_gain=0.951892 1.18952 1.34369 1.66464 1.86444 1.13977 1.12143 1.28165 2.22074 1.37364 1.24978 1.18638 1.08176 2.08065 1.54438 1.12839 1.04823 1.41321 1.36718 0.999755 0.957094 1.33423 1.54228 1.32579 1.25131 1.38111 1.24719
threshold=0.22111111111111112 0.092310119924258374 -0.0072139406553464597 0.50757731958762897 0.22419140708724619 0.3401030927835052 0.18778350515463921 4.5794394845329274 4.738536065569428 0.28590423681629012 0.12039980757835916 0.096391752577319606 0.015154639175257735 0.29478609625668456 0.27793448174892382 0.16472868217054268 0.95438144329896912 0.39930636303307671 0.55051020408163276 0.27102688484821524 -0.57176767567764586 0.58405723867279835 -0.2471291784053741 0.43749192819320687 0.45342618400317647 0.51773195876288669 0.10578519884546504
decision_type=2 10 2 8 2 2 10 10 10 10 2 2 2 10 2 8 10 2 8 8 2 2 2 10 2 8 2
left_child=1 2 3 5 -5 -1 10 9 -9 -8 11 -3 13 14 -2 -16 18 -18 -4 -12 21 22 -14 -23 26 -26 -22
right_child=12 6 16 4 -6 -7 7 8 -10 -11 19 -13 20 -15 15 -17 17 -19 -20 -21 24 23 -24 -25 25 -27 -28
leaf_value=0.0075124998200422465 -0.024103250145321654 0.026291863664779053 -0.00082210883334224525 0.019757035116458682 -0.020230273184969862 -0.027860161942017674 0.013195866787278496 -0.022386909397409574 0.0006731216080567234 0.0029160004467724721 0.032758311946373526 0.001116073993099724 -0.022922100083187995 0.029427951375027989 0.023346746452496736 -0.010025114943493969 -0.010816070353548129 0.025941215456066799 -0.01181467670856926 0.0026065265253516438 0.0018307179072404231 0.003493074900553725 -0.0046267869740824405 -0.0046362568119826843 -0.0045867648927335044 0.00053337687717863237 0.01358647107734489
leaf_weight=1.5404715323820686 1.7997659938409905 1.9985706182196761 21.215222956612706 7.1286544809117913 1.2305634189397094 1.7524908827617762 14.683093778789042 3.9018023354001334 102.37509277276695 57.559319328516722 3.1602908279746762 10.723674102686344 4.39604921452701 3.0987616898491979 2.225742351263762 1.5447772722691295 1.6403576675802463 2.2091864664107561 19.581587924156338 1.4409933360293505 75.873481345828623 41.732859279960394 73.176253926940262 31.823782140389085 72.206684925593436 138.08897457271814 9.0959292985498887
leaf_count=45 29 29 579 134 23 56 296 99 2461 1245 39 300 94 35 28 28 28 25 508 29 2492 1816 2966 2385 4440 6417 231
internal_value=4.60296e-05 0.00152465 -0.00231853 0.00675363 0.0138705 -0.0113126 0.00262944 0.00192226 -0.000173494 0.00500536 0.00991694 0.005071 -0.000773244 0.00972278 -0.00123924 0.00967434 -0.00468626 0.0102783 -0.0060983 0.0233156 -0.000977078 -0.00291873 -0.00566359 -2.40253e-05 1.67406e-05 -0.00122466 0.00308916
internal_weight=707.204 252.141 56.2985 11.6522 8.35922 3.29296 195.843 178.519 106.277 72.2424 17.3235 12.7222 455.063 8.66905 5.57029 3.77052 44.6464 3.84954 40.7968 4.60128 446.394 151.129 77.5723 73.5566 295.265 210.296 84.9694
internal_count=26857 5896 1398 258 157 101 4498 4101 2560 1541 397 329 20961 120 85 56 1140 53 1087 68 20841 7261 3060 4201 13580 10857 2723
is_linear=0
shrinkage=0.03


Tree=172
num_leaves=26
num_cat=0
split_feature=21 19 2 2 25 5 5 7 9 2 5 14 5 16 16 16 17 9 18 0 15 21 16 23 17
split_gain=1.09586 1.14017 1.19134 1.19853 1.04495 1.95647 1.20998 0.813753 0.775855 1.22069 1.56578 2.1954 1.87819 1.19265 1.33279 1.12838 1.5273 1.28324 1.1904 1.08058 0.99756 0.803844 0.694413 0.616595 0.425102
threshold=0.41849009300294482 116.50000000000001 0.10358726507560373 0.11571416280078113 2.3291010005283135 0.12685567010309282 0.070353535353535376 0.85640648011782039 0.90360824742268053 -0.13572484857649028 0.94422680412371141 0.53105709876543228 0.87314432989690738 0.51817428903674889 0.28370044366438113 0.76628091998118963 3.217401925128224 0.91376288659793825 0.20991432068543456 0.30949673774693603 0.022857889237199586 0.61676417885004375 0.9520899273394442 -0.36067156892059166 1.1772911765015823
decision_type=2 10 2 2 8 2 2 10 8 2 2 8 2 8 10 8 10 8 10 2 10 2 8 2 8
left_child=1 2 4 23 5 -1 -6 -5 9 10 12 -12 -2 14 -11 17 18 21 -17 -15 -19 -10 -3 -4 -24
right_child=8 22 3 7 6 -7 -8 -9 15 13 11 -13 -14 19 -16 16 -18 20 -20 -21 -22 -23 24 -25 -26
leaf_value=0.016272715540083155 -0.012013484577342083 0.030033987557436994 0.0033229833808575428 0.001443775050586263 -0.0074135803305771285 -0.01319984229949334 0.0026084104054539215 0.024961145730176753 0.038518010173192035 0.0015844834789577569 -0.063169825537078506 -0.0046703658666172225 0.026878239066204037 -0.0012395038592573886 -0.0079373143264439127 0.0019696502485963998 0.042208794094039374 0.017939177855113737 -0.0043997502584078247 0.0030014764968736203 0.0024498068845823467 0.0050778692758378713 -0.018322714453219573 0.029139490972657042 0.019040091356846492
leaf_weight=2.5415883716195813 6.3087636167183501 2.1022842191159721 1.1038702223449943 10.05652528721839 11.807591795921324 10.014501722529529 132.58903340622783 1.5250214962288726 1.5960066532716148 19.566396129317582 1.1306469766423108 1.1798716522753236 1.3581320056691764 227.64067128580064 40.855223808437586 59.097633727826178 0.74563954956829448 4.0653562829829744 47.742027226835489 70.915640120860189 47.059964064974338 1.0879913275130091 0.54159557446837381 3.3884206558577743 0.5548315364867451
leaf_count=55 342 25 27 257 444 272 3438 21 23 588 24 19 22 11503 1805 1975 9 51 1447 2646 1731 47 15 55 26
internal_value=0.000142208 0.0021918 0.0018637 0.00964242 0.00106707 -0.00723404 0.00178889 0.00454047 -0.000538832 -0.00129774 -0.0116482 -0.0332969 -0.00512411 -0.00101006 -0.00485386 0.00119606 -0.000577949 0.00474298 -0.00087656 -0.00023215 0.00368148 0.0249626 0.0199394 0.0227957 0.000584209
internal_weight=706.575 176.225 173.027 16.0738 156.953 12.5561 144.397 11.5815 530.35 368.955 9.97741 2.31052 7.6669 358.978 60.4216 161.395 107.585 53.8093 106.84 298.556 51.1253 2.684 3.19871 4.49229 1.09643
internal_count=26867 4635 4569 360 4209 327 3882 278 22232 16949 407 43 364 16542 2393 5283 3431 1852 3422 14149 1782 70 66 82 41
is_linear=0
shrinkage=0.03


Tree=173
num_leaves=26
num_cat=0
split_feature=18 10 17 3 1 12 23 23 10 19 6 5 5 13 15 0 18 19 17 3 23 2 13 20 19
split_gain=1.08005 1.30375 2.13008 1.36793 1.43868 1.3628 1.74111 1.34647 1.29896 1.20485 1.04672 1.04646 1.01911 1.85867 1.46957 1.31285 2.39215 1.2951 1.2071 1.10349 0.952865 1.26436 1.10201 0.949706 0.608768
threshold=0.080540540540540564 0.090454545454545468 -0.67282978909125235 0.06592783505154641 0.3675260759006565 -0.34484549521653646 0.46907994377451195 -1.1508912730972622 0.7309793814432991 45.500000000000007 0.8461498001262362 0.9794866400168315 0.8461498001262362 -1.1615736589552075 0.011561079925153704 0.56679315351952886 0.18301435406698566 -2.4999999999999996 2.9874278572051045 0.6294329896907217 2.2853744795093762 -0.061051216721642827 0.75724994858948758 0.49401838077253235 18.500000000000004
decision_type=8 2 10 2 2 8 2 2 2 8 2 2 2 8 8 2 8 8 10 2 2 2 10 8 8
left_child=1 2 7 8 11 6 -4 -1 10 -9 -3 -5 14 15 19 16 -14 23 -19 -2 22 -22 -15 -16 -7
right_child=12 3 5 4 -6 24 -8 9 -10 -11 -12 -13 13 20 17 -17 -18 18 -20 -21 21 -23 -24 -25 -26
leaf_value=-0.029830599693185054 0.026114404989662086 0.024074765971333224 -0.027405210174894116 -0.0022513391192075091 0.022962754971849911 0.039561350803012416 0.027394469144294498 -0.020004497863168505 -0.011362738024297008 0.014775970387778198 -0.0094545669887610879 -0.041553649957438793 0.028325016716877215 0.0010013808734491559 0.015999717608675103 -0.034142773852638024 -0.015498623723014434 -0.0016890862997647697 0.013411593123236497 -0.0035862415094235537 0.037273262809010173 0.0066068974518078902 0.010556439767715965 -0.0061957995105174747 0.020742065649738874
leaf_weight=1.2857976574450729 3.0866029225289813 5.2339752367697647 1.0742302602156999 30.699082519859079 2.0410584062337866 2.2778685707598916 1.0147036798298357 1.2454486377537244 1.6314634932205079 3.1985217155888672 0.99768839590251435 0.62207352742552657 1.4362164242193083 161.30134882358834 6.4827937623485896 1.9113762956112621 5.1080666212365031 445.93061320018023 4.815695878583937 1.7722896412014959 1.4727021632716057 6.7834225669503194 11.647685502190141 2.3690377930179247 4.8213834250345817
leaf_count=24 34 113 29 1319 29 20 19 25 34 51 32 15 21 3390 194 27 96 20957 156 22 22 126 190 84 69
internal_value=-3.16503e-05 0.00396148 0.0115612 0.00121141 -0.00144161 0.0205132 -0.000786161 -0.00279408 0.0124678 0.00502854 0.0187067 -0.00303193 -0.000374383 0.00147867 -0.00113107 -0.0122695 -0.00588103 -0.00130458 -0.00152775 0.015281 0.0021202 0.0120771 0.00164489 0.0100595 0.0267804
internal_weight=710.261 56.1433 14.918 41.2253 33.3622 9.18819 2.08893 5.72977 7.86313 4.44397 6.23166 31.3212 654.118 189.661 464.457 8.45566 6.54428 459.598 450.746 4.85889 181.205 8.25612 172.949 8.85183 7.09925
internal_count=27098 1779 237 1542 1363 137 48 100 179 76 145 1334 25319 3872 21447 144 117 21391 21113 56 3728 148 3580 278 89
is_linear=0
shrinkage=0.03


Tree=174
num_leaves=25
num_cat=0
split_feature=19 16 20 19 16 15 24 17 9 2 20 11 16 0 19 9 9 13 16 26 7 13 17 7
split_gain=1.15997 1.60244 1.19174 0.997965 1.50973 0.981179 1.42729 1.53442 3.5065 1.63682 1.08844 1.14875 1.10151 1.06331 0.889712 1.89758 1.06574 0.848976 0.65485 0.60025 0.529488 0.379741 0.326161 0.317519
threshold=113.50000000000001 0.36970491856383886 0.31590372434577713 123.50000000000001 0.59124343319075734 0.44885703215807832 4.0239563869804345 -2.3859075363814286 0.18778350515463921 -0.080308540144551119 0.33329614576748479 0.33062291593932619 0.13487526616798098 1.3170028913953349 11.500000000000002 0.27136363636363642 0.35025773195876292 -0.51639625185385085 0.87501893778181949 -0.88538773985294228 0.8871765200925732 -0.057361458538243808 -0.31262054012567647 0.64974226804123725
decision_type=10 10 10 10 10 8 10 8 10 2 8 10 8 2 10 10 10 8 10 8 8 10 10 10
left_child=5 19 18 23 -5 6 14 8 -8 -9 11 17 22 -14 15 -1 -16 -7 -3 -2 -13 -21 -12 -4
right_child=1 2 3 4 -6 10 7 9 -10 -11 12 20 13 -15 16 -17 -18 -19 -20 21 -22 -23 -24 -25
leaf_value=0.0093391495706692876 -0.046626452287291932 0.0088735078337967357 0.041374240459101687 0.030332356234981737 -0.0029331211801434799 0.014171954086809845 0.010459208258005495 -0.0060290179954231339 -0.058758456682293549 0.0074050226948067744 0.010722946254932045 0.0056032778511161691 -0.0021922699548840262 -0.025956776193971607 -0.0029523561011403697 -0.0005856133606078575 0.0010260097838504577 0.00017883221185516386 -0.032937464364579526 0.009057537656465154 0.02505250035310291 -0.023247993424747752 0.041085599487266977 0.019328442171842444
leaf_weight=28.122178206220269 0.43656893214210868 0.71797994617372551 1.8561217403039338 2.2021514158695936 2.775374966673553 4.128419482614845 1.6517774602398279 9.3551673036999983 1.0955871120095251 64.034458361566067 0.65010955557227135 2.419779489748179 212.59954690840095 1.7081254692748178 99.536433713510633 45.213879579678178 154.92753245634958 71.211442972999066 0.63557736249640584 0.70118138659745455 2.6279181512072682 0.61443402431905159 0.62408774811774381 0.86059337249025691
leaf_count=651 18 29 52 46 125 192 21 174 22 1065 32 104 11672 50 2969 1091 4379 4012 27 27 51 38 16 23
internal_value=0.000357383 0.0101142 0.0151995 0.0197661 0.0117842 0.00020683 0.00116831 0.00486853 -0.0171432 0.00569255 -0.0011054 0.00187389 -0.00221633 -0.00238168 0.000308876 0.00322024 -0.000530173 0.000945617 -0.0107593 -0.016145 0.0157289 -0.00603017 0.0255942 0.0343906
internal_weight=710.706 10.8 9.0478 7.69424 4.97753 699.906 403.937 76.137 2.74736 73.3896 295.969 80.3876 215.582 214.308 327.8 73.3361 254.464 75.3399 1.35356 1.75218 5.0477 1.31562 1.2742 2.71672
internal_count=26886 385 302 246 171 26501 10372 1282 43 1239 16129 4359 11770 11722 9090 1742 7348 4204 56 83 155 65 48 75
is_linear=0
shrinkage=0.03


Tree=175
num_leaves=24
num_cat=0
split_feature=21 24 22 17 11 12 16 12 26 7 21 6 7 1 22 22 22 21 2 22 18 0 18
split_gain=1.10675 1.79837 1.58004 1.55694 1.32665 1.45113 1.01264 1.22418 0.942321 0.805805 0.771231 0.931278 0.771943 2.04615 2.15711 1.91882 0.937404 1.27815 0.814233 0.707961 0.535483 0.515207 0.447261
threshold=0.23102957911156333 2.1819596875958793 0.002743512673022933 -0.32484906374682621 -0.11830013304489383 -0.18080783718245227 0.56326855617015148 -0.086842506831116842 1.8127468205552604 0.7309793814432991 0.24176314998670775 0.18462023984851675 0.18090909090909094 0.15985202186868544 0.0086869024188408386 -0.0094671116711897482 -0.034215578387739691 0.60400634959357535 -0.12014056894566726 -0.0045520574469554891 0.74734042553191504 0.055990819146188427 0.86237373737373757
decision_type=2 10 2 8 8 10 8 8 8 8 2 2 8 2 2 2 2 2 2 2 10 2 8
left_child=1 2 6 21 -3 -6 -1 -8 -7 -5 11 20 13 15 -15 -12 17 -14 -18 -13 -2 -4 -21
right_child=10 4 3 9 5 8 7 -9 -10 -11 12 19 16 14 -16 -17 18 -19 -20 22 -22 -23 -24
leaf_value=0.020696985804323539 -0.044077054767558549 0.029237447997388168 -0.039122715783118329 0.0079095454536500277 -0.021790202931254669 0.007228054945408278 -0.0019969522870551095 -0.025296186476348386 0.027910060074281942 0.032540049082259735 -0.0067570837289624951 0.037880456355228 0.0089207347669004403 0.00016829698229381892 -0.032686599959911002 0.0067645002763584774 -0.0058517116981633465 -0.0011481003465266253 -0.00040816631078117478 0.0057252181094928495 -0.012154996469918061 -1.5382736072782905e-05 -0.028611866965851062
leaf_weight=0.88049801392480453 0.96291925758123331 3.3701245915144682 0.65015845838934161 3.3098460184410206 1.3110795710235859 9.7982072541490162 4.2312911162152886 3.9004608639515936 2.4856804404407749 1.8713048929348586 11.308603458106516 0.38373372890055191 22.3946407972835 4.988347969017922 2.8125641932711005 57.330081896390766 25.970960394013673 22.999686684459448 517.63699143426493 0.85165799967944567 0.929435720667243 0.56810894981026649 0.56985127925872814
leaf_count=24 22 34 21 84 26 157 94 172 35 41 502 6 528 121 70 2424 958 962 20467 28 20 24 31
internal_value=0.000231899 0.00564902 -0.00176917 0.0096301 0.0123879 0.00821104 -0.00986355 -0.0131726 0.0114131 0.0168055 -3.02117e-05 -0.0136934 4.5709e-05 0.00288205 -0.0116773 0.00453674 -0.000322386 0.00381922 -0.000668233 0.00172133 -0.0283984 -0.020886 -0.00803975
internal_weight=701.516 32.3768 15.4117 6.39942 16.9651 13.595 9.01225 8.13175 12.2839 5.18115 669.139 3.6976 665.442 76.4396 7.80091 68.6387 589.002 45.3943 543.608 1.80524 1.89235 1.21827 1.42151
internal_count=26851 712 460 170 252 218 290 266 192 125 26139 107 26032 3117 191 2926 22915 1490 21425 65 42 45 59
is_linear=0
shrinkage=0.03


Tree=176
num_leaves=28
num_cat=0
split_feature=2 10 7 0 24 15 2 11 22 6 15 16 13 13 5 19 3 24 0 16 4 1 7 4 19 3 0
split_gain=1.2832 1.68866 1.67778 1.35173 2.6672 1.30752 2.24668 1.62961 2.08294 1.50276 1.30707 1.24817 1.08638 1.02433 1.31413 1.01953 0.98306 0.982881 0.990827 0.837502 0.821586 2.44977 1.2418 0.821234 0.5954 0.422579 0.302702
threshold=0.018345676064712633 0.67178624026930367 0.030151515151515155 -0.47625772411088918 -4.3346912390311099 0.12717187917669076 -0.057096483950605799 -0.15490536563965482 0.021912748997258879 0.041026719966337055 0.03468323977546111 1.0462542877340317 -0.83302220803205473 0.98050512890088526 0.87314432989690738 21.500000000000004 0.66163265306122454 9.8996460303136136 -0.5916551510869541 0.16247717510898449 0.58881443298969083 -0.35548338293007292 0.7817525773195878 0.63958762886597953 9.5000000000000018 0.096391752577319606 0.41099834187482392
decision_type=2 2 8 2 10 8 2 10 2 2 10 8 8 10 2 10 2 10 2 10 2 2 8 2 8 2 2
left_child=5 2 16 4 -4 6 7 10 -9 15 -1 -11 26 17 24 -8 23 18 -7 -5 21 -14 -22 -2 -15 -19 -3
right_child=1 12 3 19 -6 13 9 8 -10 11 -12 -13 20 14 -16 -17 -18 25 -20 -21 22 -23 -24 -25 -26 -27 -28
leaf_value=-0.0028357554937678488 0.03197112456629847 -0.019709517462932157 0.0095311008430081067 0.0069959879047559719 -0.025484585790114093 -0.024036054808240895 0.033046913052831452 0.0045511597510670982 -0.022955424920100439 -0.0009246280882745908 0.014971985737150787 -0.011596233289968564 -0.060678171129713923 0.02770419345940791 0.027058200607914237 0.0036640741193677937 -0.0068314283436363204 -0.044672715746254664 -0.0022113151294925405 0.0019921975417038005 -0.0030445969144176493 -0.0033231968327112667 0.0069906579247782834 0.0062429815829880206 -0.0010033858107724456 -0.013697088739973363 -0.059889182404647578
leaf_weight=4.5077891526743796 3.5368852391839019 0.33904686477035284 3.5843087108805776 38.578220838215202 4.3144582081586114 1.8839395642280568 1.6945887990295876 15.094940656330438 2.9642310449853531 44.183406230993569 20.949264086782932 12.699164029210804 0.67901707999408145 0.71098499558865935 2.3028520196676245 2.8506793016567826 1.1488844379782674 0.63254707865416904 299.32022385718301 137.05454151285812 24.700537308119237 51.805423504672945 20.151892275549471 1.6317167468369005 7.6075203092768779 1.0616527819074688 0.33596993330866098
leaf_count=68 44 28 54 1289 79 39 20 261 65 785 303 246 17 29 39 42 20 15 14162 4432 1258 2446 736 33 362 41 12
internal_value=-0.000124132 0.00141758 0.00306854 0.0025453 -0.00959514 -0.00118468 0.00171381 0.00692899 3.62311e-05 -0.00198069 0.0118187 -0.00330709 -0.00178032 -0.00215488 0.0070024 0.0146187 0.0182694 -0.00247599 -0.00234782 0.00309129 -0.0015173 -0.00406523 0.00146417 0.0238488 0.00145026 -0.0252622 -0.0397078
internal_weight=706.325 287.861 189.849 183.532 7.89877 418.464 104.944 43.5162 18.0592 61.4278 25.4571 56.8826 98.0119 313.52 10.6214 4.54527 6.31749 302.898 301.204 175.633 97.3369 52.4844 44.8524 5.1686 8.31851 1.6942 0.675017
internal_count=26925 10448 5951 5854 133 16477 1790 697 326 1093 371 1031 4497 14687 430 62 97 14257 14201 5721 4457 2463 1994 77 391 56 40
is_linear=0
shrinkage=0.03


Tree=177
num_leaves=27
num_cat=0
split_feature=12 7 22 19 4 4 8 14 10 11 3 22 8 17 19 16 7 21 22 20 25 20 22 16 26 14
split_gain=1.13298 1.69334 1.10967 1.73744 1.09367 1.4517 1.80474 1.38091 1.02592 1.00106 1.03424 0.985933 0.900101 0.896853 0.964872 0.919335 0.866638 0.846637 2.81554 2.22745 1.61445 1.01911 1.38204 0.829483 0.689464 0.413072
threshold=0.58764191192985615 0.8325257731958764 0.02995970403192022 64.500000000000014 0.32994845360824748 0.65153061224489806 0.96922996002524731 0.11410488245931284 0.9794866400168315 0.49344254677271598 0.98484536082474239 0.018923607316381378 0.85283505154639183 -0.65697243058981913 37.500000000000007 0.16247717510898449 0.8256364401430677 0.3857284166348624 0.0028440800713672673 0.64066242066251455 2.1940906785159267 0.61958624449458022 -0.055812115025002905 0.48483274354643296 0.93138523679208041 0.59763106251752185
decision_type=10 8 2 10 2 2 2 10 2 10 2 2 2 8 8 10 10 2 2 8 8 8 2 10 8 10
left_child=8 2 13 25 7 6 -6 12 17 10 16 -7 -3 14 -2 -15 -10 18 19 -1 -20 24 -23 -9 -19 -4
right_child=1 4 3 -5 5 11 -8 23 9 -11 -12 -13 -14 15 -16 -17 -18 21 20 -21 -22 22 -24 -25 -26 -27
leaf_value=-0.00076302605792758925 -0.025230244137239191 0.013263385932532564 -0.019673942127865104 0.013203489343433178 -0.0020392911640272522 0.013028614851582538 -0.047712334736879886 0.0078778876055831722 -0.0072679824902370706 -0.056376136890748663 -0.04423499687555292 -0.010944397596625913 -0.018841056305879313 0.022989981422025678 -0.0018755543754008547 0.0015388688790580756 0.033121647310091026 -0.0023750260313641232 -0.012005017753544487 -0.019400501990081382 0.0075580684095951749 -0.0274662765597137 0.0034359969184885961 0.023317799178294681 3.527050341397694e-05 -0.049383975226572938
leaf_weight=56.041025275364518 2.1451154653914255 1.4447708409279614 0.6977409273385996 0.9233678146265446 5.1196996448561576 9.635655587539075 0.91830245032906521 4.8795055598020545 10.571796559728675 0.3914670869708069 0.65509349480271417 1.8386045023798931 1.7236340874806044 2.0457146866247156 6.1753227319568396 14.856167182791976 0.50077211670577604 267.81994433794171 4.0573410745710126 6.4339286461472502 59.074875581543893 1.3320775027386833 58.694348981138319 8.7419305164366943 177.66603233106434 1.0625689746811984
leaf_count=1566 79 34 35 31 168 209 17 91 587 12 11 50 30 34 240 552 19 11956 113 198 1436 47 2061 175 7167 38
internal_value=-0.000163741 0.00370227 -0.00178531 -0.0201252 0.00816662 0.00292149 -0.00898557 0.0136374 -0.000537626 -0.00918356 -0.00760828 0.00918724 -0.00420165 0.000166071 -0.00789669 0.0041352 -0.00544131 -0.000371602 0.00183271 -0.00268239 0.0063008 -0.000919318 0.00275023 0.0177869 -0.00141377 -0.0376077
internal_weight=705.447 62.2081 27.906 2.68368 34.3021 17.5123 6.038 16.7898 643.239 12.1191 11.7277 11.4743 3.1684 25.2223 8.32044 16.9019 11.0726 631.12 125.607 62.475 63.1322 505.512 60.0264 13.6214 445.486 1.76031
internal_count=26956 1783 1009 104 774 444 185 330 25173 629 617 259 64 905 319 586 606 24544 3313 1764 1549 21231 2108 266 19123 73
is_linear=0
shrinkage=0.03


Tree=178
num_leaves=27
num_cat=0
split_feature=19 1 5 8 13 12 8 21 24 9 17 19 3 17 0 9 20 5 17 2 10 5 10 17 0 23
split_gain=1.31323 1.92686 2.22122 1.21561 1.71631 1.44436 1.4399 1.20726 1.15316 1.05979 1.24822 1.12026 1.02246 0.900381 1.5936 1.19973 0.815147 0.999859 0.742766 1.31692 1.19102 1.01524 0.786936 1.33845 0.990291 0.490417
threshold=10.500000000000002 -0.13299028347391773 0.9794866400168315 0.917946560067326 0.012220231316691478 0.16523450520009605 0.76144329896907226 0.57931526192534755 -1.0000000180025095e-35 0.82237113402061868 -0.58319579122023157 3.5000000000000004 0.95897328003366311 -2.7936601688345726 0.54003449924107871 0.9384599200504945 0.39984451942602856 0.74358300021039359 -1.0684398409246636 -0.11758983530253586 0.015154639175257735 0.91376288659793825 0.35202540872643967 -0.97416106013740122 -0.021362922725263186 -0.011965094422741041
decision_type=8 2 2 2 10 10 2 2 10 10 8 10 2 8 2 8 8 2 8 2 2 2 2 8 2 2
left_child=1 2 9 6 5 -5 8 -6 -3 10 -1 -11 -8 14 16 -16 25 -18 19 21 -21 -15 23 -20 -24 -2
right_child=13 3 -4 4 7 -7 12 -9 -10 11 -12 -13 -14 18 15 -17 17 -19 22 20 -22 -23 24 -25 -26 -27
leaf_value=-0.016742401640709757 -0.024996422671833732 0.0051051978900557128 -0.026608577707084191 -0.015955312707512978 -0.042540819243371789 0.013215897117065632 0.0087144033358527405 -0.006306174976025123 -0.0029430585748197735 0.0046553985748722607 0.015100754539859824 0.038387476227874341 0.03560341737087358 -0.015503892918351119 -0.039595270324678349 0.0069169393442783398 0.010510087716749009 0.036106070275623896 0.019983606158741261 0.020187687425530978 -0.0034709603127956084 -0.06332075322301299 -0.0073796889088430283 0.00066378320866226307 -0.00084989689443746685 0.0087871495301800901
leaf_weight=1.2786218211986122 0.60386576084420096 30.048466207925223 1.1705718459561456 2.6796640595421177 1.8117473684251311 3.5531222578138113 12.536119757685809 1.5233857091516254 34.325324142817415 1.2417165646329511 8.297501353081314 3.0938026085495949 1.4165513655170787 2.2522882828488942 0.94735806528478894 1.0548338918015359 3.564012513961643 2.2347895354032516 3.2680792501196265 1.9757144358009089 62.370387279428542 0.4858196424320339 22.897142244037241 258.58337964676321 239.99886634154245 1.0754379513673462
leaf_count=38 33 1013 21 84 46 76 434 51 1192 26 188 46 18 109 30 19 157 42 90 27 2732 11 1472 7455 11530 53
internal_value=4.3848e-05 0.00317423 0.0130808 0.00147431 -0.00862017 0.000674308 0.0027074 -0.02599 0.000813715 0.0164204 0.010849 0.0287264 0.0114443 -0.00049224 0.00867994 -0.0150908 0.0150443 0.0203745 -0.000639166 -0.00361161 -0.00274453 -0.023988 -0.000259166 0.000904907 -0.00141861 -0.00336118
internal_weight=704.289 102.977 15.0822 87.8944 9.56792 6.23279 78.3265 3.33513 64.3738 13.9116 9.57612 4.33552 13.9527 601.312 9.4803 2.00219 7.47811 5.7988 591.832 67.0842 64.3461 2.73811 524.747 261.851 262.896 1.6793
internal_count=26993 3233 319 2914 257 160 2657 97 2205 298 226 72 452 23760 334 49 285 199 23426 2879 2759 120 20547 7545 13002 86
is_linear=0
shrinkage=0.03


Tree=179
num_leaves=23
num_cat=0
split_feature=13 10 5 14 20 5 1 0 11 19 11 20 12 7 3 9 24 26 20 0 26 19
split_gain=0.962326 1.47657 1.75476 0.972172 1.0642 0.879683 1.10235 1.02294 0.722639 2.11571 2.06625 2.15663 1.77532 1.93761 1.21625 1.20361 1.05188 0.871601 0.770592 0.75758 1.00891 0.866522
threshold=0.75724994858948758 0.015154639175257735 0.85640648011782039 0.02837022132796781 0.36898740499038635 0.74113402061855682 0.096072267640839218 1.0318088668102758 0.49344254677271598 17.500000000000004 0.4481855032171041 0.36898740499038635 0.70783906956767217 0.87691984010098889 0.30151515151515157 0.6802061855670104 2.3937376115885702 -0.14811753489663387 0.40933591067297331 1.4901272677829591 -0.77427637796642912 162.50000000000003
decision_type=10 2 2 10 10 2 2 2 10 10 10 8 8 10 2 10 8 8 8 2 10 10
left_child=8 -2 5 -4 -5 6 -3 -7 10 16 19 -12 15 -14 -13 -11 17 -10 -18 21 -21 -1
right_child=1 2 3 4 -6 7 -8 -9 9 12 11 14 13 -15 -16 -17 18 -19 -20 20 -22 -23
leaf_value=-0.00081843684353221236 -0.043023603734357048 -0.00052465579777397943 -0.0067622264663124683 0.031668061880759268 0.011288329303468087 -0.015636885902123671 0.014366987219250577 0.01330763103051852 0.015149300080092654 0.013231430073569295 0.009918376872397992 -0.0082639604660773996 -0.019154285832116948 0.0022117588771026274 -0.043127266187428757 -0.0092501314713734888 0.035538853031904585 -0.013293800782892613 0.014120536289309562 -1.1569140287272325e-05 0.027872330884977745 0.016546441507228803
leaf_weight=610.04874076414853 0.59334848634898563 17.734751170035459 1.8470033677294839 3.1246471405029288 8.8024394866079074 5.0098652509041122 5.9831127026118329 1.4076754227280615 2.2652329243719578 8.9642244204878825 1.6458129314705718 1.3846353944391014 7.0763558484613887 8.3010733537375909 2.5761765027418733 2.8166989227756849 2.5237323511391878 1.6953031131997689 3.7704323837533593 2.9204910295084119 1.9460308514535416 2.5973096247762433
leaf_count=24568 12 758 38 51 131 204 134 28 35 178 38 39 183 123 67 57 30 35 54 56 31 84
internal_value=-0.000284944 0.00398508 0.00462031 0.013491 0.0166274 0.00056574 0.00323194 -0.00928796 -0.000572633 0.00347694 -0.000815776 -0.0189458 -0.000906826 -0.00762043 -0.0309396 0.00785632 0.0150868 0.00297426 0.0227085 -0.000651167 0.0111387 -0.000744819
internal_weight=705.035 44.5028 43.9095 13.7741 11.9271 30.1354 23.7179 6.41754 660.532 37.4131 623.119 5.60662 27.1584 15.3774 3.96081 11.7809 10.2547 3.96054 6.29416 617.513 4.86652 612.646
internal_count=26934 1356 1344 220 182 1124 892 232 25578 695 24883 144 541 306 106 235 154 70 84 24739 87 24652
is_linear=0
shrinkage=0.03


Tree=180
num_leaves=26
num_cat=0
split_feature=6 4 19 7 12 14 1 7 9 2 7 19 1 9 15 6 1 2 2 19 14 14 25 9 25
split_gain=1.05017 1.72712 1.30129 1.31149 2.32387 2.02464 1.31697 1.19294 1.24267 1.56072 1.50655 1.05821 1.50696 0.890665 1.39052 1.34514 1.21929 1.02454 0.99627 0.847461 1.32489 0.805771 1.03011 0.753942 0.230101
threshold=0.22111111111111112 0.020513359983168528 10.500000000000002 0.086237113402061874 -0.33284042287396637 0.21089696071163827 0.15985202186868544 0.92820324005891031 0.086237113402061874 -0.09549668576447308 0.8871765200925732 38.500000000000007 0.03070598664052997 0.030770039974752791 0.067798774259448427 0.194876919840101 0.12784925489614946 0.17775375327388582 0.019863277898593091 18.500000000000004 0.025158227848101272 0.07185886402753873 4.7579976489064189 0.70255628024405647 3.9002330112490218
decision_type=2 2 10 8 8 10 2 10 10 2 10 10 2 10 8 2 2 2 2 10 10 8 10 8 10
left_child=1 11 7 4 5 -4 -6 8 9 -2 -10 24 -13 14 16 -16 -3 18 -15 20 -5 -9 -23 -21 -1
right_child=2 13 3 19 6 -7 -8 21 10 -11 -12 12 -14 17 15 -17 -18 -19 -20 23 -22 22 -24 -25 -26
leaf_value=0.020184240154664385 -0.016068765563426367 0.018698984264467217 -0.01445708677854694 -0.041038702952486197 0.002256815183924208 0.027609998345023968 -0.021856177085796513 -0.016014712199652035 -0.00016425587337577291 0.0090475325222850265 -0.023817547726753929 0.018815560428032174 -0.022408829207661626 0.00056258019798070965 -0.0077582042641922335 0.011291377500360768 -0.013204877965423521 -0.030114667896732294 0.0048294139568319586 -0.00010357446925644271 -0.005460130837696045 0.0075601678512993865 0.027435931149642257 -0.0032266606418448348 0.034878550148060836
leaf_weight=2.0946843260899182 2.4596324730664518 4.2742466162890187 1.2635257700458167 0.96742560248821874 21.138301001396037 5.5637847669422626 2.256107121706008 0.93973803147673329 68.148136123549193 23.5102962506935 2.5128653012216082 2.2356223165988927 1.2410977482795713 125.15825536753982 27.436829876620326 3.7978963619098058 1.4417692758142946 0.88453056011348863 81.204456449951977 149.94394599506631 35.829917981754988 8.8549444926902634 3.1930560744367549 129.78295844467357 1.7691303268074987
leaf_count=24 96 57 23 35 859 88 60 23 3068 937 81 28 22 3056 807 132 21 24 1744 8371 1695 159 59 5509 17
internal_value=0.000213085 0.00176947 -0.000644762 -0.00154548 0.00442544 0.0198247 -6.85907e-05 0.00220439 0.00105704 0.00666875 -0.00100542 0.0161074 0.00409954 0.00133847 -0.00295235 -0.00544193 0.0106518 0.0021035 0.00224159 -0.00211558 -0.00639551 0.0107409 0.0128278 -0.00155257 0.0269123
internal_weight=707.903 251.539 456.365 346.746 30.2217 6.82731 23.3944 109.619 96.6309 25.9699 70.661 7.34053 3.47672 244.198 36.9507 31.2347 5.71602 207.247 206.363 316.524 36.7973 12.9877 12.048 279.727 3.86381
internal_count=26995 5932 21063 16640 1030 111 919 4423 4182 1033 3149 91 50 5841 1017 939 78 4824 4800 15610 1730 241 218 13880 41
is_linear=0
shrinkage=0.03


Tree=181
num_leaves=27
num_cat=0
split_feature=2 12 1 14 10 7 1 20 25 7 9 12 20 16 10 22 22 19 12 13 9 4 4 19 9 1
split_gain=0.647513 1.21013 1.77263 1.5289 1.23281 1.1864 1.03258 1.18437 1.72042 1.64598 1.09299 1.00486 0.911265 0.872638 0.85176 1.15319 1.38831 1.10399 1.06042 1.19654 0.861868 0.833397 1.07316 0.969387 0.645156 0.604491
threshold=0.018345676064712633 0.34865793931925698 0.3675260759006565 0.70550527903469096 0.77159793814432998 0.055773195876288664 -0.0019810852118381747 0.5757883055356926 2.9121691349003727 0.54819587628865996 0.21106060606060609 1.5487433799082624 0.47494410634005385 1.2600713872699061 0.36223055295220247 0.026140582540608793 0.045881732836281747 53.500000000000007 -0.079938058944625287 0.30015061175970664 0.91376288659793825 0.80206185567010324 0.67005154639175268 49.500000000000007 0.030770039974752791 0.67989180850183506
decision_type=2 10 2 8 2 8 2 8 8 8 8 10 10 10 2 2 2 10 8 8 10 2 2 10 10 2
left_child=13 2 4 25 5 -2 10 8 -8 -9 24 -12 -6 14 15 17 -17 -1 20 -20 -16 22 23 -15 -3 -4
right_child=1 6 3 -5 12 -7 7 9 -10 -11 11 -13 -14 21 18 16 -18 -19 19 -21 -22 -23 -24 -25 -26 -27
leaf_value=0.0013094089153241856 0.012136283761812349 -0.036328104631213443 0.0242804640012768 -0.013712143012769093 -0.0019012967998306438 0.00019545908829341721 -0.027305118800162748 -0.0097067125875137696 0.00060049348073076792 0.021070816032596664 0.01245100014861854 -0.015291382620552119 -0.010801892907021668 -0.026953286991763775 -0.0074975667438109267 0.0093859443297236878 -0.0025780341033492075 -0.0034429138585262971 0.0010271478076460917 -0.0041120577133728657 -0.0341722510108581 -0.043300005659539599 0.020084184892099333 0.0020560241344589245 -0.0011211604951711271 0.0047254953402802074
leaf_weight=129.35047621512786 7.8621218726038924 0.55238418094814123 5.3165213167667362 1.5572101185098297 32.986069753300399 157.65867653721943 2.1562875946983722 2.228886521421372 25.531585339922458 5.2414316311478615 24.318034447729591 1.2347303749993432 15.087884015403686 2.4432109040208152 15.032876301091166 25.820352183189243 13.187776070553808 66.669997553806752 86.779379127081484 76.909548078663647 1.1753812776878465 0.68416637647896994 0.98710518470033992 1.8009070833213625 3.0823377054184675 1.9425471159629522
leaf_count=3903 176 12 72 29 1697 5725 74 83 786 110 684 30 777 81 843 612 329 2140 4763 3732 28 28 26 53 107 31
internal_value=2.73193e-05 0.00112672 7.84726e-05 0.0132612 -0.000465654 0.00076264 0.00474997 0.00128732 -0.00157275 0.0118879 0.00892095 0.0111105 -0.00469473 -0.000721798 -0.000558686 0.000630491 0.00534119 -0.000306939 -0.0021123 -0.00138752 -0.00943195 -0.012163 -0.00809078 -0.0146438 -0.00647171 0.0190475
internal_weight=707.598 286.757 222.411 8.81628 213.595 165.521 64.3457 35.1582 27.6879 7.47032 29.1875 25.5528 48.074 420.841 414.926 235.029 39.0081 196.02 179.897 163.689 16.2083 5.91539 5.23122 4.24412 3.63472 7.25907
internal_count=26931 10393 8507 132 8375 5901 1886 1053 860 193 833 714 2474 16538 16350 6984 941 6043 9366 8495 871 188 160 134 119 103
is_linear=0
shrinkage=0.03


Tree=182
num_leaves=28
num_cat=0
split_feature=10 21 19 22 11 23 23 8 0 4 15 11 19 19 22 1 15 2 25 15 11 22 14 15 12 23 12
split_gain=1.12502 0.955682 0.885937 1.75076 1.48541 1.65597 1.20024 0.863374 1.65111 1.50427 2.30697 1.30454 1.13775 1.08937 0.860489 1.38209 1.44796 0.750726 0.757142 1.16557 1.07914 0.748165 0.952305 0.676901 0.647969 1.50825 1.00886
threshold=0.41118556701030934 0.61676417885004375 74.500000000000014 0.070253435957887883 -0.14346500741253895 -0.51489115254649898 -1.9694198269009384 0.59896907216494855 0.81233754360691934 0.8461498001262362 0.023122159850307408 -0.051055772732977893 2.5000000000000004 37.500000000000007 0.084659656608782205 -0.13299028347391773 0.17143416927899688 0.01759640659466178 3.4657900376600934 0.22545478865703586 -0.051055772732977893 0.017029579352259142 0.93920916481892103 0.98843892007484635 -0.21761574610026299 0.67687420780396035 -0.16115703637397236
decision_type=2 2 10 2 8 2 2 2 2 2 8 10 8 10 2 2 10 2 8 8 8 2 10 8 8 2 8
left_child=2 7 14 4 5 -4 -6 8 12 10 -9 -11 -2 -10 24 -16 -17 21 20 -20 -19 23 -23 -3 25 -1 -26
right_child=1 17 3 -5 6 -7 -8 9 13 11 -12 -13 -14 -15 15 16 -18 18 19 -21 -22 22 -24 -25 26 -27 -28
leaf_value=0.0066536542854184252 0.013193628620518276 -0.0050517915813597372 0.0029821470685920631 0.027870922363707102 -0.028136487039356679 -0.015061660022372133 0.0017786710200591107 -0.027748956998965027 -0.0083223172746970161 -0.014705824677583589 0.0012009198708535804 0.011446276309380884 -0.0018556458879002637 -0.043755384520314605 -0.040799297659304547 0.016760529531100701 -0.027435241513943318 0.025381685874790404 0.011502376326498611 -0.0011022622186341174 -0.011250591318856603 -0.0083056771088713538 -0.032136060333102089 0.0039482421161057615 -0.005749862332639015 -0.0022364183372548508 0.0018880354628695527
leaf_weight=65.892833228223026 4.7724510068073878 39.856195533648133 6.7511295536533025 1.715406410396098 1.2496577235870052 14.218515286222098 35.404301619157195 2.5545746590942136 1.896776836831122 1.8794627971947218 81.97553780162707 19.818666993640363 85.899590876419097 1.3274124562740324 1.0840650866739454 1.6725847525522106 1.109894319437444 0.78552239341661334 7.6219706246629348 49.372972999699414 9.2045876281335914 15.80749097466469 1.6685382337309409 9.2704416620545071 16.845168842002749 23.230465771630406 204.6632032780908
leaf_count=1481 135 2707 170 35 54 411 1188 43 47 89 3163 459 3808 42 33 29 41 41 149 2983 543 1090 85 567 562 580 6362
internal_value=0.00023663 -0.0010295 0.00136686 -0.00199531 -0.00288441 -0.0092525 0.000758762 0.000282174 -0.00181371 0.00213474 0.000326029 0.00918102 -0.00106354 -0.0229103 0.00200123 -0.012064 -0.000868582 -0.00299448 -0.000751964 0.000583364 -0.0083702 -0.00524987 -0.0105809 -0.00335344 0.0021763 0.00433641 0.00130719
internal_weight=707.549 333.712 373.837 59.339 57.6236 20.9696 36.654 200.124 93.8962 106.228 84.5301 21.6981 90.672 3.22419 314.498 3.86654 2.78248 133.588 66.9851 56.9949 9.99011 66.6027 17.476 49.1266 310.632 89.1233 221.508
internal_count=26897 15951 10946 1858 1823 581 1242 7786 4032 3754 3206 548 3943 89 9088 103 70 8165 3716 3132 584 4449 1175 3274 8985 2061 6924
is_linear=0
shrinkage=0.03


Tree=183
num_leaves=21
num_cat=0
split_feature=2 21 26 1 7 21 10 2 8 6 7 4 24 24 4 25 10 1 24 16
split_gain=0.77524 1.27676 1.28466 0.932272 0.919617 0.872814 1.91586 0.831828 1.87724 1.09759 1.00668 0.938607 1.41495 1.44747 1.04632 1.6804 1.03752 0.903614 0.768726 0.709
threshold=0.034522767940101527 0.10664642108752094 -0.65532754006832195 -0.61288218560038465 0.045618556701030939 0.26112148090486503 0.80512308015989908 0.036951386147547678 0.080404040404040422 0.69229960025247228 0.64142857142857157 0.041026719966337055 2.4274340928881704 -0.28304717423150044 0.10654639175257734 2.5454370068666594 0.56061224489795924 -0.045955053277108832 7.6188985503716742 0.20360531332261764
decision_type=2 2 10 2 10 2 2 2 2 2 10 2 10 10 2 8 2 2 10 8
left_child=1 2 -1 -3 -4 6 -5 8 -2 17 -11 12 13 -9 15 -13 -14 -10 -16 -7
right_child=7 3 4 5 -6 19 -8 11 9 10 -12 14 16 -15 18 -17 -18 -19 -20 -21
leaf_value=-0.042703456805661844 -0.035034785585718042 0.016390206471634253 -0.025606310425732911 0.0065953321372736176 0.013161536330249166 -0.0088489481674418544 -0.026428821982346456 0.0073546587751445718 -0.0034209551354184528 0.010359749241411748 -0.036168359450967434 -0.032184088653628345 0.025711214796339754 -0.019628810571144666 0.0012677277497738411 -0.0033222885598766169 -5.0389797707773644e-05 0.026430769301441871 -0.013165542114990851 -0.0010362580329799824
leaf_weight=1.2953733373433354 0.74982118979096224 2.8192937383428207 1.0400219298899167 24.220723902806643 1.1704271575435994 10.711952446959911 1.691449281759559 6.6629305863752952 1.1215956429950882 1.2296539731323717 0.63443096773698915 2.0179616846144226 4.8188750240951768 2.4460086105391374 176.68396192369983 18.10024742083624 1.9872297467663882 4.8979308013804266 3.3847409430891267 434.33302713977173
leaf_count=38 21 39 20 563 20 245 59 137 43 54 31 49 58 71 6865 483 40 157 128 17768
internal_value=-0.000259093 -0.000943183 -0.0189808 -0.000809709 -0.00507883 -0.000912673 0.00443964 0.00119375 0.0103252 0.0146394 -0.00547583 0.000828938 0.00784103 0.000108832 0.00027147 -0.00621728 0.0181894 0.0208686 0.000996426 -0.0012243
internal_weight=702.018 477.282 3.50582 473.776 2.21045 470.957 25.9122 224.735 8.63343 7.88361 1.86408 216.102 15.915 9.10894 200.187 20.1182 6.8061 6.01953 180.069 445.045
internal_count=26889 18752 78 18674 40 18635 622 8137 306 285 85 7831 306 208 7525 532 98 200 6993 18013
is_linear=0
shrinkage=0.03


Tree=184
num_leaves=20
num_cat=0
split_feature=17 4 26 26 7 10 10 9 8 2 15 22 15 15 26 22 13 23 2
split_gain=0.746249 1.19851 0.923339 1.73814 1.25224 1.22835 1.20556 1.7839 1.29777 0.666813 1.41968 0.97325 1.13795 1.1157 0.897353 0.85238 1.40691 1.01127 0.248929
threshold=0.059692853854987508 0.010256679991584264 -1.1520342430259436 -0.37522840402118657 0.35202540872643967 0.020513359983168528 0.070353535353535376 0.8256364401430677 0.96453608247422695 0.040035114866969514 0.011428944618599793 -0.052180138916823181 0.03468323977546111 0.49130613362541081 -3.5227533237621045 0.0048457235291961978 -1.1615736589552075 -2.1232961539463209 0.005237427112417572
decision_type=10 2 10 10 8 2 2 10 2 2 8 2 8 10 8 2 10 2 2
left_child=9 -2 6 5 -5 -4 7 -3 -8 14 -11 12 -12 -13 18 16 -16 -17 -1
right_child=1 2 3 4 -6 -7 8 -9 -10 10 11 13 -14 -15 15 17 -18 -19 -20
leaf_value=-0.019536642131149015 0.023020891494544574 0.017561467060828315 -0.023982293063405116 0.0068278415641419817 -0.00054239523006659033 -0.0043642899817772128 0.00026311789435313907 -0.0028477165916081688 0.014942857361774925 -0.054721067896395727 -0.066128184494791548 0.0031372446344073578 -0.0084940823094183503 -0.0028930509150462405 -0.0065366217387786201 0.013989692472396065 -0.00092381364847638381 -0.000678639180436846 -0.054398487497551516
leaf_weight=0.42294501513242722 2.173389363102614 10.829773460514845 3.0811239099130026 27.447322023101151 84.996941004879773 42.414275039453059 69.288357312325388 5.9843512158840886 5.8799908831715575 0.41652953624725242 0.33074727281927963 88.238294105511159 4.5478129694238305 40.189640656113625 71.410196623764932 4.3540372718125573 91.941695669665933 148.58840481145307 0.326752626337111
leaf_count=30 29 166 51 933 2957 1563 2813 94 106 8 6 2691 155 2147 2739 169 4459 5901 14
internal_value=-0.000467866 0.000839272 0.000646374 -0.0007452 0.00125666 -0.0056929 0.00303579 0.0102976 0.00141143 -0.00119889 0.000577763 0.00075055 -0.0124014 0.00125015 -0.00194825 -0.00187055 -0.00337748 -0.000261054 -0.034731
internal_weight=702.863 252.096 249.922 157.94 112.444 45.4954 91.9825 16.8141 75.1683 450.767 133.723 133.306 4.87856 128.428 317.044 316.294 163.352 152.942 0.749698
internal_count=27031 8712 8683 5504 3890 1614 3179 260 2919 18319 5007 4999 161 4838 13312 13268 7198 6070 44
is_linear=0
shrinkage=0.03


Tree=185
num_leaves=26
num_cat=0
split_feature=17 4 25 25 26 2 24 7 21 24 21 0 21 12 8 0 12 3 8 4 15 19 2 18 8
split_gain=0.96306 1.42546 1.36819 1.34654 1.25924 1.13029 2.19283 1.96596 1.42481 1.11631 1.26692 1.08091 1.52854 1.1717 1.079 1.03619 1.60339 1.42695 1.02999 0.994718 1.16947 0.9649 0.934762 0.791191 0.813847
threshold=-0.14590059962939425 0.020101010101010106 2.5118485894396936 4.0209761735338878 -2.0769999718129868 -0.11072953550959093 0.34735703604171758 0.80512308015989908 0.2056769950981612 7.3698247422530336 0.45895799138988425 0.18155211395508578 0.55009236745377754 0.025630092347716408 0.23855670103092785 -0.34135245660347929 -0.61196092946079805 0.076082474226804128 0.98974332000841592 0.096391752577319606 0.15819713993871301 45.500000000000007 0.08275478764281384 0.44562647754137119 0.18462023984851675
decision_type=10 2 10 8 8 2 8 10 2 10 2 2 2 8 2 2 8 2 2 2 8 8 2 10 2
left_child=3 2 -2 5 19 6 7 -1 -8 11 -11 12 -3 -13 -12 17 -17 -6 22 -5 -21 -20 -7 24 -4
right_child=1 9 23 4 15 18 8 -9 -10 10 14 13 -14 -15 -16 16 -18 -19 21 20 -22 -23 -24 -25 -26
leaf_value=-0.017781788541564199 -0.0092739142040995075 -0.0037787973677356986 -0.0051679304262421634 0.015446027043132931 0.019960483970974233 -0.0020470646237608051 0.012828719093333496 0.032778641395407801 -0.041830479583442631 -0.035846892351346513 -0.045724394433200297 0.010057465981240811 0.001860586957812195 0.0017120559284491111 0.0054454776769809346 -0.028138008096833839 -0.00029440308457249776 0.0016415891672704689 -0.0068203241886245483 -0.050373102562162646 -0.012408099036397408 -0.047941743485137307 -0.011464516841158727 0.034608146056542048 0.021311167643104808
leaf_weight=1.7301070983521634 1.952930299565194 79.592176797799766 1.5763225220143793 0.89163130708038796 5.3105083974078324 92.301571205724031 0.50754776690155301 1.1536805359646676 2.7809954308904707 1.5908693820238102 0.43831033818423781 18.100602235179394 94.754287313204259 92.613740749191493 2.4108617454767227 1.874488187022507 265.82818881375715 13.698752611875532 1.2138154944404949 0.87979717087000597 4.2957074041478336 0.89019011147320304 10.572386786807327 2.083824927918613 3.097384181804955
leaf_count=71 36 2439 27 18 70 3664 11 19 119 34 10 437 3998 3149 101 40 11572 287 29 24 278 26 423 21 47
internal_value=-0.000407572 0.000885512 0.012843 -0.00136222 -0.000294982 -0.00417343 -0.0166497 0.00244528 -0.0333945 0.000525736 -0.014401 0.000758231 -0.00071389 0.00307644 -0.00242638 -8.77871e-06 -0.000489368 0.00675923 -0.00343987 -0.01382 -0.0188619 -0.0242185 -0.0030149 0.0192348 0.0123804
internal_weight=702.141 298.211 8.71046 403.929 292.779 111.15 6.17233 2.88379 3.28854 289.501 4.44004 285.061 174.346 110.714 2.84917 286.712 267.703 19.0093 104.978 6.06714 5.1755 2.10401 102.874 6.75753 4.67371
internal_count=26950 10299 131 16651 12289 4362 220 90 130 10168 145 10023 6437 3586 111 11969 11612 357 4142 320 302 55 4087 95 74
is_linear=0
shrinkage=0.03


Tree=186
num_leaves=32
num_cat=0
split_feature=8 22 25 12 4 17 22 22 5 25 4 26 9 19 26 23 10 5 0 26 4 23 18 7 13 14 4 17 19 7 4
split_gain=0.899306 1.6841 1.47616 1.46538 1.40037 1.24833 1.97564 1.43249 1.22975 1.03462 1.56624 2.33322 1.49164 2.10129 1.30695 1.24945 1.003 1.91751 0.994974 1.52074 1.36142 1.32077 1.12082 0.935773 0.899741 0.784366 0.708657 0.674891 0.626502 0.532747 0.529938
threshold=0.85283505154639183 -0.021560615381049985 5.8935904178032912 0.82093998977895355 0.78460972017673059 1.0000000180025095e-35 0.010517296605781682 -0.0043368946687643468 0.96453608247422695 3.8560449407633874 0.041026719966337055 1.7655301599902093 0.9794866400168315 53.500000000000007 1.7655301599902093 -0.75893789336067619 0.3401030927835052 0.76409636019356209 -0.059658538657594622 -1.4755592561707054 0.076082474226804128 -2.4863444912086892 0.20991432068543456 0.090454545454545468 -2.0659631629501622 0.41565737633153371 0.54819587628865996 2.2238561142959976 66.500000000000014 0.3401030927835052 0.578659793814433
decision_type=2 2 10 10 2 10 2 2 2 10 2 8 10 10 10 2 2 2 2 10 2 2 10 8 8 10 2 8 8 8 2
left_child=9 4 5 8 16 7 -7 -3 -4 18 11 23 15 -14 -13 -12 29 -18 19 22 -21 30 -1 -11 -23 28 -5 -27 -6 -2 -20
right_child=1 2 3 26 25 6 -8 -9 -10 10 12 14 13 -15 -16 -17 17 -19 21 20 -22 24 -24 -25 -26 27 -28 -29 -30 -31 -32
leaf_value=0.0059490672973537551 0.0085547274852412879 -0.0085388332501549116 -0.0065179516431813651 -0.017236495994430421 -0.0052784878431711207 0.012775313815512536 -0.0030077612373684221 0.0023967974861631683 0.017188066338982146 0.037332270804877811 0.0034314918483142739 0.0025677570515315671 -0.0031606271833139964 -0.036326046246907551 -0.049588155571445754 -0.00078707489034732204 0.016990111257082927 -0.023100518441847309 -0.046045547370435556 -0.016448225014615535 -0.0019634478559385328 0.027855408976578452 -0.0021222404050057942 0.0098350921084614188 -0.0037411692252449402 -0.0061653788277331711 -0.053612211145920227 0.028552415113917023 -0.039484308190272571 0.030803353419403705 -0.0026852234339040395
leaf_weight=41.493456060998142 1.2460564039647595 13.47854312462732 16.010596057865776 1.3788160374388092 1.7523883758112777 21.026711113750938 10.806192931253461 53.860421399120241 2.2456671874970189 1.1870571970939661 88.251363300718367 0.82395580969751125 6.3036813056096417 2.3641385552473366 0.90994537435472012 222.48669652268291 5.0539737427607179 1.3633793378248809 0.92822162434458622 6.9644395629875353 36.170707955956459 0.81655636616051197 24.702548894565552 18.067882045637816 121.61196338059381 1.0403704158961771 0.74107625242322672 0.97732729930430684 0.66470266133546863 4.3505360712297261 0.34907899051904678
leaf_count=1017 21 497 761 34 52 521 307 1557 28 13 3858 27 124 72 26 9883 175 42 49 141 1045 13 630 349 5503 24 23 16 20 68 24
internal_value=5.60716e-05 0.00224937 0.00101104 -0.00634341 0.0112494 0.00252211 0.00741749 0.000207926 -0.00360192 -0.000464097 0.00059027 0.00852872 6.86172e-05 -0.0122065 -0.0248035 0.000411022 0.0165677 0.00847278 -0.0020042 8.09527e-05 -0.00430211 -0.00384706 0.00293707 0.0115303 -0.00353043 -0.00315787 -0.0299528 0.0106511 -0.0146851 0.0258498 -0.0341954
internal_weight=709.428 135.997 119.548 20.3762 16.4487 99.1719 31.8329 67.339 18.2563 573.432 340.395 20.9888 319.406 8.66782 1.7339 310.738 12.0139 6.41735 233.037 109.331 43.1351 123.706 66.196 19.2549 122.429 4.43479 2.11989 2.0177 2.41709 5.59659 1.2773
internal_count=26920 4146 3728 846 418 2882 828 2054 789 22774 14352 415 13937 196 53 13741 306 217 8422 2833 1186 5589 1647 362 5516 112 57 40 72 89 73
is_linear=0
shrinkage=0.03


Tree=187
num_leaves=27
num_cat=0
split_feature=11 19 20 9 23 22 8 19 26 23 20 25 20 19 10 15 12 6 23 12 8 9 13 8 20 21
split_gain=0.975437 1.91842 1.63487 2.57052 1.22487 1.19982 1.18427 1.22587 1.13064 0.938609 0.934629 0.852555 1.07156 1.58224 1.3257 1.19009 1.24659 0.861093 1.37355 1.78412 1.42743 0.993735 1.41442 1.10822 0.849509 0.636228
threshold=-0.40327019302199568 67.500000000000014 0.28172926383478752 0.45407685098406753 -0.34080485973953817 0.01596852594830191 0.52788659793814452 80.500000000000014 -0.9722914840338629 -0.078943359275636421 0.56449036268244013 2.3291010005283135 0.55807236492819035 8.5000000000000018 0.051283399957921319 0.011428944618599793 0.12620979640280708 0.22111111111111112 -0.79593664246796114 -0.58161493361029404 0.93407216494845369 0.87314432989690738 0.58990034228279942 0.95438144329896912 0.47058284067300932 0.26112148090486503
decision_type=8 8 10 8 2 2 2 8 10 2 10 8 8 8 2 10 8 2 2 8 2 8 10 2 10 2
left_child=1 2 3 -1 10 6 8 -8 -3 -6 -4 12 13 25 -15 -14 -17 18 20 -20 -13 23 -23 -19 -7 -2
right_child=11 5 4 -5 9 24 7 -9 -10 -11 -12 17 15 14 -16 16 -18 21 19 -21 -22 22 -24 -25 -26 -27
leaf_value=0.024092386479089793 0.046281086785663277 0.022217097698898819 -0.0039558866490085887 -0.045670356654381003 0.029932750978388805 -0.040636704168947824 -0.04255112789353923 0.0041037286549866873 -0.0072240409250491355 0.011343236175785839 0.015420548133254539 0.0071530521064917018 -0.043058388756633453 0.0090090962019973089 -0.0075065334646345662 -0.0210063813814311 0.0032123768089761008 -0.0021711553418884851 -0.028162237994065909 0.00064308315064850476 -0.0067011197234591495 0.00054970486280602891 0.011183095382401609 0.0053908989933106645 -0.0074747803995989792 0.011657433511857534
leaf_weight=0.78059707395732281 0.56919916532933923 2.4039091281592846 7.9465165724977798 1.2156179277226329 2.8224149206653228 1.3739926414564254 1.029953916557133 0.99801230616867576 2.2945116804912669 18.256797300651677 3.1201342381536961 55.725104918703437 1.0781968999654035 5.5040800366550711 21.307745578698814 3.9900024188682437 3.6741208885796368 245.70544128678739 1.9578236406669018 167.28215360222384 7.6069035436958066 115.97177867591381 12.4688567915 18.774406599346548 1.4073439519852398 2.969728413503617
leaf_count=13 7 38 153 37 40 34 23 20 50 280 38 1379 32 88 934 136 135 13762 38 4013 124 4495 345 610 21 100
internal_value=0.0002901 0.00463437 0.00795327 -0.0183904 0.00958918 -0.00728376 -0.000430824 -0.0195911 0.00783928 0.0138323 0.00150711 4.7701e-06 -0.00429325 -0.00162757 -0.00411611 -0.0135477 -0.0093961 0.000273395 0.0017202 0.000309854 0.00548901 -0.000582976 0.00158198 -0.00163435 -0.0238569 0.0172263
internal_weight=708.235 43.6498 34.1421 1.99622 32.1459 9.50772 6.72639 2.02797 4.69842 21.0792 11.0667 664.586 39.0931 30.3508 26.8118 8.74232 7.66412 625.492 232.572 169.24 63.332 392.92 128.441 264.48 2.78134 3.53893
internal_count=26945 747 561 50 511 186 131 43 88 320 191 26198 1432 1129 1022 303 271 24766 5554 4051 1503 19212 4840 14372 55 107
is_linear=0
shrinkage=0.03


Tree=188
num_leaves=29
num_cat=0
split_feature=12 0 18 18 20 20 8 26 25 20 8 5 16 9 5 10 3 3 15 5 26 22 11 9 22 4 20 9
split_gain=1.00831 1.59865 1.46108 2.50647 1.55145 1.32461 1.31994 1.0656 1.21685 1.01026 0.919322 0.818362 2.93029 1.59179 1.95673 1.73521 1.29116 1.26612 1.21468 2.35986 1.16991 1.23621 1.08925 1.03942 0.848835 0.848125 0.494048 0.414859
threshold=0.041191222839433779 0.093855828722441484 0.20991432068543456 0.22967032967032971 0.36640208115475631 0.66741181654865878 0.32161616161616169 2.2513349059948942 2.8774209749486799 0.61958624449458022 0.9794866400168315 0.9076898800757417 0.54184776971137472 0.11055555555555556 0.99500000000000011 0.47448713943559312 0.97469072164948456 0.87314432989690738 0.080927559476075925 0.80512308015989908 0.99068721908336987 -0.020827287967921677 0.84934748251490799 0.92820324005891031 -0.01361852345881334 0.83589312013465189 0.47352779388755811 0.29146464646464648
decision_type=8 2 8 8 10 10 2 10 10 10 2 2 10 8 2 2 2 2 8 2 10 2 10 10 2 2 10 10
left_child=1 2 7 4 -4 9 -5 8 -1 10 -3 17 13 15 -15 -13 22 18 19 -2 21 -19 -14 -18 -22 -20 -9 -11
right_child=11 5 3 6 -6 -7 -8 26 -10 27 -12 12 16 14 -16 -17 23 20 25 -21 24 -23 -24 -25 -26 -27 -28 -29
leaf_value=0.010894791780905454 -0.0021179586167399712 0.0045294339394655733 -0.00015460849893076954 0.0019817925412402475 -0.046303596821788771 -0.031244028205298379 -0.003456071761214066 0.010078393520086425 0.0004347468773627351 0.041164669551465735 0.017682462604509799 0.00057761208692550068 -0.0013840264653170555 0.010881739210023562 -0.0069316144444412668 -0.03894298745371326 -0.029627437496916386 0.01494231934431884 -0.0025249363354625767 -0.023549023418807775 -0.010307928169916505 -0.00095138125889924693 -0.028112092396996007 0.0020901015577617613 0.013999593774773009 0.0017207904036372953 0.042853763377102262 0.015637752688857493
leaf_weight=15.916394198313354 13.937453071121128 41.04595655342564 1.0478862347081297 91.779701595194638 1.7514264993369577 0.82735959952697058 71.447208106517792 0.73102702945470699 26.970956233330071 0.97506192186847274 5.4132760595530263 4.2656603474169961 27.957063090521846 38.490160599816591 6.4848990673199287 1.3060099873691795 3.0908269435167304 4.8421768615953615 223.3028847319074 6.920319919474422 1.4791896007955063 48.714661946985871 1.4430950004607428 1.3300561616197226 10.269612964708356 52.25332114007324 0.95420941989868879 1.3895489899441598
leaf_count=295 296 1399 31 2737 52 29 3145 26 966 21 78 66 552 701 110 33 70 122 12018 132 36 1481 29 19 217 2295 18 33
internal_value=7.12393e-05 0.00155522 0.000413548 -0.000881172 -0.0290283 0.00639768 -0.000398454 0.00523619 0.00431669 0.00703555 0.00606198 -0.000794522 0.00186609 0.00643945 0.00831325 -0.00868609 -0.00496895 -0.00141509 -0.00224819 -0.00922849 0.00236626 0.000485599 -0.00269596 -0.020085 0.0109392 -0.00171983 0.0286364 0.0261639
internal_weight=706.337 260.25 210.599 166.026 2.79931 49.6512 163.227 44.5726 42.8874 48.8238 46.4592 446.087 84.3678 50.5467 44.9751 5.57167 33.821 361.72 296.414 20.8578 65.3056 53.5568 29.4002 4.42088 11.7488 275.556 1.68524 2.36461
internal_count=27007 8830 7270 5965 83 1560 5882 1305 1261 1531 1477 18177 1580 910 811 99 670 16597 14741 428 1856 1603 581 89 253 14313 44 54
is_linear=0
shrinkage=0.03


end of trees

feature_importances:
beta_mkt_interact=311
upside_beta_42=283
near_52w_ratio_252_raw=238
filing_clock_expected_until=227
market_corr=226
downside_beta_42=221
size_mom_126=220
short_flow_ratio=195
smart_beta_mom_126=190
gdelt_tone_x_attention_21=183
obv_mom_soft_126_21_20=179
smart_beta_hml_252=179
raw_momentum_252_5=171
log_mcap=166
smart_beta_smb_84=165
gdelt_abnormal_attention_5_60=162
val_mom_resid_126_252_10=158
smart_residual_mom_189_42=157
rel_downside_beta_252=153
val_roc_pb_252=151
rel_upside_beta_63=149
gdelt_attention_5=145
abnormal_volume=144
val_roc_pe_252=129
val_mom_dist_252_21=116
earnings_yield=107
gross_profitability=101

parameters:
[boosting: gbdt]
[objective: lambdarank]
[metric: ndcg]
[tree_learner: serial]
[device_type: cpu]
[data_sample_strategy: bagging]
[data: ]
[valid: ]
[num_iterations: 2000]
[learning_rate: 0.03]
[num_leaves: 63]
[num_threads: 0]
[seed: 42]
[deterministic: 0]
[force_col_wise: 0]
[force_row_wise: 0]
[histogram_pool_size: -1]
[max_depth: 5]
[min_data_in_leaf: 20]
[min_sum_hessian_in_leaf: 0.001]
[bagging_fraction: 0.762762]
[pos_bagging_fraction: 1]
[neg_bagging_fraction: 1]
[bagging_freq: 1]
[bagging_seed: 400]
[bagging_by_query: 0]
[feature_fraction: 0.73016]
[feature_fraction_bynode: 1]
[feature_fraction_seed: 30056]
[extra_trees: 0]
[extra_seed: 12879]
[early_stopping_round: 0]
[early_stopping_min_delta: 0]
[first_metric_only: 0]
[max_delta_step: 0]
[lambda_l1: 0]
[lambda_l2: 0]
[linear_lambda: 0]
[min_gain_to_split: 0]
[drop_rate: 0.1]
[max_drop: 50]
[skip_drop: 0.5]
[xgboost_dart_mode: 0]
[uniform_drop: 0]
[drop_seed: 17869]
[top_rate: 0.2]
[other_rate: 0.1]
[min_data_per_group: 100]
[max_cat_threshold: 32]
[cat_l2: 10]
[cat_smooth: 10]
[max_cat_to_onehot: 4]
[top_k: 20]
[monotone_constraints: ]
[monotone_constraints_method: basic]
[monotone_penalty: 0]
[feature_contri: ]
[forcedsplits_filename: ]
[refit_decay_rate: 0.9]
[cegb_tradeoff: 1]
[cegb_penalty_split: 0]
[cegb_penalty_feature_lazy: ]
[cegb_penalty_feature_coupled: ]
[path_smooth: 0]
[interaction_constraints: ]
[verbosity: -1]
[saved_feature_importance_type: 0]
[use_quantized_grad: 0]
[num_grad_quant_bins: 4]
[quant_train_renew_leaf: 0]
[stochastic_rounding: 1]
[linear_tree: 0]
[max_bin: 255]
[max_bin_by_feature: ]
[min_data_in_bin: 3]
[bin_construct_sample_cnt: 200000]
[data_random_seed: 175]
[is_enable_sparse: 1]
[enable_bundle: 1]
[use_missing: 1]
[zero_as_missing: 0]
[feature_pre_filter: 1]
[pre_partition: 0]
[two_round: 0]
[header: 0]
[label_column: ]
[weight_column: ]
[group_column: ]
[ignore_column: ]
[categorical_feature: ]
[forcedbins_filename: ]
[precise_float_parser: 0]
[parser_config_file: ]
[objective_seed: 16083]
[num_class: 1]
[is_unbalance: 0]
[scale_pos_weight: 1]
[sigmoid: 1]
[boost_from_average: 1]
[reg_sqrt: 0]
[alpha: 0.9]
[fair_c: 1]
[poisson_max_delta_step: 0.7]
[tweedie_variance_power: 1.5]
[lambdarank_truncation_level: 30]
[lambdarank_norm: 1]
[label_gain: ]
[lambdarank_position_bias_regularization: 0]
[eval_at: 5]
[multi_error_top_k: 1]
[auc_mu_weights: ]
[num_machines: 1]
[local_listen_port: 12400]
[time_out: 120]
[machine_list_filename: ]
[machines: ]
[gpu_platform_id: -1]
[gpu_device_id: -1]
[gpu_use_dp: 0]
[num_gpu: 1]

end of parameters

pandas_categorical:[]
